objectID,clip_scores_score_set_1_masterpiece,clip_scores_score_set_2_quality,clip_scores_score_set_3_influence,clip_scores_mean_value_score,openclip_l14_scores_score_set_1_masterpiece,openclip_l14_scores_score_set_2_quality,openclip_l14_scores_score_set_3_influence,openclip_l14_scores_mean_value_score,openclip_scores_score_set_1_masterpiece,openclip_scores_score_set_2_quality,openclip_scores_score_set_3_influence,openclip_scores_mean_value_score,siglip_scores_score_set_1_masterpiece,siglip_scores_score_set_2_quality,siglip_scores_score_set_3_influence,siglip_scores_mean_value_score,z_clip_scores_mean_value_score,z_openclip_l14_scores_mean_value_score,z_openclip_scores_mean_value_score,z_siglip_scores_mean_value_score,cross_model_mean_raw,cross_model_mean,cross_model_sd,prompt_sd,model_rank_disagreement,risk_score,title,department,classification,culture,medium,artistDisplayName,inferred_gender,century,medium_category
324383,-0.0029767577070742,0.0263422466814517,-0.5157932639122009,-0.1171557380002923,-0.000325289205648,0.0001938843925017,-0.9932935833930968,-0.2497451398157864,-2.729487050601165e-06,0.0006645201938226,-0.0763953104615211,-0.0256088500934197,5.942483901977539,-10.331350326538086,-10.043888092041016,-4.604694366455078,-0.34891337627262065,-1.0064619892336335,0.44945093164517713,-3.033606710657377,-1.2493010235911441,-0.9848827861296136,1.4899111478159306,4.50121773560825,0.34863281345084696,6.339761696875028,Plaque fragment,Ancient West Asian Art,,Assyrian,Ivory,,unknown,8th c. BCE,other
10956,-0.024792157113552,0.0109252706170082,-0.0151653923094272,0.0150631135329604,0.0131633719429373,0.4236063361167907,0.0083319153636693,0.2271864723879844,0.0139937344938516,-0.0454544946551322,-0.0022604714613407,-0.0187642985838465,6.633293151855469,-10.103139877319336,-2.292215347290039,-3.3012123107910156,1.3207114692048425,1.5850286312959418,0.5231153149540114,-1.896094448309632,-0.7694317558634793,0.38319024178629096,1.5851476577873536,3.6816424673382393,0.4220149532860624,5.688805078411655,Gilbert Stuart,The American Wing,,American,Watercolor on ivory,Sarah Goodridge,female,19th c. CE,drawing_paper
477499,-0.0063912621699273,0.0433818027377128,-0.2175742387771606,-0.0355510296067222,-0.0309874732047319,0.0832748785614967,0.0063533764332532,-0.1485755136236548,-0.0003238639328628,0.4519720077514648,-0.0011723688803613,0.101237146242056,6.429620742797852,-9.792625427246094,-0.2132644653320312,-3.631920337677002,0.6815693957516212,-0.4567392813008766,1.814629071100822,-2.1846940759032694,-0.9287024336663308,-0.036308722587925724,1.7062279243930332,3.524763198361681,0.39565880587997776,5.626649928634692,Jaharis Byzantine Lectionary,Medieval Art,Manuscripts and Illuminations,Byzantine,"Tempera, gold, and ink on parchment; leather binding",,unknown,11th c. CE,painting
314524,-0.0001813917624531,0.0006140384357422,-0.7620301246643066,-0.1902672093820001,-0.0084951389580965,0.0035719145089387,-0.9711198210716248,-0.2435468194307759,-4.097268538316712e-05,0.0031264289282262,-0.1607090830802917,-0.0544353492059599,10.815231323242188,-4.001668930053711,0.877899169921875,0.8103370666503906,-1.2721457874815008,-0.9727823405591206,0.1392061658474625,1.6919394749538212,0.08052192215791369,-0.10344562180983441,1.3421244283524385,3.470699656852954,0.39793844458798,5.210762529793372,Cylindrical Vessel,The Michael C. Rockefeller Wing,Ceramics-Containers,Maya,Ceramic,,unknown,1th c. CE,other
24318,-0.0003942385956179,0.0017789318226277,-0.6567184329032898,-0.1635654630299541,-0.0003532013797666,0.0008111515198834,-0.9714632630348206,-0.2490564942781929,0.0019841543398797,0.1575505882501602,-0.0348191671073436,0.0032428078120574,10.09934425354004,-1.632671356201172,-2.1297454833984375,1.2497611045837402,-0.9349631648068439,-1.0027201142857831,0.7599664685757993,2.075412518826984,0.21009548877191264,0.2244239270775391,1.4790791625898687,3.1428259069138296,0.4682590167356072,5.090164086239306,Sacrificial Knife,Arms and Armor,Knives,"Indian, Bengal (?) or Nepalese","Steel, brass, wood",,unknown,19th c. CE,other
322611,-0.0445480719208717,0.1826030015945434,-0.0198835488408803,0.0643779640085995,0.0049836565740406,0.4272357225418091,-0.0002152966335415,0.1831049368483945,-4.044879460707307e-06,0.0020733461715281,-0.0006013113888911,-0.213738191370794,6.92071533203125,-7.014496803283691,-1.000223159790039,-1.5629656314849854,1.9434464169851562,1.3455039636784383,-1.5752882916789166,-0.3791752823695005,-0.38230523049969634,0.3336217016537944,1.6090844425086384,2.989279073282996,0.4263799443224582,5.024743460114093,Relief panel,Ancient West Asian Art,,Assyrian,Gypsum alabaster,,unknown,9th c. BCE,other
310221,-0.0009110250975936,0.0046003232710063,-0.7539664506912231,-0.1864855429739691,-1.4265257050283251e-05,1.565348384247045e-06,-0.999866545200348,-0.2499893078514219,-5.434815102489665e-05,0.0001985449052881,-0.1082644313573837,-0.0324476002515439,10.02284812927246,-2.2229461669921875,-3.962823867797851,0.48529052734375,-1.2243918997496286,-1.0077887185969034,0.3758489852945937,1.4082804689181494,0.00409201906670377,-0.11201279103344719,1.2368107512154773,3.3351650419614587,0.44098988473804507,5.0129656779149805,Gourd-shaped bottle,The Michael C. Rockefeller Wing,Ceramics-Containers,Topará,"Ceramic, slip",Topará artist(s),unknown,2th c. BCE,other
24007,-0.0165900588035583,0.1253543347120285,-0.1676962375640869,0.0149176698178052,-0.0021559768356382,0.0113086011260747,-0.1576441973447799,-0.2376318007009104,6.651604280705214e-07,4.0340808482142165e-05,-0.0062792696990072,-0.004970397259143,8.003487586975098,-6.181946754455566,-6.242218971252441,-1.5316877365112305,1.3188748442634999,-0.9406420605557185,0.6715719717687041,-0.35187993993001804,-0.43984306616336966,0.1744812038866168,1.0128000764002645,3.5613704289087442,0.35617564004735697,4.930346145356365,Cuirass (<i>Char-aina</i>),Arms and Armor,Armor Parts-Cuirasses,"Persian, Safavid","Steel, iron, gold, leather, textile (wool)",,unknown,17th c. CE,other
326395,-0.0019353878451511,0.0123891308903694,-0.3146852850914001,-0.0735994188289623,-0.002316331025213,0.1041630282998085,-0.0886044204235076,-0.1410377094289288,0.0001495221222285,0.1672565042972564,-0.0617388561367988,0.00119939356955,1.4007720947265625,-9.415194511413574,-2.979572296142578,-4.545351266860962,0.20110435435113497,-0.4157813150638328,0.7379742533359461,-2.981819650620221,-1.1896972503873258,-0.6146305894992432,1.6470264564272683,2.8479788274365427,0.36839028227648457,4.863395566140296,Tetradrachm of Alexander the Great,Ancient West Asian Art,,Seleucid,Silver,,unknown,4th c. BCE,other
320054,-0.0086181843653321,0.0431456975638866,-0.1882216334342956,-0.0291897675488144,-0.004970968235284,0.05338916182518,-0.4017561078071594,-0.1934308261843398,1.4890389138599858e-05,0.0076439464464783,-0.0574318207800388,-0.143839375713469,4.55421257019043,-8.403862953186035,-5.1457014083862305,-4.004607677459717,0.7618977381726324,-0.7004684005446493,-0.8230033330204916,-2.5099278734706805,-1.092766911726585,-0.8178754672157973,1.338224624927645,3.168672924779528,0.3112359550561798,4.8181335047633524,Miniature tabard,The Michael C. Rockefeller Wing,Textiles-Woven,Inca and Spanish,"Cotton, camelid hair, silk, metal",,unknown,16th c. CE,other
314523,-0.0002088041364913,0.0017658206634223,-0.6936749219894409,-0.1726374531826877,-0.0001782803738024,0.0008789165876805,-0.9973106980323792,-0.2491005451665842,-8.909182724892162e-07,0.0005949959740974,-0.0936822593212127,-0.0287232092939575,8.896857261657715,-4.397052764892578,0.8361225128173828,0.7822587490081787,-1.0495218679061635,-1.002959472426806,0.4159326873030995,1.667436313989446,0.08294938534123733,0.007721915239893962,1.2987852278471472,3.0093671216644164,0.42419512691937183,4.7323474764309355,Cylindrical Vessel,The Michael C. Rockefeller Wing,Ceramics-Containers,Maya,"Ceramic, slip",,unknown,1th c. BCE,other
464251,-0.0051633296534419,0.0314909443259239,-0.5096483826637268,-0.1147465684916824,0.0058416374959051,0.3228651881217956,-0.3152612745761871,0.0765420334646478,0.0029145826119929,0.6163085103034973,-0.00871142745018,0.2406089914147742,3.384876251220703,-6.636960029602051,-3.541757583618164,-2.187088966369629,-0.3184910180241813,0.7664759488665581,3.3146164714298187,-0.9238302268420313,-0.4961711274954723,0.709692793857541,1.872112096255683,2.434715911238273,0.3588681492205987,4.665696156714555,Diptych with Scenes from the Lives of Jesus and Mary,Medieval Art,Ivories-Elephant,French,Elephant ivory with metal mounts,,unknown,14th c. CE,other
468339,-0.0037530297413468,0.0349095463752746,-0.6396995186805725,-0.1450926039833575,0.0093156704679131,0.362741082906723,-0.2052818685770034,0.1220431069377809,0.0011653555557131,0.5202814340591431,-0.0516005828976631,0.1897203221451491,2.6974639892578125,-6.491504669189453,-4.7683610916137695,-2.225990056991577,-0.701692764455167,1.013713922010749,2.7669279291037037,-0.9577781184979878,-0.5148298079730012,0.5302927420403245,1.7290051254456729,2.4668947931062566,0.3870151826331935,4.582915101185123,Diptych with Scenes from the Passion of Jesus,Medieval Art,Ivories-Elephant,French,Elephant ivory with metal mounts,,unknown,14th c. CE,other
327483,-0.0027381917461752,0.028058972209692,-0.1186261922121048,-0.0165404786821454,-0.0060026948340237,0.0145935760810971,-0.8358312845230103,-0.2352125075412914,-0.0002003933768719,0.0015030484646558,-0.0233041327446699,-0.0648383914376609,5.191648483276367,-8.366540908813477,-4.220634460449219,-2.868838310241699,0.9216296275704201,-0.9274964116386881,0.02724357933435458,-1.5187737744974916,-0.7963574219756993,-0.37434924480785126,1.0733929579269816,3.15777004004808,0.31487080945439705,4.546033807429459,Votive plaque inscribed with Sabaean dedication,Ancient West Asian Art,,,Copper alloy,,unknown,3th c. BCE,other
53408,-0.0016302677104249,-0.0044974712654948,-0.3178396821022033,-0.0818423108721617,0.4188671708106994,0.077363796532154,0.0237702578306198,0.0749195162206888,0.0224351491779088,0.6324504017829895,-0.0292168334126472,0.2855404647998512,4.107536315917969,-6.431432723999023,-0.9105281829833984,-1.6659812927246094,0.09701528388713253,0.7576597200576974,3.7981907820971634,-0.46907416311338246,-0.3468409056440578,1.0459479057321528,1.9020792060612766,2.321119166461104,0.28784227469944973,4.51104064722183,White Plum Blossoms and Moon,Asian Art,Paintings,Japan,Hanging scroll; ink and color on silk,Itō Jakuchū,unknown,18th c. CE,drawing_paper
324923,-0.0540449172258377,0.2225581258535385,-0.0982474833726883,0.062323410063982,-0.0027024759911,0.4188755750656128,0.0012758714146912,0.1716888330411166,-6.0193968238309026e-05,0.0365339517593383,-0.0022898688912391,-0.2036333011419628,5.178586959838867,-6.5631208419799805,-1.6354246139526367,-1.3636651039123535,1.917502050712663,1.283472583953262,-1.4665345616398928,-0.20525129697888672,-0.33332154048730445,0.3822971940117863,1.520127530334831,2.5634816110838696,0.40631871163615113,4.489927853054852,Chair back carved in relief,Ancient West Asian Art,,Assyrian,Ivory,,unknown,8th c. BCE,other
310073,-0.0007153347833082,0.0036555170081555,-0.527302622795105,-0.1305707709107082,-0.0005366675322875,0.0841683819890022,-0.640620768070221,-0.1649467075185384,5.845321720698848e-05,0.0004193437343928,-0.0082100694999098,-0.004392016080601,5.874288558959961,-8.40758228302002,-3.218944549560547,-3.0058274269104004,-0.5183148798433515,-0.5456950022886802,0.6777967905570705,-1.6383203377522095,-0.826434230355062,-0.5061333573317927,0.946088696855998,3.1959009506385754,0.33543920914341857,4.477428856637991,Grere'o (shield),The Michael C. Rockefeller Wing,Textiles-Non-Woven,Solomon Islands,"Fiber, parinarium-nut paste, chambered-nautilus shell, pigment",Solomon Islands artist,male,18th c. CE,other
324138,-0.0001578536612214,0.0035599749535322,-0.8392602205276489,-0.2080815039989829,-8.07456217444269e-06,6.608519470319152e-05,-0.9996575713157654,-0.2499248679748689,1.4604606803914066e-06,0.000150624429807,-0.2922617495059967,-0.0760017528879188,9.182296752929688,-6.182219505310059,-1.837873458862305,-0.9326870441436768,-1.4971000096083629,-1.0074385733530111,-0.09290193140315459,0.17085117843260153,-0.3666737922513619,-0.6066473339829818,0.7793112045399488,3.4061926571227663,0.28832140836965336,4.473825270032369,Bowl with radial design of ibex horns,Ancient West Asian Art,,Iran,"Ceramic, paint",,unknown,46th c. BCE,other
37904,-0.0045493282377719,0.0173169448971748,-0.3255746960639953,-0.0777529529295861,-0.2071702480316162,0.0194675289094448,0.02357954159379,-0.2018700391054153,0.0001439155312255,0.0003216823097318,-0.0060843671672046,-0.2431208238995168,5.849170684814453,-9.31690502166748,0.6687068939208984,-2.8653953075408936,0.1486546193056351,-0.7463243274113195,-1.8915184350551661,-1.5157691625241663,-0.847034780868853,-1.0012393264212542,0.9026951472580452,3.3127508692623113,0.2568777861727141,4.4723238026930705,Krishna Steals the Gopis’ Clothing: Page from a Dispersed Bhagavata Purana Manuscript,Asian Art,Paintings,"India (Rajasthan, Mewar)",Ink and opaque watercolor on paper,,unknown,17th c. CE,drawing_paper
314522,-0.0002195059205405,0.0018628921825438,-0.7940021753311157,-0.1977027088723844,-0.0004834567662328,0.0006839090492576,-0.9961419701576232,-0.2492168979806592,-1.177821286546532e-05,0.000465582270408,-0.052354659885168,-0.022402994242384,7.571794509887695,-0.9470748901367188,0.6357936859130859,1.5504002571105957,-1.3660393173656145,-1.003591695619046,0.48395390732053867,2.3377718823909954,0.270269414003792,0.11302369418171843,1.685383343617217,2.2924862441240283,0.47749327918944084,4.455362866930686,Tetrapod Jar,The Michael C. Rockefeller Wing,Ceramics-Containers,Maya,Ceramic,,unknown,2th c. BCE,other
53241,-0.0351767539978027,0.2596533894538879,-0.0237864200025796,0.0878361775539815,0.0958951488137245,0.1100089028477668,0.4902739524841308,0.1567061990499496,0.0056862141937017,0.0068757738918066,0.0154724614694714,-0.177512272959575,6.6459197998046875,-0.7117900848388672,3.725032806396485,2.529299259185791,2.23967056136169,1.2020618439951234,-1.1854073862863301,3.192029609700655,0.6490823407075368,1.3620886571927846,1.8827443232928254,2.1223222700229214,0.4134521035408046,4.418518696856552,Willows and Bridge,Asian Art,Paintings,Japan,"Pair of six-panel folding screens; ink, color, copper, gold, and gold leaf on paper",,unknown,16th c. CE,painting
324747,-0.0006265430711209,0.006928423885256,-0.7876515984535217,-0.1937005022773519,-2.950430462078657e-05,2.064171712845564e-05,-0.99909508228302,-0.249978493754952,-1.5716062762294314e-06,0.0001415682054357,-0.3541096448898315,-0.0915323486077284,3.82427978515625,-9.63864040374756,-5.580697059631348,-3.80390739440918,-1.315500506217951,-1.0077299583284416,-0.26004973568491874,-2.334782360700011,-1.084779684762303,-1.2295156402328304,0.859856761197168,3.3731938979944838,0.17786437594018276,4.4109150351318345,Plaque fragment,Ancient West Asian Art,,Assyrian,Ivory,,unknown,8th c. BCE,other
325669,-0.0034112446010112,0.0494521744549274,-0.294830322265625,-0.0503712361678481,-0.0159319825470447,0.358049988746643,-0.1972004324197769,0.1137652462348342,0.0003330414474476,0.03772609308362,-0.0605666227638721,-0.0647218673184397,3.682056427001953,-8.170950889587402,-3.677600860595703,-3.289433717727661,0.49442372928558914,0.9687347304016773,0.02849766842566024,-1.8858156002161353,-0.8226903937447787,-0.09853986802580217,1.251821868947968,2.8344882598900294,0.30981571329858,4.396125842136577,Furniture plaque carved in relief with sphinx,Ancient West Asian Art,,Assyrian,Ivory,,unknown,9th c. BCE,other
24317,-0.0002489551843609,0.0007135543273761,-0.6457135677337646,-0.1614673769145156,-0.0006274494808167,0.0008284512441605,-0.9232335686683656,-0.2489534709602594,0.0001647847529966,0.0895399451255798,-0.091191217303276,-0.0984711814016918,8.991436004638672,-4.39814567565918,-1.984357833862305,0.1179838180541992,-0.9084690857427371,-1.0021603192223214,-0.3347288199076777,1.0877421968000842,-0.0977270528055669,-0.28940400701816305,0.9643390029164388,3.0943193613169155,0.3365889076443726,4.395247271877727,Sacrificial Sword (Kartrī or Churī),Arms and Armor,Knives,"Indian, Bengal (?) or Nepalese","Steel, brass, wood",,unknown,19th c. CE,other
678610,-0.0007726228795945,0.0051244525238871,-0.1894442290067672,-0.0451892772689461,-0.0033597482834011,0.0359905771911144,-0.37453094124794,-0.2076753234141506,-0.0001939326466526,0.0005407810094766,-0.0254190843552351,-0.0431737984545179,8.457727432250977,-7.162385940551758,-3.685615539550781,-1.9196596145629885,0.5598601419114686,-0.7778683464082554,0.26040843747122344,-0.6904521257244176,-0.5539245034251508,-0.16201297318749525,0.6728215268911477,3.5145591161192797,0.20253412853906352,4.389914771549491,Set of Sacrificial Weapons,Arms and Armor,Shafted Weapons,"Indian, Bengal (?) or Nepalese","Steel, wood, brass",,unknown,19th c. CE,other
24316,-0.0007726228795945,0.0051244525238871,-0.1894442290067672,-0.0451892772689461,-0.0033597482834011,0.0359905771911144,-0.37453094124794,-0.2076753234141506,-0.0001939326466526,0.0005407810094766,-0.0254190843552351,-0.0431737984545179,8.457727432250977,-7.162385940551758,-3.685615539550781,-1.9196596145629885,0.5598601419114686,-0.7778683464082554,0.26040843747122344,-0.6904521257244176,-0.5539245034251508,-0.16201297318749525,0.6728215268911477,3.5145591161192797,0.20253412853906352,4.389914771549491,Sacrificial Sword (Rāmdāo),Arms and Armor,Shafted Weapons,"Indian, Bengal (?) or Nepalese","Steel, wood, brass",,unknown,19th c. CE,other
325875,-0.0005175639525987,0.0018720363732427,-0.1319321542978286,-0.0324392851180164,-0.0059361276216804,0.0056987088173627,-0.88974529504776,-0.2425949365133419,-3.238261570004397e-06,0.0001116674247896,-0.0143337184563279,-0.050483070330813,8.851995468139648,-1.2918987274169922,-0.2252311706542968,1.5723204612731934,0.7208636858688979,-0.9676101196594111,0.18174250816222495,2.356901030291246,0.3117007923277555,0.5729742761657395,1.3821153495689393,2.6556851714237317,0.34457580192508314,4.382376322917755,Furniture element made from a hippopotamus incisor,Ancient West Asian Art,,Assyrian,Ivory (hippopotamus),,unknown,9th c. BCE,other
814649,-0.0008640028536319,0.0208460390567779,-0.7684187293052673,-0.1820449973456561,0.0127129079774022,0.3702915012836456,-0.1911088675260543,0.1381413035560399,0.062893696129322,0.6719748973846436,-0.1069337651133537,0.2929843701422214,-3.033048629760742,-4.134647369384766,-0.7083091735839844,-2.73392391204834,-1.1683178586992635,1.1011862649550341,3.8783057020722826,-1.401037759916126,-0.6212108089239337,0.6025340871029818,2.4582887291795985,1.4444892585558475,0.45615717366197445,4.3589351613974205,Vase (Old World),The American Wing,,American,Porcelain with enameled and gilded decoration,Joseph S. Potter,male,19th c. CE,other
701293,-0.0052498960867524,0.0334263071417808,-0.1234749108552932,-0.0168229446280747,0.0822734087705612,0.0379625670611858,0.178885206580162,-0.0578196989372372,0.0001871012646006,0.0176259726285934,-0.0012494220864027,-0.1458724146468739,9.618355751037598,-3.8287477493286137,-2.448749542236328,-0.0723204612731933,0.9180627219752202,0.036398175936670586,-0.8448838841512202,0.9216689851501726,-0.07320887987134478,0.2578114997277108,0.8449061894693524,3.1932954217087355,0.2985206691481874,4.336722280326275,Poems from the Pavilion of True Meaning,Asian Art,Calligraphy,China,Album of twenty-eight leaves; ink on paper,Zhou Lianggong,unknown,17th c. CE,drawing_paper
57569,-0.0018087833886966,0.0057978024706244,-0.3110592663288116,-0.0788298443367239,-0.0192705858498811,0.0675255805253982,0.0564574524760246,-0.1330689885653555,-0.0004573793266899,0.0195279289036989,-0.0081736743450164,-0.1875009502546163,9.22981071472168,-7.036524772644043,-1.5169353485107422,-1.532301664352417,0.13505591814927048,-0.372481888380526,-1.2929103763626009,-0.35241569755284974,-0.4829253618772782,-0.47068801103667657,0.5962684262566534,3.530245265832547,0.20287356188238176,4.329387253971582,Picture Book of Crawling Creatures (The Insect Book) (Ehon mushi erami) 画本虫撰,Asian Art,Illustrated Books,Japan,One from a set of two polychrome woodblock printed books; ink and color on paper,Kitagawa Utamaro 喜多川歌麿,unknown,19th c. CE,drawing_paper
312694,-0.0001250927743967,0.0017858375795185,-0.7394686937332153,-0.1840763115833397,-0.0001012949433061,0.000188841833733,-0.9885395169258118,-0.2498034239379194,1.3003859749005642e-06,0.0013540307991206,-0.1344827562570572,-0.0391876511790769,7.94549560546875,-1.1953411102294922,-2.466151237487793,0.7777693271636963,-1.1939687600713398,-1.0067786861184038,0.3033092879378833,1.6635185213533603,0.07617548511584006,-0.05847990922462498,1.3272497276639348,2.5529637121871747,0.43398333996586197,4.314196779816972,Ear Spool,The Michael C. Rockefeller Wing,Metal-Ornaments,Greater Coclé,Gold,,unknown,5th c. CE,other
57363,-0.0004169149906374,0.0037361360155045,-0.2042343467473983,-0.0518950411496916,0.0040018483996391,0.0219122730195522,0.1152424812316894,-0.1612165151163935,0.0013417995069175,0.0412760898470878,-0.0158671699464321,-0.1563652664772234,8.440895080566406,-4.939287185668945,2.001056671142578,0.3213777542114258,0.4751815211749826,-0.5254263550118479,-0.957813045127301,1.2652383851524056,-0.012024767132970682,0.06429512654705982,1.0005946365529343,2.9728140955838183,0.3091194820535866,4.282528214190339,Page of a Pilgrim’s Visiting Album,Asian Art,Illustrated Books,Japan,"Album page; ink, color, and gold on paper, textile cover",,unknown,18th c. CE,drawing_paper
126673,-0.0005019874079152,0.0009513857075944,-0.8757295608520508,-0.2187849827168975,6.544407369801775e-05,0.0001136940845753,-0.977019190788269,-0.2492086584370554,-2.82170731225051e-07,0.0005642822361551,-0.0033892702776938,-0.0076946743743064,4.552837371826172,-7.058734893798828,-4.8881683349609375,-2.7263126373291016,-1.6322607207568411,-1.0035469246300395,0.6422519800394876,-1.3943956137602893,-0.8005002382143402,-0.8469878197769205,1.0261018072616355,2.845108299820092,0.40525521454453983,4.276465321626267,Pin (ttipqui),The Michael C. Rockefeller Wing,Metal-Ornaments,Peruvian,"Silver, glass",Peruvian artist(s),unknown,18th c. CE,other
459016,-0.0088846404105424,0.063680924475193,-0.0078852670267224,0.0328407662454992,0.1028525754809379,0.4453434348106384,0.0016380193410441,0.2485854220285546,0.016476597636938,0.0201568473130464,2.9326387448236343e-05,-0.1722629333453369,0.6121177673339844,-4.959334373474121,-4.851200103759766,-3.040544271469116,1.5452029870097725,1.7013035350006454,-1.1289114471556747,-1.6686167551244004,-0.7328452541350998,0.11224457993258574,1.759773994710083,1.968024686996407,0.51310273650916,4.240901418215651,The Annunciation,Robert Lehman Collection,Paintings,,Tempera and gold on wood,Botticelli (Alessandro di Mariano Filipepi),unknown,15th c. CE,painting
322359,-0.0034676936920732,0.0126176783815026,-0.2831206023693084,-0.0662254585768096,-0.0014242142206057,0.0280305575579404,-0.4139279127120971,-0.2211229746171739,-2.1825289877597243e-06,0.0133376233279705,-0.156240239739418,-0.0897890020796694,0.6504974365234375,-8.230993270874023,-5.238473892211914,-4.1883320808410645,0.294220782937425,-0.8509384912027226,-0.24128699473637835,-2.6702590117711127,-1.1413673790286794,-0.8670659286931972,1.2899549720686692,2.7039559916852807,0.23685133856399557,4.230762302317945,Drachm,Ancient West Asian Art,,Parthian,Silver,,unknown,1th c. CE,other
325081,-0.0003649881400633,0.0028027757070958,-0.8844158053398132,-0.2198557297306251,-1.1618119970080444e-05,0.0001059218702721,-0.9971681237220764,-0.2498870241383883,-2.2899168072854081e-07,5.818997306050733e-05,-0.484117329120636,-0.1216258855117793,7.820301055908203,-9.207136154174805,-1.1801204681396484,-2.628399610519409,-1.645781832130969,-1.0072329423049218,-0.583930976773977,-1.3089496590916865,-0.8049420624750505,-1.1364738525753886,0.4513495926510728,3.6594410783264024,0.11231459774921168,4.223105268726687,"Incised horse frontlet carved into the shape of a flowering, volute palmette tree",Ancient West Asian Art,,Assyrian,Ivory,,unknown,9th c. BCE,other
468062,-0.0053558442741632,0.0270015113055706,-0.0512150190770626,-0.0034251348115503,-0.1109584346413612,0.0343794412910938,-0.0700481310486793,-0.2121133496984839,-2.9797127353958786e-05,0.0039357086643576,-0.0113599393516778,-0.2192779754805087,5.925662994384766,-6.730230331420898,-1.5378904342651367,-1.3419082164764404,1.0872467368509293,-0.8019831318307817,-1.6349101353505493,-0.1862646710093697,-0.4441811691167458,-0.38397780033494283,1.1464659152183052,2.7347053420208725,0.3320695227028407,4.213240779942018,Textile Fragment with Double-Headed Eagles,Medieval Art,Textiles-Woven,Islamic,Silk,,unknown,10th c. CE,other
54791,-0.0020072655752301,0.0037283450365066,-0.4497450590133667,-0.1150510625448077,0.0454275757074356,0.0083610164001584,0.0617174878716468,-0.1862249902915209,0.0064295353367924,0.0025686046574264,0.0119380773976445,-0.2283214711933396,7.928667068481445,-4.748126029968262,-1.0517730712890625,-0.1127533912658691,-0.32233608875730796,-0.6613142416432741,-1.7322406227769367,0.8863843002022963,-0.16058772882388433,-0.45737666324380566,1.078702636633342,2.803373454752031,0.31851240729386765,4.20058849867924,Amida Manifesting in the Dharma-body of Expedient Means,Asian Art,Paintings,Japan,"Ink, color, and cut silver on silk",,unknown,17th c. CE,drawing_paper
464352,-3.508465306367725e-05,0.0001542812824482,-0.8225926756858826,-0.2056170148352976,-5.482738197315484e-05,0.0025477509479969,-0.0705633908510208,-0.247224374605139,3.3738229831214994e-05,0.0001658022520132,-0.6186997294425964,-0.1891215632294915,10.125703811645508,-6.607585906982422,-4.185832977294922,-2.1151905059814453,-1.4659790893206526,-0.9927649743308784,-1.3103521992796325,-0.8610864552802382,-0.6892883646628434,-1.1575456795528503,0.2789992551971981,3.8657099077247428,0.05471883195221,4.19942799487415,Chalice,Medieval Art,Metalwork-Silver,Spanish,Gilded silver and enamel,,unknown,15th c. CE,other
314518,-0.0002692252455744,0.0020585875026881,-0.7953037619590759,-0.1979277360442211,-0.0004832969279959,0.0002142952143913,-0.9970248937606812,-0.2495137460246042,-0.0001297976559726,0.0003784124855883,-0.2007239609956741,-0.0610868734911491,8.205438613891602,-3.5291919708251953,-1.2685699462890625,0.0136299133300781,-1.3688809012445335,-1.0052046709428064,0.06761923515567346,0.9966754684690354,-0.12372461055747405,-0.3274477171406579,1.072896029887609,2.745134030820225,0.3771980008701734,4.195228061578007,Tetrapod Bowl,The Michael C. Rockefeller Wing,Ceramics-Containers,Maya,Ceramic,,unknown,1th c. CE,other
53660,-0.0298632234334945,0.1503026932477951,-0.1067402511835098,0.036545667797327,-0.0374740585684776,0.0067229559645056,0.164637953042984,-0.1297019629273563,-0.0015742828836664,0.0069295791909098,-0.0026910614687949,-0.2019403957820031,6.735246658325195,-5.085666656494141,-0.82196044921875,-0.9132518768310548,1.591987508348804,-0.35418657069412046,-1.4483146930090223,0.18781170431235727,-0.3020871419357718,-0.0056755127604953826,1.2639398975796339,2.556399726399282,0.3672032050932362,4.187542829072152,Ten Verses on Oxherding,Asian Art,Paintings,Japan,Handscroll; ink and color on paper,,unknown,12th c. CE,drawing_paper
781871,-0.0017671255627647,0.006030848249793,-0.8434642553329468,-0.2095854364160914,0.0183435697108507,0.008043959736824,0.2498544156551361,-0.1026228102855384,-0.0014135919045656,0.0161037798970937,-0.0398097150027751,-0.0252554637263529,8.379629135131836,-5.072729110717773,-0.0221891403198242,-0.7169163227081299,-1.5160912722037108,-0.20704729896730295,0.45325424713828366,0.35914824046120997,-0.26359500828402815,-0.22768402089288,0.9070957588842534,2.956063379625633,0.31882934039666716,4.181988478906554,Persian Travelogue: A Diary of a Journey through the region of Fars,Ancient West Asian Art,,Qajar,"Black ink on paper; blue velvet binding with a flap, tight back case binding sewn onto two cotton/hemp cords (laced in), with marbled paper doublures",,unknown,19th c. CE,drawing_paper
325566,-0.0125808464363217,0.1507798880338668,-0.4633874297142029,-0.045230207266286,-0.0086364299058914,0.1869287192821502,-0.5288185477256775,-0.0601703263819217,0.0001088808494387,0.010463461279869,-0.1015525534749031,-0.0637663626293942,6.824489593505859,-8.187413215637207,-2.726215362548828,-2.2167766094207764,0.5593432886814522,0.023625634089189503,0.03878127335854576,-0.9497378009924701,-0.5964858764245946,-0.08199690121582065,0.6298240483765905,3.2978977586198805,0.23148249051760986,4.159204297514081,"Furniture plaque carved in relief with a striding, ram-headed sphinx supported by two kneeling figures",Ancient West Asian Art,,Assyrian,Ivory,,unknown,9th c. BCE,other
12791,-0.0024900848511606,-0.0453130789101123,-0.0053833192214369,-0.0134301329380832,0.0189574006944894,0.1233245432376861,0.0175071656703948,0.1208938867785036,0.0068297479301691,-0.1312582492828369,0.0015634834999218,-0.0383200781361665,6.039798736572266,-6.286226272583008,-3.4429359436035156,-2.464203357696533,0.9609062547086105,1.007469434986856,0.3126465298436497,-1.1656601905439827,-0.5987649204980698,0.2788405072487834,1.0138768681455914,2.8081141080616803,0.3155063382302352,4.137497314437507,Gabriel Manigault,The American Wing,,American,Oil on canvas,Jeremiah Theus,male,18th c. CE,painting
307602,-0.0011482785921543,0.0016593983164057,-0.0905711352825164,-0.0223231611889787,-0.0029139223042875,0.0110624693334102,-0.3504007458686828,-0.2386883954168297,1.9902727217413485e-05,0.0425434634089469,-0.0950688794255256,-0.1002225181109679,8.453969955444336,-3.8135690689086914,-1.0022048950195312,0.2641808986663818,0.848607435387117,-0.9463832511707706,-0.35357755506212935,1.2153242921524263,-0.02426329401259862,0.19099273032666086,1.011911255641165,2.801471187462488,0.31913277260362666,4.13251521570728,Prayer book with case (mahdar),The Michael C. Rockefeller Wing,Hide-Documents,,"Parchment (vellum), pigment (red, blue, ochre, and black), leather, wood, string",Wäldä Maryam,unknown,18th c. CE,other
313398,-0.0003850080247502,0.0073944735340774,-0.7760231494903564,-0.190507422950759,-0.0101854559034109,0.0043307053856551,-0.4024196863174438,-0.2364043655106797,-1.6039659840316745e-06,9.592461719876157e-05,-0.1119280681014061,-0.0324157648654477,6.8345794677734375,-7.139080047607422,0.7367630004882812,-0.8465700149536133,-1.275179141182352,-0.9339725785977229,0.37619161316157596,0.2460030965391767,-0.32647439207012496,-0.3967392525198306,0.8308261220093002,2.9990367377184857,0.2857697537250742,4.11563261345286,Nose ornament in the shape of a head,The Michael C. Rockefeller Wing,Metal-Ornaments,Moche,"Gold (partially silvered), silver",,unknown,5th c. CE,other
324937,-0.0017904164269566,0.015967646613717,-0.7167832255363464,-0.1721252899151295,-0.0136227114126086,0.147578090429306,-0.607792854309082,-0.1015251788776367,-0.0001058995330822,0.0063004805706441,-0.3555316030979156,-0.1096500110015767,4.738683700561523,-8.175370216369629,-5.867761611938477,-3.0133421421051025,-1.0430544050100647,-0.2010831283701134,-0.45504080637432837,-1.6448782191168823,-0.8491606554748614,-0.8360141397178471,0.6443096668228842,3.233064910569948,0.21043757002754462,4.087812147420377,Cloisonné furniture or cosmetic box plaque with three frontal heads,Ancient West Asian Art,,Assyrian,Ivory,,unknown,8th c. BCE,other
325082,-0.0016984920948743,0.0396635234355926,-0.4969502985477447,-0.105276086833328,-0.0005386461270973,0.008267275057733,-0.9698384404182434,-0.2415825277275871,-4.755179907078855e-05,0.0027639949694275,-0.0739318653941154,-0.045317285078454,7.917198181152344,-6.953105926513672,-3.790376663208008,-1.833742618560791,-0.19890026911005687,-0.9621090209582742,0.23733919472213444,-0.6154747709753395,-0.55647962955004,-0.38478621658038403,0.519009454775426,3.371473110659922,0.19089553667115838,4.081378102106506,Horse blinker carved in relief with a wedjat eye,Ancient West Asian Art,,Assyrian,Ivory,,unknown,8th c. BCE,other
467694,-0.0081886611878871,0.3265057206153869,-0.2737546265125274,0.091503576375544,0.0078653134405612,0.4657104313373565,-0.010696293786168,0.2246365104801952,0.0893115252256393,0.5612540245056152,-0.0874163657426834,0.2345841005444526,3.044097900390625,-5.350131034851074,-3.502945899963379,-1.78790545463562,2.2859815080969637,1.5711729710762121,3.249773673498572,-0.5754739625180549,-0.309295316808857,1.632863547538423,1.6249637648660864,2.110995860419168,0.3426818932178961,4.07864151850315,Folding Shrine with Virgin and Child,Medieval Art,Ivories-Elephant,French,"Elephant ivory, traces of paint and gilding",,unknown,13th c. CE,other
313325,-0.0005339150666259,0.0032025252003222,-0.7527058720588684,-0.1867846045497572,-0.0814849212765693,0.0335561707615852,-0.7764682173728943,-0.2032646010629832,-5.1317663746885955e-05,8.92610041773878e-05,-0.1227767318487167,-0.0322672608654102,7.483249664306641,-5.720067977905273,-1.4846076965332031,-0.4017729759216308,-1.228168370589249,-0.753901921641413,0.3777898852421289,0.6341650079028778,-0.20602236059994533,-0.24252884977141387,0.8918847340929963,2.8911602074774607,0.28882233195384405,4.071867273524301,Ceremonial Handle (?),The Michael C. Rockefeller Wing,Stone-Sculpture,Maya,Jade (jadeite/omphacite),,unknown,6th c. CE,other
466251,-0.000635185802821,0.0002718491014093,-0.6153602004051208,-0.1540180109586799,0.0001779177691787,0.0067042228765785,-0.4627736806869507,-0.2423305338597856,3.931164974346757e-05,0.0033359546214342,-0.0405917093157768,-0.1601254091219743,7.096416473388672,-5.411102294921875,1.1582622528076172,0.1113204956054687,-0.8144004537837821,-0.9661734419907445,-0.9982815241344953,1.0819273020261422,-0.11128836458374276,-0.4242320294707199,1.0073034379162926,2.7190319109269745,0.3288816059288565,4.055216954772123,Processional Cross,Medieval Art,Metalwork-Silver,Byzantine,Silver with gilding and gilded silver medallions,,unknown,10th c. CE,other
319633,-0.0002464459394104,0.00407355139032,-0.8338778614997864,-0.2064854001655476,-0.0002545258030295,0.0013136804336681,-0.9967856407165528,-0.2486598643008619,2.602720087452326e-05,0.0048600332811474,-0.6260550618171692,-0.1578509398982532,6.92274284362793,-4.436898231506348,-0.7208766937255859,0.1228225231170654,-1.476944830635301,-1.0005649565235946,-0.9738025831131595,1.091964799112849,-0.1225434203118993,-0.5898368927898017,1.144777215292582,2.52572690961,0.38237701107281347,4.052881135975396,Cylindrical Vessel,The Michael C. Rockefeller Wing,Ceramics-Containers,Maya,Ceramic,,unknown,5th c. CE,other
323478,-0.0050647095777094,0.0420408956706523,-0.1065088808536529,-0.0070439918199554,0.0032518927473574,0.1632037609815597,-0.3609470129013061,-0.0763039632583968,-0.00021157770243,0.0669788420200347,-0.1312615424394607,-0.0580334802689321,0.0185909271240234,-7.309148788452148,-2.7347869873046875,-4.020505428314209,1.041548763351713,-0.06403927964387579,0.10048133406739827,-2.523801395136862,-1.0404717159153734,-0.36145264434040664,1.5216222461531899,2.177598825455023,0.34156810562185164,4.040789177230065,Drachm,Ancient West Asian Art,,Parthian,Silver,,unknown,3th c. BCE,other
312599,-0.0002463400014676,0.0033678540494292,-0.7363227009773254,-0.1824914166500093,-0.0009047281346283,0.0025945592205971,-0.9892907738685608,-0.24691000590974,-4.769040970131755e-06,0.0006161910714581,-0.1073036640882492,-0.0398492055464885,7.215066909790039,-4.326648712158203,0.8366832733154297,0.1801776885986328,-1.1739551241376298,-0.9910567975091531,0.2961893189475879,1.1420170447580942,-0.07226823487690126,-0.18170138948527514,1.0985192568166817,2.5709821822711727,0.36638862725740096,4.035890066345256,Pedestal Bowl,The Michael C. Rockefeller Wing,Ceramics-Containers,Guanacaste-Nicoya,Ceramic,,unknown,12th c. CE,other
12793,-0.0006833839579485,-0.0151568250730633,-0.0079093622043728,-0.0061225123208714,0.0357292927801609,0.0050328075885772,0.0558128841221332,0.0273920204490423,0.0030978692229837,-0.0480010062456131,-0.0023361316416412,-0.0559762181947007,3.919862747192383,-8.209684371948242,0.0752830505371093,-2.603794574737549,1.0531849638513207,0.4994108299487789,0.12262258638918244,-1.287477533874656,-0.6596253212010197,0.09693521157865648,0.998942558092002,2.718867762421554,0.31760211292365326,4.035412433437209,Mrs. Gabriel Manigault,The American Wing,,American,Oil on canvas,Jeremiah Theus,male,18th c. CE,painting
49173,-0.0055421367287635,0.0085383588448166,-0.0879886746406555,-0.033764295047149,0.1782675385475158,-0.0682110488414764,0.1559310853481292,-0.0180797129869461,-0.0121417678892612,-0.0028048569802194,0.001758063561283,-0.2305943271785508,7.638919830322266,-0.9009933471679688,0.9791641235351562,0.6414079666137695,0.7041318093435014,0.2523322809843256,-1.7567022013429248,1.5445197832718136,0.08974240785028091,0.18607041806417896,1.4014906787849002,2.2363003374680126,0.3956901808047403,4.033481197057653,Returning Home,Asian Art,Paintings,China,Album of twelve leaves; ink and color on paper,Shitao (Zhu Ruoji),unknown,17th c. CE,drawing_paper
464169,-0.0198075510561466,0.1772744357585907,-0.5487346649169922,-0.0555202635005116,0.0127866258844733,0.3625935614109039,-0.2295404225587844,0.1251547520514577,0.0079961661249399,0.727889895439148,-0.0103500401601195,0.3093708537053317,2.5246315002441406,-4.349343299865723,-3.735015869140625,-1.3916656970977783,0.4294031678076715,1.0306215853322247,4.054664986473685,-0.2296866299879053,-0.25316508871037513,1.3212507774064188,1.8935696066792784,1.8620109613348332,0.2448604813040784,4.00044104931819,Diptych with Scenes from the Passion,Medieval Art,Ivories-Elephant,French,Elephant ivory with metal mounts,,unknown,14th c. CE,other
322620,-0.0186329707503318,0.1852887123823166,-0.1463137120008468,0.0466995071619749,0.001991594210267,0.1925696581602096,-0.0053985617123544,-0.0458415400935336,-0.0007827267982065,0.0033856260124593,-0.000692821748089,-0.2187959435250377,4.452304840087891,-5.948387145996094,0.6178989410400391,-0.9140448570251464,1.7202075184578738,0.10148357916930169,-1.6297222736352481,0.1871196927187504,-0.2829957083704357,0.09477212917766942,1.3692448364105103,2.2491269883107847,0.37929184930311377,3.997663674024409,Assyrian Crown-Prince,Ancient West Asian Art,,Assyrian,Gypsum alabaster,,unknown,8th c. BCE,other
466085,-0.0011607238557189,2.616085112094879e-05,-0.3691589534282684,-0.0928747725847642,-0.0824339389801025,0.0043223658576607,-0.3737776577472687,-0.235210727667436,0.0001947004057001,0.0022469412069767,-0.0692548677325248,-0.2270884353856672,5.394685745239258,-7.9270524978637695,0.3321247100830078,-0.9499194622039796,-0.042299737900871534,-0.9274867403854437,-1.718970093328388,0.15581293009744443,-0.37627334946046176,-0.6332359103793147,0.8635596678061835,2.884810133487736,0.24551697365727565,3.993886774951195,"Capital with Angels Holding the Veil of Saint Veronica, with a Column",Medieval Art,Sculpture-Architectural,North Italian,Limestone with traces of polychromy,,unknown,14th c. CE,other
57805,-0.0036013226490467,0.026639761403203,-0.0117868054658174,0.0075421922956593,-0.000884230423253,0.0014764296356588,-0.0114828115329146,-0.2478654407750582,-0.0001724454632494,0.0370022282004356,-0.0047407308593392,-0.1563741869540535,6.756328582763672,-4.558841705322266,1.329721450805664,-0.5403294563293457,1.2257392559912152,-0.9962483185336415,-0.957909051625841,0.5132506502355403,-0.23425672294069952,-0.053791865983181725,1.1051981960458674,2.470657441933054,0.39418563779964233,3.9700412757785633,"Random Sketches by Hokusai, Volume 12",Asian Art,Illustrated Books,Japan,Woodblock printed book; ink and color on paper,Katsushika Hokusai,unknown,19th c. CE,drawing_paper
464264,-0.0465025529265403,0.1755737960338592,-0.1686896532773971,0.0158892981708049,0.0020652562379837,0.4495446979999542,-0.0541450195014476,0.2107140878215432,0.0204497221857309,0.4531072080135345,0.0252935700118541,0.1714676856063306,3.8199024200439458,-6.223957061767578,-3.125028610229492,-1.7111515998840332,1.3311443112867454,1.495523073246563,2.570484201196657,-0.5084930243586047,-0.3282701320713386,1.2221646403428401,1.2779857839701647,2.36928583521099,0.31598414365763694,3.9632557628387914,Leaf from a Diptych,Medieval Art,Ivories-Elephant,British,Elephant ivory,,unknown,14th c. CE,other
49467,-0.0057813101448118,0.0023937011137604,-0.314311146736145,-0.0886033180868253,0.1800363659858703,0.0377292595803737,0.0095175504684448,0.0384004404768347,0.0006979401223361,0.0253070965409278,-0.0128901740536093,-0.081042559701018,8.314849853515625,-2.1891937255859375,1.9500846862792969,1.5466108322143557,0.011639064874855576,0.5592269891608991,-0.14715353937871892,2.334464957475544,0.3538413487258368,0.6895443680331449,1.1375947364395906,2.567886268895254,0.2449403841287355,3.9504213894635805,Cat and Butterfly,Asian Art,Paintings,China,Hanging scroll; ink and color on paper,Xugu (Zhu Huairen),unknown,19th c. CE,drawing_paper
464157,-0.0107472101226449,0.0592605397105217,-0.7467661499977112,-0.160627749050036,0.0141384322196245,0.4477081298828125,-0.0615402311086654,0.2087455955334007,0.0009006611071527,0.5135005712509155,-0.0299034100025892,0.1816002222476527,2.731201171875,-4.5785675048828125,-3.762056350708008,-1.4526479244232178,-0.8978664861343313,1.484826929038939,2.6795354753368534,-0.282904110862719,-0.3057324639230501,0.7458979518446857,1.6376166948128972,1.9342716491605785,0.3556364669682089,3.927524810941685,"Diptych with the Entry into Jerusalem, Crucifixion, Entombment, and Resurrection",Medieval Art,Ivories-Elephant,French,Elephant ivory with metal mounts,,unknown,13th c. CE,other
14006,-0.0150134414434432,-0.0334106832742691,-0.5158774852752686,-0.1410526700783521,-0.3628339767456054,0.0262864381074905,-0.1192757487297058,-0.1972482465207576,-6.492678949143738e-05,0.0495488308370113,-0.1393743306398391,-0.1806112692247552,7.647603034973144,-3.0858774185180664,-0.6131629943847656,0.3387279510498047,-0.6506775427703272,-0.7212110159287158,-1.2187602872662682,1.2803794157266613,-0.04504605869351505,-0.32756735755966243,1.1013738670772344,2.4890471398983123,0.33347385835618415,3.9238948653317305,Water-lily textile,The American Wing,,American,"Silk, printed, woven",Associated Artists,unknown,19th c. CE,print
49068,-0.0044681252911686,0.0276207067072391,-0.3130024969577789,-0.0737306152004748,0.0854351818561554,0.0894371196627616,0.2150696814060211,0.0077742990106344,0.0011774433078244,0.0067678089253604,-0.0021948090288788,-0.2004233832994941,7.4751129150390625,-1.7033672332763672,0.2600212097167969,0.8182826042175293,0.19944764111415245,0.3928145385667036,-1.4319878688424525,1.6988733229299333,0.1379757261820487,0.2147869084420842,1.2840442337886808,2.253634543182341,0.36811887956140277,3.905797656532424,Bamboo in Snow,Asian Art,Paintings,Japan,Pair of hanging scrolls; ink on silk,Dapeng Zhengkun (Taihō Shōkon),unknown,18th c. CE,drawing_paper
323710,-0.0005593431997112,0.0039635151624679,-0.5829313397407532,-0.1440087892551673,-0.3274120390415191,0.0135871861129999,-0.0029655247926712,-0.1944037987850606,-9.368921746499836e-05,0.0002496345259714,-0.0125721115618944,-0.0055061569437384,7.256868362426758,-6.487409591674805,-2.296140670776367,-1.3742482662200928,-0.6880066374233825,-0.7057552158957,0.6658058661718281,-0.21448692615165416,-0.42954175280101475,-0.23561072832472713,0.6425719128664604,3.0147212746247205,0.2448682149750058,3.9021614024661866,Cup,Ancient West Asian Art,,Iran,Ceramic,,unknown,40th c. BCE,other
53449,-0.0296243317425251,0.4544883966445923,-0.0385834127664566,0.2034016912803053,0.1074182391166687,0.3034416139125824,0.050297275185585,0.188163723796606,0.0028984239324927,-0.0018044961616396,0.0019393763504922,-0.2023107499117031,4.325672149658203,-1.5054893493652344,-0.3741188049316406,-0.3238306045532226,3.699001441643238,1.3729917598154373,-1.4523006237938327,0.7021831312078878,-0.033643984847003594,1.0804689272181827,2.1213442183898925,1.3660624909820218,0.41146869245598605,3.8988754018279,Six Jewel Rivers from Various Provinces,Asian Art,Prints,Japan,Six woodblock prints; ink and color on paper,Utagawa Hiroshige,unknown,19th c. CE,drawing_paper
326157,-0.003486372763291,0.0460952557623386,-0.2558697164058685,-0.0422221990884281,-0.0040716617368161,0.1599479168653488,-0.3978023529052734,-0.0850418641930446,-0.0001687156182015,0.1381813883781433,-0.1371135860681533,-0.0383348513896635,0.4448871612548828,-7.809216499328613,-3.2066898345947266,-3.550326108932495,0.5973276239779047,-0.11151817962834895,0.31248753292372017,-2.113489079002565,-0.9289812559009079,-0.3287980254323222,1.2249202115427489,2.366896910586321,0.30544374301958244,3.8972608651486524,Tetradrachm of Alexander the Great,Ancient West Asian Art,,Seleucid,Silver,,unknown,4th c. BCE,other
467475,-0.0050733359530568,0.0388243831694126,-0.5379520654678345,-0.1176246006507426,0.0056534400209784,0.4493265748023987,-0.0747351571917533,0.2055754081811756,0.0468200147151947,0.4824968576431274,0.0152843575924634,0.1874390463344752,3.4106006622314453,-5.400928497314453,-2.497913360595703,-1.5725464820861816,-0.3548340503764291,1.4676011663123896,2.7423757322920332,-0.3875362222038662,-0.32428915705531836,0.8669016565060318,1.5214571347933457,2.053747895372988,0.31527750858425807,3.890482538750592,Leaf from a Diptych with the Adoration of the Magi,Medieval Art,Ivories-Elephant,French,"Elephant ivory with traces of paint and gold, metal mounts",,unknown,13th c. CE,other
860963,-0.0114761926233768,0.0651576891541481,-0.1930022686719894,-0.0379769960418343,0.0488788597285747,0.1311566978693008,0.2306683212518692,0.0682883290573954,-0.0106579903513193,0.0179788656532764,-0.0013655058573931,-0.1343946975539438,6.932550430297852,-6.6380462646484375,-0.5565299987792969,-1.6028754711151123,0.6509349303377474,0.7216280146791308,-0.7213551255084666,-0.41400348101660295,-0.42673970891337376,0.05930108462295221,0.7353341417217341,2.900603145380725,0.24755421053235108,3.8834914976348105,Mending clothes by daylight,Asian Art,Paintings,China,Hanging scroll; ink on paper,Unidentified artist,unknown,13th c. CE,drawing_paper
464289,-0.0034982175566256,0.0149837378412485,-0.7326186299324036,-0.1778696937253698,0.0001306957565248,0.4939619600772857,-0.0014202219899743,0.2451306632137857,0.0024013072252273,0.057303212583065,-0.1865549087524414,-0.1252040918916463,4.71453857421875,-3.279080390930176,-4.789242744445801,-0.5661661624908447,-1.1155932238911266,1.6825315038842843,-0.6224413694499574,0.4907036807934423,-0.15602732122351878,0.10880014783416064,1.2458375997465774,2.2480031232539983,0.3866752353841482,3.8805159583847235,Folding Shrine with Virgin and Child,Medieval Art,Ivories-Elephant,French,Elephant ivory with metal mounts,,unknown,14th c. CE,other
320347,-0.0004381230100989,0.0136741595342755,-0.7329913973808289,-0.1766034129541367,-0.0020195941906422,0.0054626548662781,-0.9831894636154176,-0.2444072647485882,-4.382531642477261e-06,4.859106411458924e-06,-0.0038397652097046,-0.0013070957867284,5.995403289794922,-5.699207305908203,-3.032045364379883,-1.1601080894470217,-1.0996029637089815,-0.9774577194049173,0.7109981991062193,-0.027612794757044323,-0.39560646573411873,-0.34841881969118094,0.8534729991683855,2.6540037745308847,0.3511135579089617,3.858590331608232,Feathered serpent head,The Michael C. Rockefeller Wing,Stone-Sculpture,Teotihuacan,"Stone, pigment",Teotihuacan artist(s),unknown,1th c. CE,other
324941,-0.0060046119615435,0.098538838326931,-0.258512020111084,-0.0175986743997782,-0.0022011066321283,0.0197484344244003,-0.9006308913230896,-0.228869826591108,-6.201193173183128e-05,0.00011544868903,-0.0344380810856819,-0.0131696366515825,5.566495895385742,-5.895750045776367,-3.487987518310547,-1.9078502655029297,0.9082670106587671,-0.8930323547994676,0.5833277803705128,-0.6801464377344758,-0.5418721007863496,-0.020396000376165874,0.8988255741353461,2.6423078477046498,0.31635881841745683,3.8574922402574527,Incised furniture plaque with a kneeling bull,Ancient West Asian Art,,Assyrian,Ivory,,unknown,9th c. BCE,other
322603,-0.011935532093048,0.0787733644247055,-0.1451360434293747,-0.0006582178175449,-0.0242764949798584,0.3268777430057525,-0.2804405093193054,0.0791221633553505,-0.0002304145746165,0.000913324765861,-0.0115984240546822,-0.0397951593076868,4.557077407836914,-7.37950325012207,-1.369577407836914,-2.2346906661987305,1.1221866361541946,0.7804955320529358,0.2967709907848033,-0.9653708963348798,-0.5490054699921529,0.30852056566426345,0.9142848485069768,2.6250847235089187,0.31531487986955964,3.8546844518854555,Molded plaque: king or a god carrying a mace,Ancient West Asian Art,,Isin-Larsa–Old Babylonian,Ceramic,,unknown,20th c. BCE,other
14007,-0.010085348971188,-0.0088207591325044,-0.2249677330255508,-0.0727961172815412,-0.0300437696278095,0.0112300626933574,-0.5661123394966125,-0.2356960270553827,-1.3166703865863385e-05,0.0004568397998809,-0.0132799008861184,-0.2298731828668678,4.995647430419922,-1.9970436096191408,2.9401636123657227,1.1717860698699951,0.2112482347920224,-0.9301236987665442,-1.7489408964681636,2.0073658911358274,0.15835518566655085,-0.11511261732671452,1.6273766551593676,1.8039515887042146,0.41684585634786253,3.8481741002114447,Water-lily textile,The American Wing,,American,"Silk, printed, woven",Associated Artists,unknown,19th c. CE,print
325572,-0.0115001751109957,0.0991450920701026,-0.3531250357627868,-0.0423339705448597,-0.0008841733797453,0.0012861714931204,-0.994557797908783,-0.2487023557623615,-8.137829718180001e-05,0.000488169491291,-0.0375078469514846,-0.0171010501871933,6.661409378051758,-5.41457462310791,-3.1899185180664062,-1.202850103378296,0.5959162034542098,-1.0007958412481779,0.5410160009606108,-0.06491255255040587,-0.37774686996817763,0.017805952654059203,0.7421482741279476,2.765338779661113,0.31927515431617237,3.826762208105233,Ivory fragment,Ancient West Asian Art,,Assyrian,Ivory,,unknown,9th c. BCE,other
24182,-0.0003213099553249,0.003640187671408,-0.7723474502563477,-0.1913593670906266,-0.0001266368926735,0.0004622834676411,-0.9983241558074952,-0.2495261979602219,9.927150586008793e-07,0.0001059440764947,-0.2722568809986114,-0.0688440041836315,6.50001335144043,-6.989484786987305,-3.8719778060913086,-1.996886730194092,-1.2859372674736254,-1.0052723306942992,-0.015866767967908563,-0.757846065391177,-0.626654074857143,-0.7662306078817526,0.5447789001274916,3.0799734603136106,0.20060087324839848,3.825353233689501,Cuirass,Arms and Armor,Armor Parts-Cuirasses,Iranian,"Leather, lacquer, pigment, iron, copper alloy, gold",,unknown,18th c. CE,other
501054,-0.0001611077459529,0.0002099690609611,-0.2738191783428192,-0.0684554008912528,-0.0003810682101175,-5.3445910452865064e-05,-0.0111778127029538,-0.2497448848989734,-1.483185769757256e-06,0.0003464499313849,-0.0085175577551126,-0.0042678953095673,7.585317611694336,-3.568662643432617,-0.2353858947753906,0.1635828018188476,0.266061658508489,-1.0064606040989243,0.6791326384999528,1.1275351521058312,-0.03972134482023647,0.26656721125383714,0.9187085321578865,2.511596714881093,0.39427103445902617,3.8245762814980053,Kaval,Musical Instruments,Aerophone-Blow Hole-end-blown flute (vertical),Turkish,Boxwood,,unknown,19th c. CE,other
324321,-0.0040288208983838,0.0612790547311306,-0.1720755845308303,-0.0137840140378102,-0.0058315121568739,0.1365325450897216,-0.6888921856880188,-0.1119375737616792,-6.390878297679592e-07,0.0002787578850984,-0.0064077493734657,-0.0182801747497478,5.753615379333496,-5.7450714111328125,-5.6259355545043945,-1.5898127555847168,0.956437537354032,-0.2576606816058118,0.5283256904817738,-0.4026040152312337,-0.4334536295334885,0.2061246327496901,0.6461244361844429,2.9385198932619474,0.22469194592481737,3.8093362753712077,Incised cosmetic box fragments with a warrior and four women,Ancient West Asian Art,,Assyrian,Ivory,,unknown,9th c. BCE,other
458970,0.0122775854542851,-0.0163281708955764,-0.0448696948587894,-0.0171198563184589,0.0281852111220359,0.2881369590759277,0.0921791717410087,0.1069676019251346,0.0397363156080246,0.0619208961725235,0.0057294201105833,-0.1286848080344498,6.417028427124023,-6.556572914123535,0.2188720703125,-1.2362160682678225,0.9143133993224403,0.9317985512524617,-0.6599025249068343,-0.09403009509115451,-0.31876328267389914,0.2730448326442283,0.7853484600106186,2.7681652648321684,0.2540245433569333,3.8075382681997207,Saint Ambrose,Robert Lehman Collection,Paintings,,"Tempera on wood, gold ground",Giovanni di Paolo (Giovanni di Paolo di Grazia),male,15th c. CE,painting
464292,-0.0068002850748598,0.0176054649055004,-0.7830049991607666,-0.190230497973971,0.0033040829002857,0.4678354263305664,-0.0474932566285133,0.2209488479420542,0.0059737917035818,0.3355624973773956,-0.033239908516407,0.0506026889197528,3.2662315368652344,-5.086616516113281,-2.819967269897461,-1.8307273387908936,-1.271682205486596,1.5511354171906298,1.2696764810577765,-0.6128434208176882,-0.4373515749757644,0.23407156798603054,1.3894476292694435,1.991272054653041,0.42246941986675424,3.8031891037892387,Diptych with the Glorification of the Virgin and the Crucifixion,Medieval Art,Ivories-Elephant,German,Elephant ivory with metal mounts,,unknown,13th c. CE,other
325562,-0.0014042474795132,0.0301363468170166,-0.5415133833885193,-0.1208741067093797,-0.0005987490876577,0.0912570878863334,-0.7474244832992554,-0.1571198995079612,-0.0001405704533681,0.0001716246188152,-0.0245228447020053,-0.0084403417640714,5.325019836425781,-8.073213577270508,-1.2045650482177734,-1.922588348388672,-0.3958679573277807,-0.503166683701506,0.6342267459034424,-0.6930079496618406,-0.5522556740925211,-0.23945396119692122,0.5952699490170356,2.9176243414213907,0.2670811175651419,3.779975408003568,Furniture element carved in the round with the head of a roaring lion,Ancient West Asian Art,,Assyrian,Ivory,,unknown,9th c. BCE,other
316709,-0.0015668676933273,0.0096216313540935,-0.7634084820747375,-0.1869267091096844,-0.0173504929989576,0.0012416943209245,-0.9527845978736876,-0.2457854512322228,-4.767912469105795e-05,0.0026657460257411,-0.4365706741809845,-0.1368852500036155,7.316583633422852,-4.997333526611328,-3.3079233169555664,-0.8126728534698486,-1.2299628295575333,-0.9849463346576922,-0.7481596590190653,0.2755841994619325,-0.34556756595384286,-0.6718711559430895,0.6615572461680045,2.865221722061354,0.24467479986816645,3.771453768097525,Nose ornament,The Michael C. Rockefeller Wing,Metal-Ornaments,Vicús,Gold,Vicús artist(s),unknown,1th c. BCE,other
13638,-0.0162364915013313,0.0157198086380958,-0.6204003095626831,-0.163363391533494,-0.0264998730272054,0.1974538564682006,-0.0735550448298454,-0.0483405436389148,0.000869307317771,0.3672930300235748,-0.0057861232198774,0.0275320785876829,6.122276306152344,-5.401179313659668,1.0381717681884766,0.1358098983764648,-0.9324114591526187,0.08790481004850248,1.0213793822203507,1.103298517554989,-0.012090489552065278,0.3200428126678059,0.9535708745362278,2.4878873463199564,0.31366364797894575,3.75512186883513,"Coverlet, Agriculture & Manufactures pattern",The American Wing,,American,"Wool and cotton, woven",,unknown,19th c. CE,other
459133,-0.0018996002618223,-0.0066129360347986,-0.1841413825750351,-0.0488485878449864,0.6341147422790527,0.1594558209180832,-0.0007020779885351,0.2321493154158815,0.0208353903144598,0.1515174359083175,0.0005238017765805,-0.0745412330434192,2.441875457763672,-7.341617584228516,1.0719261169433594,-2.20833683013916,0.5136513314111084,1.6119950995040946,-0.07718310840870443,-0.9423726421223267,-0.5248943339029211,0.2765226700960429,1.07246292424209,2.349436946034185,0.32205926958603254,3.7439591398623073,The Adoration of the Magi,Robert Lehman Collection,Paintings,,"Tempera on wood, gold ground","Italian, Neapolitan Follower of Giotto",unknown,14th c. CE,painting
59025,-0.0102560147643089,-0.0008592866361141,-0.1294668316841125,-0.0389798786491155,0.2447618395090103,0.1134730875492096,0.2180091291666031,0.159367760643363,0.0018719746731221,0.0267425626516342,-0.002797813154757,-0.1358027196256443,7.423715591430664,-4.074880599975586,0.7684612274169922,0.2003717422485351,0.6382707928203163,1.2165239004594068,-0.7365089420079078,1.159639829478034,0.04623922615428457,0.5694813951874622,0.9087158931274506,2.535162645546555,0.29360835523308476,3.73748689390709,Pavilion amongst Wintry Trees after Ni Zan,Asian Art,Paintings,China,Hanging scroll; ink on paper,Qi Zhijia,unknown,17th c. CE,drawing_paper
459227,-0.0041648871265351,0.0681460425257682,-0.2570604085922241,-0.0337975634029135,0.3593548834323883,0.2710117995738983,0.0117673724889755,0.2244048826396465,0.0116392532363533,0.059900514781475,0.0083308471366763,-0.0563643118366599,1.546611785888672,-7.2454071044921875,0.3615951538085937,-2.587325096130371,0.7037117053060781,1.5699143810375653,0.11844573436885383,-1.2731050814202995,-0.6132705221825745,0.2797416848230494,1.1946611273203742,2.202670150403883,0.3383216781172994,3.7356529558415565,Emperor Vespasian Cured by Veronica's Veil,Robert Lehman Collection,Textiles-Tapestries,"Flemish, Brussels","Wool, silk, and gilt-metal-strip-wrapped silk in slit, dovetailed, and double interlocking tapestry weave.",,unknown,16th c. CE,other
322619,-0.0196838025003671,0.114980936050415,-0.1341448575258255,0.0145387384109199,-0.0005362785886973,0.4066846668720245,-0.0076921302825212,0.1592771516297944,-2.72058678092435e-05,0.0067490683868527,-0.0033110461663454,-0.1045816391306289,6.614532470703125,-5.688071250915527,1.6082077026367188,-0.284229040145874,1.3140897982255806,1.2160315606714998,-0.40049252987571327,0.7367423067069042,-0.05374869730894716,0.7165927839320678,0.7862839553650925,2.66611602474454,0.26140283019325355,3.713802810302886,Relief panel,Ancient West Asian Art,,Assyrian,Gypsum alabaster,,unknown,9th c. BCE,other
76084,-0.0002256912994198,0.0110430680215358,-0.6108621954917908,-0.1475000293430639,0.0012004412710666,0.3469951152801513,0.0409976243972778,0.1399810807779431,0.0221821870654821,0.0661172196269035,-0.074156567454338,-0.0665779341943562,7.623050689697266,-0.6063499450683594,-0.7492256164550781,0.9757966995239258,-0.732093098050467,1.1111830135295218,0.008521776418256828,1.8363314598678881,0.2254249541911122,0.5559857879412999,1.141109556436585,2.2658420601435254,0.298645400857666,3.7055970174377766,The Bodhisattva Jizō,Asian Art,Sculpture,Japan,"Japanese cypress wood (hinoki) with polychrome pigments, gold paint (kindei), cut gold leaf (kirikane), and rock-crystal eyes",Intan,unknown,13th c. CE,other
316847,-0.0001029120467137,6.89237640472129e-05,-0.942578673362732,-0.2356744328608329,-6.168092659208924e-05,3.9259368350030854e-05,-0.998660445213318,-0.2499188551655606,-7.837572047719732e-05,0.0010761937592178,-0.7901195287704468,-0.2229512895082734,6.439702987670898,-8.274581909179688,-2.8032684326171875,-2.4312803745269775,-1.845536250378844,-1.0074059017109416,-1.6744441226653515,-1.136929225736524,-0.7849562380154111,-1.4160788751229154,0.4066629907959434,3.24432674335907,0.052489270440168635,3.7034790045951818,Kero (beaker),The Michael C. Rockefeller Wing,Wood-Containers,Quechua,"Wood, tin, pigment, resin",Peruvian artist(s),unknown,16th c. CE,other
324745,-0.0005640376475639,0.0050075119361281,-0.6139183044433594,-0.1512187254411401,-0.0001066260738298,7.022220233920962e-05,-0.9996171593666076,-0.2499288374438038,-4.8401878302684054e-05,0.0049740327522158,-0.2521125674247741,-0.0697908504216684,7.443231582641602,-5.57867431640625,-2.2118453979492188,-0.968381404876709,-0.7790518132875799,-1.007460142150822,-0.026057186451241294,0.1397017100881349,-0.35982995454583033,-0.4182168579503771,0.5604973533927945,2.8990695835129725,0.24351626750001232,3.7030832044057793,Border strip,Ancient West Asian Art,,Assyrian,Ivory,,unknown,9th c. BCE,other
322351,-0.0031328492332249,0.0182542819529771,-0.0734703466296196,-0.0107772052870132,-0.0016398524167016,0.0183468461036682,-0.4118075370788574,-0.231237980100559,-3.1884901545709e-05,0.0050561241805553,-0.0153507255017757,-0.0167318284866269,0.7236137390136719,-6.9322509765625,-1.8693599700927737,-3.1138176918029785,0.9944067266013547,-0.9059001275590857,0.5449897439937987,-1.7325604157001238,-0.8431411764192944,-0.274766018166014,1.2657400648337156,2.0487245842157566,0.38853449524012584,3.7029991442895978,Silver drachm,Ancient West Asian Art,,Parthian,Silver,,unknown,2th c. BCE,other
318662,-0.0019418991869315,0.0336120910942554,-0.6625134944915771,-0.1494541061983909,-0.0225656051188707,0.1834479868412017,-0.532029926776886,-0.061743798200041,-1.796321157598868e-06,0.0012807976454496,-0.0235050842165946,-0.0173256645875881,7.232448577880859,-6.360526084899902,0.4914836883544922,-0.781646728515625,-0.7567686660938476,0.015075902106689668,0.5385985918339171,0.3026598292607508,-0.2525425743754113,0.02489141427687748,0.563364648684019,2.9194395990185975,0.21737338572824424,3.7001776334308607,Vessel with throne scene,The Michael C. Rockefeller Wing,Ceramics-Containers,Maya,"Ceramic, slip",Chamá artist(s),unknown,6th c. CE,other
13565,-0.0066527994349598,0.0201369915157556,-0.7130571603775024,-0.1734553424175828,-0.0032089757733047,0.0221868343651294,-0.8738394379615784,-0.2273572831181809,-2.2003005142323673e-06,0.0850331038236618,-0.098615638911724,-0.117907584308341,6.449714660644531,-6.471799850463867,-1.876962661743164,-0.6806035041809082,-1.0598499578237044,-0.88481368754627,-0.54391281565346,0.39083741959155055,-0.29983092850625326,-0.5244347603579709,0.6466954365248768,2.817062337178572,0.22334693427235008,3.687104707975799,Bed rug,The American Wing,,American,Wool embroidered with wool,N. L.,unknown,18th c. CE,other
313267,-0.0001194016658701,0.0002433803019812,-0.8768187761306763,-0.2191484720715379,-6.404328814824112e-06,5.334522211342119e-05,-0.999461829662323,-0.2499407060981866,-2.879533712984994e-05,0.0004726580227725,-0.167964294552803,-0.0434582972829957,5.963935852050781,-5.336464881896973,-2.695798873901367,-1.4008972644805908,-1.6368507686247242,-1.0075246325425768,0.25734652308244416,-0.23774276014559198,-0.47836118498332775,-0.6561929095576123,0.8356192591240211,2.55308459972948,0.2972662266847961,3.6859700855382975,Kero (beaker),The Michael C. Rockefeller Wing,Wood-Containers,Inca,Wood,Inca artist(s),unknown,14th c. CE,other
464017,-0.0078631127253174,0.0471790768206119,-0.7273324131965637,-0.1609949602279812,-0.0071852225810289,0.4801163971424103,-0.0280552450567483,0.2309771189466118,-0.0001070498256012,0.3169721364974975,-0.0683561936020851,0.1311335917853284,4.446758270263672,-4.5710649490356445,-1.1590080261230469,-0.8343021869659424,-0.9025035322069951,1.6056257667154925,2.1363891193656404,0.2567088862412369,-0.15829660911549584,0.7740550600288437,1.3694232004973117,1.9712315588886888,0.33273101327911164,3.673385772665112,Casket Plaque,Medieval Art,Ivories-Bone,Byzantine,"Ivory, traces of polychromy",,unknown,9th c. CE,other
310480,-0.001915403176099,0.0437354333698749,-0.2475431561470031,-0.0408778061391785,-0.0138724585995078,0.0674369409680366,-0.7438730597496033,-0.171003584517166,-0.0001329498772975,0.0011007928987964,-0.0292385891079902,-0.0236231150265666,7.049825668334961,-6.988269805908203,0.5172271728515625,-0.991741180419922,0.6143042641780152,-0.578606093795314,0.47082237561924434,0.11931628858529836,-0.3068114215257083,0.15645920864681095,0.5323366387880067,3.006291428054434,0.1309217803176586,3.6695498471601,Head of a Rain God,The Michael C. Rockefeller Wing,Stone-Sculpture,Maya,Fossiliferous limestone,,unknown,9th c. CE,other
324200,-0.0008194071706384,0.015729920938611,-0.7230978608131409,-0.1733364175888709,-0.0387174785137176,0.1676429957151413,-0.5927109122276306,-0.0804548300802707,-7.28312588762492e-05,0.0029075711499899,-0.5218585729598999,-0.1346029763153637,2.7752914428710938,-8.029837608337402,-4.320009231567383,-3.20267653465271,-1.0583482063982534,-0.08659373433025891,-0.7235967225648794,-1.8101050377533259,-0.8977676896593039,-0.9196609252616794,0.7175344348544281,2.72101806076417,0.22752554675602835,3.6660780423746266,Head of a female figure,Ancient West Asian Art,,Assyrian,Ivory,,unknown,8th c. BCE,other
323479,-0.0065452167764306,0.0154878739267587,-0.1287422627210617,-0.0273074705619364,0.0007222360000014,0.0244258362799882,-0.0760859549045562,-0.2233802357222885,-0.000168901271536,0.0148525824770331,-0.118583895266056,-0.0948866879007255,-0.3097000122070312,-6.051513671875,-5.060096740722656,-3.5883893966674805,0.7856668889360429,-0.8632037108533156,-0.2961507621848466,-2.1467058435569175,-0.9834909477131077,-0.6300983569147592,1.2207031582874328,2.1523610058790283,0.29144834351145676,3.6645125076779177,Drachm,Ancient West Asian Art,,Parthian,Silver,,unknown,1th c. BCE,other
36131,-0.0570564642548561,0.148360401391983,-0.0167944394052028,0.0273240385577082,0.0334515571594238,0.0290269181132316,0.4117083251476288,0.1092206630855798,0.0005670073442161,0.0026399295311421,0.0052486727945506,-0.1078571663820184,7.656579971313477,-3.832956314086914,0.1533145904541015,0.0237946510314941,1.475539202258528,0.9440409497753732,-0.4357453429559283,1.0055459502134263,0.013120546573190926,0.7473451898228498,0.82367602513519,2.5552470138537355,0.283777756808063,3.6627007957969884,Landscapes with poems,Asian Art,Paintings,China,Fifteen leaves from an album (1980.516.2a–c and 1981.4.1a–o) of eighteen leaves,Gong Xian,unknown,17th c. CE,other
324045,-0.0009618566255085,0.0076875640079379,-0.764391303062439,-0.1876407227682648,-0.0261550154536962,0.0736682564020156,-0.784336268901825,-0.1723947967402637,-1.8892792468250263e-06,0.0001930803118739,-0.0290656667202711,-0.0096282794121407,5.941795349121094,-5.972219467163086,-1.0115947723388672,-1.3449783325195312,-1.238979206046602,-0.5861654866622801,0.6214415847234912,-0.18894387524595369,-0.4286605328600501,-0.3481617458078361,0.7779636831735051,2.5699968636925656,0.30348104529846265,3.6514415921645336,Cup decorated with ibexes,Ancient West Asian Art,,Iran,"Ceramic, paint",,unknown,45th c. BCE,other
469960,0.0095452470704913,0.0702871903777122,-0.2148459255695343,-0.0183609400410205,0.038656111806631,0.4059335887432098,-0.0154267884790897,0.1934060882776975,-0.0003977364685852,0.0229491908103227,-0.0009188253898173,-0.1876311855230596,2.430137634277344,-5.816841125488281,0.6698694229125977,-2.214829921722412,0.8986413208368291,1.40147705631187,-1.2943120314924539,-0.9480389811903649,-0.5568539897521987,0.014441841116470122,1.3347760661757961,1.9052021115815299,0.39904517187171346,3.6390233496290394,Fragment of a Floor Mosaic with a Personification of Ktisis,Medieval Art,Mosaics,Byzantine,Marble and glass,,unknown,5th c. CE,sculpture
309713,-0.0009294535848312,0.0112414564937353,-0.828852117061615,-0.2019944589555962,-0.0009322512778453,0.0284329168498516,-0.9122433662414552,-0.2212581227504415,-2.3133077320380838e-07,5.2479499572655186e-05,-0.1022975295782089,-0.0261170387863955,6.147308349609375,-2.7993850708007812,-3.228673934936523,-0.3242964744567871,-1.4202344074485764,-0.8516728420211276,0.4439815584334736,0.701776579598174,-0.19341652373730506,-0.2815372778595141,1.0189814258268728,2.2832177428646574,0.3314409947817633,3.6336401634732933,Yoke-form vessel,The Michael C. Rockefeller Wing,Ceramics-Containers,Maya,"Ceramic, red pigment (possibly cinnabar)",Maya artist(s),female,4th c. CE,other
316846,-0.0001407111412845,0.0018321741372346,-0.8234110474586487,-0.2049878818070283,-0.0006853108061477,0.0021704838145524,-0.9912906885147096,-0.2472972016839776,-3.873258174280636e-05,0.0002851512108463,-0.2280296236276626,-0.0683645452400014,6.600349426269531,-5.454597473144531,-3.1702404022216797,-1.4521310329437256,-1.4580345630830704,-0.9931606928928305,-0.010706598254083403,-0.2824530341534766,-0.49319516541868325,-0.6860887220958654,0.6606200013251029,2.7585262173656493,0.2119072527122456,3.6310534714029976,Kero (beaker),The Michael C. Rockefeller Wing,Wood-Containers,Quechua,"Wood, tin, pigment, resin",Peruvian artist(s),unknown,16th c. CE,other
325867,-0.0047086058184504,0.1728532165288925,-0.2410323619842529,0.0229606844950467,-0.0205558612942695,0.346966415643692,-0.1543167531490326,0.1007588151842355,-0.0006747994339093,0.0014023062540218,-0.0065584764815866,-0.0120243839919567,2.6947689056396484,-6.6629533767700195,-1.310136795043945,-2.3996331691741943,1.4204399159755696,0.8980620318182375,0.5956535450003998,-1.1093115964784916,-0.5719845133717172,0.4512109740789289,1.094710762275644,2.1609245566743054,0.369339475768428,3.6249747947183772,Cloisonné furniture plaque with a figure holding a sword,Ancient West Asian Art,,Assyrian,Ivory,,unknown,9th c. BCE,other
326456,-0.0022938996553421,0.0155895138159394,-0.1108214110136032,-0.0208592098206281,-0.006219127215445,0.003229837398976,-0.9027124643325806,-0.2326573937898501,-8.974097909231205e-06,0.0001108308279071,-0.0129669960588216,-0.0189451347498561,3.634437561035156,-6.390329360961914,-1.6049270629882812,-2.491754055023194,0.867093827825295,-0.9136127579830835,0.5211690684204877,-1.1897029120445421,-0.691053948345882,-0.17876319344546074,1.0239995242974878,2.236872990283446,0.34705098809080803,3.6079235026717416,Bulla,Ancient West Asian Art,,Parthian,Un-baked clay,,unknown,2th c. BCE,other
464161,-0.0004417712334543,0.0049295360222458,-0.8552520275115967,-0.2116221965407021,0.009142086841166,0.4293819069862366,-0.0923615172505378,0.1903491711709648,0.0039281737990677,0.1439686864614486,-0.3095259368419647,-0.1260654021752998,2.914297103881836,-3.804405212402344,-5.032143592834473,-1.4759304523468018,-1.5418109428020639,1.3848667671066128,-0.6317112085028376,-0.3032221205326244,-0.4058172199729597,-0.27296937618272826,1.2231094976840213,2.0385548845045625,0.3411656105542494,3.602829992742833,Folding Devotional Shrine with Scenes from Christ's Passion,Medieval Art,Ivories-Elephant,French or German,"Elephant Ivory, with modern paint, gilding, and metal mounts",,unknown,14th c. CE,other
458963,0.0045502334833145,0.0746027082204818,-0.0041199908591806,0.0338915878674015,0.2449086904525756,0.3523383438587188,0.0303499158471822,0.2430888800881803,0.0082340128719806,0.0131773995235562,0.0012391407508403,-0.2299636271200142,0.9247264862060548,-4.78968620300293,-0.5335235595703125,-1.757835865020752,1.5584724857820544,1.6714371212018018,-1.7499143013906835,-0.5492330743047905,-0.4277047560462961,0.23269055782209555,1.6703109479370166,1.4506231279351929,0.47965992525974166,3.600594001131951,"Madonna and Child Enthroned with Saint John the Evangelist, Saint Peter, Saint Agnes, Saint Catherine of Alexandria, Saint Lucy, an Unidentified Female Saint, Saint Paul, and Saint John the Baptist, with Eve and the Serpent; the Annunciation",Robert Lehman Collection,Paintings,,"Tempera on wood, gold ground",Paolo di Giovanni Fei,male,14th c. CE,painting
639782,-0.0001574742491357,0.0009178304462693,-0.9292893409729004,-0.2319672754383646,-0.0019785542972385,0.111123226583004,-0.7279086709022522,-0.135156046715565,0.0006692121969535,0.0170883312821388,-0.0795060023665428,-0.082030195480911,6.434885025024414,-4.247611999511719,-2.859315872192383,-0.9900918006896972,-1.7987232424993087,-0.38382228076042313,-0.15778295469655249,0.12075565605510424,-0.35981132958113443,-0.554893205475295,0.854512796402496,2.4973517726873395,0.24695255778299713,3.5988171268728326,War club,The American Wing,,"Pawnee, Native American",Wood and pigment,,unknown,18th c. CE,other
324382,-0.0049774409271776,0.034291885793209,-0.3311299383640289,-0.0679227873915806,-0.0396118722856044,0.3396274149417877,-0.0639215186238288,0.0931172659620642,-0.0007866900414228,0.0070192134007811,-0.0102128386497497,-0.1169847415294498,6.824378967285156,-2.99434757232666,-4.991259574890137,-0.1716938018798828,0.2727873615514152,0.8565403489839466,-0.533980734040377,0.8349486555534751,-0.06587101620971225,0.35757390801211497,0.6529197492883673,2.7061659540392937,0.2299942639377384,3.5890799672653992,Plaque,Ancient West Asian Art,,Assyrian,Ivory,,unknown,9th c. BCE,other
319873,-0.0005406864220276,0.0138915022835135,-0.4875573217868805,-0.1151748396514449,-0.003467827104032,0.0277930665761232,-0.9275635480880736,-0.2217812330927699,-7.468926924047992e-06,0.0003145347873214,-0.1298010200262069,-0.0334709041153473,2.031352996826172,-8.446027755737305,-2.6461620330810547,-2.6936841011047363,-0.3238991134708513,-0.8545152527797308,0.3648356927568442,-1.365921604550577,-0.7660277694910747,-0.5448750695110788,0.740810029613753,2.5984851488497402,0.2449498332767074,3.5842450117402005,Deity face pendant,The Michael C. Rockefeller Wing,Stone-Ornaments,Maya,"Jadeite or omphacite, iron ochre",,unknown,unknown,other
10771,-0.0007430934929288,-0.0128030683845281,0.0003353378560859,-0.0038398747055907,0.02136205509305,0.4349814355373382,0.0155713465064764,0.231148759368807,0.0663097202777862,-0.1080852597951889,0.0004413529823068,-0.1010494615984498,3.941707611083984,-5.494134902954102,0.4587383270263672,-2.118568420410156,1.0820095106651733,1.6065584047139831,-0.36247752198493055,-0.8640342665424822,-0.49807724933634734,0.36551403171293595,1.1683774542950274,2.0471943686116085,0.36734242015648716,3.582914243063123,Spring Landscape,The American Wing,,American,Oil on canvas,Thomas Doughty,male,19th c. CE,painting
466060,-0.0003267801366746,0.0239558015018701,-0.630114734172821,-0.1458434778032824,-0.0122238174080848,0.023560794070363,-0.7400989532470703,-0.2179477713070809,-1.8909915525000542e-05,0.0009659039787948,-0.1237854957580566,-0.0389366757281095,2.1427478790283203,-6.202093124389648,-6.039482116699219,-3.0552048683166504,-0.711174601356843,-0.833685473399271,0.3060104074773173,-1.6814106471576213,-0.8644831982887808,-0.7300650786091045,0.8143719134018569,2.5111366061597016,0.24419963920579862,3.569708158767357,Steelyard Weight with a Bust of a Byzantine Empress and a Hook,Medieval Art,Metalwork-Copper alloy,Byzantine,"Copper alloy, filled with lead, brass hook",,unknown,4th c. CE,other
464253,-0.0026346440427005,0.0330012217164039,-0.6345846652984619,-0.1440500997705385,-8.964515291154385e-05,0.4872447550296783,-0.0086017241701483,0.2381927671958692,0.007106153294444,0.1434959173202514,-0.0456044487655162,-0.0437831017188727,2.974630355834961,-5.440380096435547,-3.2490224838256836,-2.164273500442505,-0.6885282957349124,1.644833242757156,0.2538508201965227,-0.9039198090879035,-0.5284784836840117,0.07655898953271567,1.1601169129545408,2.0654084552350382,0.34391323311771377,3.5694386013072927,Folding Shrine with Virgin and Child,Medieval Art,Ivories-Elephant,French,Elephant ivory with traces of polychromy and metal mounts,,unknown,13th c. CE,other
325839,-0.0007094460306689,0.0012285420671105,-0.6723911166191101,-0.1678697912284406,-0.0268466081470251,0.0101698022335767,-0.423638105392456,-0.2339119743555784,-5.355330358725041e-06,6.018259227857925e-05,-0.0054700118489563,-0.0025965283102777,6.101100921630859,-3.4487571716308594,-2.6790828704833984,-0.3461365699768066,-0.9893170880178235,-0.9204297390461766,0.6971207008460688,0.6827173402654071,-0.1876287159677758,-0.13247719648813108,0.9500558953827304,2.272726681699003,0.3448394967230252,3.567622073804759,Bowl,Ancient West Asian Art,,Iranian,Ceramic,,unknown,4th c. BCE,other
49156,-0.0033299401402473,0.0020787278190255,-0.018816789612174,-0.0106006406713277,0.2184212356805801,0.0810703039169311,0.2173503339290619,0.1007271856069564,0.0034360676072537,0.009995830245316,0.0239586364477872,-0.2195981730474159,4.635475158691406,-4.699296951293945,0.0472869873046875,-0.9111204147338868,0.9966363380808233,0.8978901670251462,-1.6383562568780472,0.1896717715543438,-0.2601480107114185,0.1114605049455665,1.2206533183980788,1.9921095737972387,0.34573832789140274,3.55850122008672,"The Kangxi Emperor's Southern Inspection Tour, Scroll Three: Ji'nan to Mount Tai",Asian Art,Paintings,China,Handscroll; ink and color on silk,Wang Hui,unknown,17th c. CE,drawing_paper
501478,-0.0002567937481217,0.0027136930730193,-0.5248737931251526,-0.1300409232353558,-6.005096292938106e-05,0.0014996199170127,-0.9437852501869202,-0.2484811112763054,6.109979949542321e-06,0.0002348630077904,-0.0094047989696264,-0.0159543024433332,7.357051849365234,-3.823288917541504,-1.741755485534668,-1.06292462348938,-0.5116241029017262,-0.999593670966764,0.5533578564122207,0.057196492600542895,-0.3643502401110936,-0.22516585621393165,0.6751850202000257,2.574973119398055,0.3056861292154882,3.5558442688135687,‘Gaillard’ Musette,Musical Instruments,Aerophone-Reed Vibrated-bagpipe,French,"ivory, sheepskin, silk",,unknown,unknown,other
322362,-0.0030716562177985,0.0199281573295593,-0.1118753552436828,-0.0189016325748525,0.0001050010323524,0.0202338807284832,-0.1630030870437622,-0.2287083892151713,-2.601753658382222e-05,0.0336742475628852,-0.074360467493534,-0.1120055988703825,0.1215267181396484,-6.158106803894043,-4.341642379760742,-3.327258825302124,0.8918135978776486,-0.8921551568221523,-0.48039278560081977,-1.9188245116189502,-0.9217186114906326,-0.5998897140410684,1.1639682664634452,2.0751746268475784,0.3105815264442603,3.5497244197552837,Tetradrachm,Ancient West Asian Art,,Parthian,Silver,,unknown,3th c. CE,other
317830,-0.000389748282032,0.0029608234763145,-0.7639975547790527,-0.1896796913424623,-0.0002776367473416,0.0049295127391815,-0.7191929817199707,-0.2443937133502913,-2.0471781681408174e-05,0.0001070379803422,-0.0492898300290107,-0.0131038322583663,4.532567977905273,-5.908454895019531,-2.8715076446533203,-2.078831195831299,-1.264726764364878,-0.9773840855322973,0.5840359991688524,-0.8293567042134113,-0.6315021081956047,-0.6218578887354336,0.8239973897959442,2.3746020819883897,0.34851208609932505,3.547111557883659,Hand Cross (mäsqäl),The Michael C. Rockefeller Wing,Wood-Sculpture,Amhara or Tigrinya peoples,Wood,,unknown,17th c. CE,other
324751,-0.0016393417026847,0.0091834515333175,-0.5804362893104553,-0.1411782623617909,-0.0017483313567936,0.0161926634609699,-0.9598380327224731,-0.2337354292394593,-7.84898475103546e-06,0.0041789975948631,-0.3650472164154053,-0.0993832394674427,7.820619583129883,-5.518576622009277,-3.3208274841308594,-1.1914348602294922,-0.6522634890586063,-0.9194704505427184,-0.344544831206799,-0.054950789745140345,-0.41643294782454626,-0.49280739013831604,0.3746855586067331,3.0650027017966845,0.09350403108680827,3.5331922914902263,Border strip,Ancient West Asian Art,,Assyrian,Ivory,,unknown,9th c. BCE,other
464272,-0.0129172522574663,0.0841653421521186,-0.4790829420089721,-0.0833039567805826,0.0001692282967269,0.4566835463047027,-0.0618765540421009,0.2107333968160674,0.0065242229029536,0.2993188500404358,0.0003197146579623,0.0102375405840575,3.943483352661133,-5.434244155883789,-4.4330034255981445,-1.6646335124969482,0.07855800418994621,1.4956279920167197,0.8352471754765807,-0.4678979930777057,-0.3817416329693515,0.48538379465138526,0.8596997759205072,2.386144550649359,0.28401566719648114,3.5298599937663475,Diptych with Scenes from the Passion,Medieval Art,Ivories-Elephant,French,Elephant ivory with paint and metal mounts,,unknown,13th c. CE,other
322358,-0.0031094758305698,0.0111117679625749,-0.275299608707428,-0.0643798655946739,0.0011735984589904,0.0112352212890982,-0.1076441183686256,-0.2373196210828609,-1.1123986041639e-05,0.0208281241357326,-0.4125818014144897,-0.162758755564937,-1.9035320281982424,-6.431775093078613,-4.01666259765625,-4.129096508026123,0.3175264451926869,-0.9389457784653835,-1.0266228758633913,-2.618565787340907,-1.1483886875671487,-1.0666519991192487,1.2030929004407258,2.0685638196140093,0.24407553211854416,3.5157322521732794,Drachm,Ancient West Asian Art,,Parthian,Silver,,unknown,1th c. CE,other
326387,-0.0021569535601884,0.0054473252967,-0.0895034149289131,-0.0203210738836787,-0.0009174229926429,0.0003086631768383,-0.9801502823829652,-0.2474589987832587,-2.472430423949845e-05,0.0010717588011175,-0.0303399749100208,-0.0280237959859732,5.843581199645996,-4.703561782836914,-2.779491424560547,-1.0171689987182615,0.8738892667521642,-0.9940398454893179,0.42346011257539,0.0971261441230672,-0.328243216842793,0.10010891949032587,0.7959192665787063,2.418536024717061,0.29882571167629396,3.513281002972061,Bulla,Ancient West Asian Art,,Achaemenid,Unbaked clay,,unknown,6th c. BCE,other
325670,-0.0024027484469115,0.0260412786155939,-0.6225340962409973,-0.1437563857762143,-0.0112842880189418,0.3406597673892975,-0.1153683215379715,0.0936008067801594,-6.467156345024705e-05,0.0011128748301416,-0.0232185758650302,-0.0179092689213575,5.109163284301758,-6.668792724609375,-1.476419448852539,-1.441493034362793,-0.6848193527460619,0.8591677518708023,0.532317558915492,-0.27316955090177664,-0.37738947057005134,0.10837410178461396,0.7113720487127682,2.563493773928598,0.23819076362680372,3.5130565862681697,Furniture plaque carved in relief with a falcon-headed figure,Ancient West Asian Art,,Assyrian,Ivory,,unknown,9th c. BCE,other
312643,-0.0010246415622532,0.0059190038591623,-0.6640434265136719,-0.1635174144757911,-0.0194609872996807,0.0225656758993864,-0.9260846972465516,-0.2260335842147469,-1.3759443390881644e-05,0.0007158897351473,-0.0803423374891281,-0.0228378766541936,5.263825416564941,-2.9876184463500977,-4.621731758117676,-0.1545917987823486,-0.9343564203154987,-0.8776211400093104,0.47927349186409773,0.8498730944052577,-0.14174516853177005,-0.12070774351386337,0.9195917037462465,2.295487508708715,0.297752808988764,3.512832021443726,Yoke,The Michael C. Rockefeller Wing,Stone-Sculpture,Veracruz,Serpentine,,unknown,6th c. CE,other
53187,-0.0052165891975164,0.0917179808020591,-0.203034222126007,-0.0191831667907536,0.2250018417835235,0.1482437402009964,0.3127009570598602,0.1874237731099128,0.0502869561314582,0.0585781820118427,-0.0017932318150997,-0.089119903743267,6.811777114868164,-5.4218034744262695,-0.3858299255371094,-0.709968090057373,0.8882584579239312,1.3689711094430301,-0.23408583389258728,0.3652117683843883,-0.1577118468703702,0.5970888754646906,0.6892508733264848,2.6274038081364943,0.19093962085549324,3.5075943023184726,Kasuga Deer Mandala (Kasuga shika mandara zu),Asian Art,Paintings,Japan,Hanging scroll; color on silk,,unknown,13th c. CE,other
464130,-0.0008994051022455,0.0174468513578176,-0.672423779964447,-0.1602651374123525,-0.0133889988064765,0.4033951461315155,-0.1244083419442176,0.1538417004048824,-0.0019550705328583,0.1664099544286728,-0.0229090433567762,-0.0915229299571365,5.24089241027832,-5.084516525268555,-3.2417449951171875,-1.063084363937378,-0.8932875218450871,1.1864970938689783,-0.25994836759871426,0.05705709158800047,-0.2902576827254961,0.022579574003294352,0.8707328842824885,2.4038016003252047,0.22561152384938446,3.5001460084570777,Folding Shrine with the Virgin and Child,Medieval Art,Ivories-Elephant,French or Italian,Elephant ivory with metal mounts,,unknown,13th c. CE,other
53002,-0.0011927725281566,0.0086352135986089,-0.690240204334259,-0.1687477609957568,-0.0278502516448497,0.082801878452301,-0.6798205971717834,-0.1500179721042513,7.249237387441099e-05,0.003584048943594,-0.160856544971466,-0.1016530493870959,5.662996292114258,-8.061548233032227,-2.5919742584228516,-2.183983325958252,-1.0004038590802733,-0.4645771295946737,-0.3689736265377519,-0.9211200214847476,-0.651100527111339,-0.6887686591743616,0.31813747459351605,3.034287780499395,0.14759785953863394,3.500023114631545,"Shino Tea Bowl with Bridge and Shrine, Known as “Bridge of the Gods” (Shinkyō)",Asian Art,Ceramics,Japan,"Stoneware with iron oxide under glaze (Mino ware, Shino type)",,unknown,16th c. CE,other
313289,-0.0006815487286075,0.0066234581172466,-0.6448838114738464,-0.1581736835360061,-0.0006690956070087,0.0001883203658508,-0.993967592716217,-0.2493961884138116,-3.310430474812165e-05,0.0001339132431894,-0.0236524045467376,-0.0070435648613056,6.14753532409668,-3.155254364013672,-2.0776939392089844,-0.4702906608581543,-0.8668771929500441,-1.0045659012786752,0.6492595364403175,0.5743715443378821,-0.2212260244173194,-0.1619530033626299,0.8957593116233588,2.203781038458733,0.3878314678898385,3.48737181797193,Hand with beaker,The Michael C. Rockefeller Wing,Ceramics-Containers,Inca,"Ceramic, slip",Inca artist(s),unknown,14th c. CE,other
325874,-0.0042177881114184,0.0460195988416671,-0.2491561770439148,-0.0412161786807701,-0.0010805007768794,0.00890823174268,-0.9374560117721558,-0.2409553178295027,0.0013354524271562,0.0170973725616931,-0.1081642508506774,-0.084974520112155,4.175631523132324,-5.7426252365112305,-5.082914352416992,-1.8990130424499512,0.6100313848123476,-0.958700967211368,-0.18947120452829705,-0.6724344408226779,-0.5665397647680948,-0.3026438069374988,0.6862798637163282,2.559024597774681,0.22085345546342697,3.466157916954436,Incised furniture plaque with a frieze of lotus blossoms and buds,Ancient West Asian Art,,Assyrian,"Ivory, paint traces",,unknown,9th c. BCE,other
329081,-0.0028885952197015,0.082739919424057,-0.149626687169075,0.0023561051348224,-0.0018404542934149,0.0269996114075183,-0.831739068031311,-0.2224089225637726,-5.232456715020817e-06,0.000881464453414,-0.0995005071163177,-0.0302461970265994,4.505230903625488,-5.269702911376953,-3.9759817123413086,-1.144623041152954,1.160250712760545,-0.8579259123692523,0.39954155459629326,-0.01409942705013315,-0.34873051390212595,0.17194173198436322,0.8413867518323943,2.371895849829769,0.24311501598232543,3.4563976176444884,"Proto-Cuneiform tablet with seal impressions: administrative account of barley distribution with cylinder seal impression of a male figure, hunting dogs, and boars",Ancient West Asian Art,,Sumerian,Clay,,unknown,31th c. BCE,other
53429,-0.0137064568698406,0.0176425725221633,-0.1066910997033119,-0.0294358758255839,0.046648982912302,0.2294098436832428,0.3410095274448395,0.1827575089409947,0.0182383209466934,-0.0137375332415103,0.0068176868371665,-0.122587286052294,6.005804061889648,-4.404055595397949,0.9132709503173828,0.3923966884613037,0.7587899476510315,1.3436161538954456,-0.5942780357201681,1.3272146189003633,0.10578275888110512,0.7088356711816681,0.9103002338183156,2.2505056212017553,0.2941846838356981,3.4549905388557693,Cherry Blossom Viewing at Itsukushima and Yoshino,Asian Art,Paintings,Japan,"Pair of six-panel folding screens; ink, color, and gold leaf on paper",,unknown,16th c. CE,painting
327830,-0.0106632485985755,0.1083325818181037,-0.1372420936822891,0.0166651904582977,-0.0172083005309104,0.3321538865566253,-0.0093333041295409,0.1620581860188394,-0.0028128987178206,-0.0057026669383049,0.0010050134733319,-0.1786543005146086,5.215534210205078,-3.424269676208496,-1.031768798828125,-0.2790882587432861,1.3409420748097973,1.231142793288853,-1.1976984407762525,0.7412285225762234,-0.06975479569518939,0.5289037374746552,1.180223545085428,1.9080460774733736,0.36510399890613865,3.45337362146494,Panel with the god Zeus/Serapis/Ohrmazd and worshiper,Ancient West Asian Art,,Kushan,"Terracotta, gouache",,unknown,2th c. CE,sculpture
464132,-0.0095073897391557,0.0843087583780288,-0.3982019424438476,-0.0620759115554392,-0.0046944292262196,0.317665696144104,-0.316794604063034,0.0690642602276057,0.0151970032602548,0.4717699289321899,-0.0603711120784282,0.1469187843613326,2.2720298767089844,-4.956121444702148,-4.280418395996094,-1.6465327739715576,0.3466201701958645,0.7258441712481725,2.306277018506463,-0.4521019858057126,-0.3731564102345146,0.731659843536197,1.158878867470401,2.0161445907936812,0.2689441106369479,3.44396756890103,Right Leaf of a Diptych,Medieval Art,Ivories-Elephant,French,Elephant ivory,,unknown,13th c. CE,other
458972,-0.0027578622102737,0.0388396456837654,-0.0171673521399498,0.0111800786107778,0.1189639419317245,0.3747083246707916,0.0787859112024307,0.2295451387763023,0.0068491213023662,0.0357269048690795,0.0013263738946989,-0.1971081488009076,0.3756790161132812,-4.95731258392334,2.0860652923583984,-1.561840295791626,1.2716775265654134,1.5978448541377037,-1.396307707107827,-0.3781932334453197,-0.37955580680136336,0.27375536003749257,1.4098710645092554,1.622099149344198,0.411615939548048,3.4435861534015015,Madonna and Child with Saints Jerome and Agnes,Robert Lehman Collection,Paintings,,"Tempera on wood, gold ground",Giovanni di Paolo (Giovanni di Paolo di Grazia),male,15th c. CE,painting
459257,0.0044089211151003,0.0438177697360515,-0.0429980456829071,0.0041187384631484,0.0758180916309356,0.3071309626102447,0.0267831142991781,0.1759791388176381,0.0045936796814203,0.0105121750384569,0.0008732061833143,-0.2015939480625093,0.8127670288085938,-4.7387895584106445,-2.198598861694336,-2.4175808429718018,1.1825087823498093,1.3067847043800978,-1.4445860546067004,-1.1249740284518992,-0.6097692284383811,-0.02006664908217315,1.467060330067139,1.5181857801327487,0.4349054897352915,3.420151599935179,Saint Michael,Robert Lehman Collection,Paintings,,"Tempera and silver on wood, gold ground",Pietro di Giovanni d'Ambrogio,male,15th c. CE,painting
14972,-0.0002900234248954,0.0014352244324982,-0.8320112228393555,-0.2074271512174164,0.0012393603101372,0.0285139456391334,-0.2635858058929443,-0.2201806360390037,6.297002528299345e-06,0.0016167118446901,-0.1837482452392578,-0.0522049883194313,-1.7768001556396484,-6.080060005187988,-3.878419876098633,-4.219842195510864,-1.4888370149662111,-0.8458181311255047,0.16321039154909936,-2.697757005831814,-1.174913742771679,-1.2173004400936076,1.1985119964202862,1.9521085847077315,0.2668801485249967,3.4175007296530144,Decanter,The American Wing,,American,Blown and cut glass; clay cameo,"Bakewell, Page & Bakewell",unknown,19th c. CE,other
321904,-0.0020715293940156,0.0258731748908758,-0.5178297758102417,-0.1173612451530061,-0.0001939524081535,0.0009424941963516,-0.9258193969726562,-0.2490211062540765,-4.595699465426151e-06,0.0003690281882882,-0.0089654289186,-0.0312157426017165,6.531654357910156,-4.29804801940918,-3.0847959518432617,-1.0563781261444092,-0.35150846648944944,-1.002527827320042,0.38910683483694647,0.06290943738023734,-0.36349405503830207,-0.2255050053980769,0.600158852014694,2.54674404842163,0.26852678891958254,3.4154296893559066,Corner fragment of inscribed prism (kudurru),Ancient West Asian Art,,Babylonian,Clay,,unknown,7th c. BCE,other
468372,-0.0097104860469698,0.2781037092208862,-0.3731122314929962,0.0417185958940535,0.0346169397234916,0.4742412567138672,0.003774597775191,0.2464381324825808,0.0414623767137527,0.1599605828523636,-0.0295666586607694,-0.0384918856434524,-0.7015705108642578,-5.19865608215332,-2.4517736434936523,-2.530287265777588,1.6573098823825163,1.6896358648870218,0.3107974541146787,-1.2233297652492245,-0.5701556057611015,0.6086033590337481,1.3799859878123772,1.6227474889114146,0.4094330220814648,3.4121664988052567,"The Three Magi, from an Adoration Group",Medieval Art,Sculpture-Wood,South German,"Wood, gesso, paint, gilding",Hans Thoman,male,16th c. CE,other
324749,-0.0016348421340808,0.0150533327832818,-0.4142315089702606,-0.0966935011965688,-0.0002664909989107,0.0002662808110471,-0.9972136616706848,-0.249732191718067,-3.7334712033043616e-06,0.0005187486531212,-0.5389982461929321,-0.1425053846694481,6.116968154907227,-6.014094352722168,-3.7653846740722656,-1.6121265888214111,-0.09052163738395028,-1.0063916334993208,-0.8086462743498299,-0.4220766721937351,-0.5252644166013738,-0.581909054356709,0.40767765488304747,2.8059855502113007,0.19239748129651088,3.406060686390859,Border strip,Ancient West Asian Art,,Assyrian,Ivory,,unknown,9th c. BCE,other
464273,-0.0027751787565648,0.0212509091943502,-0.7304053902626038,-0.1732213821960613,-0.0017373077571392,0.3459045886993408,-0.2558496296405792,0.1043207766488194,0.0102743739262223,0.1625211536884308,-0.0136512517929077,-0.0975463555660098,4.878105163574219,-5.257906913757324,-3.205258369445801,-1.4347524642944336,-1.056895569745334,0.9174165671225845,-0.3247753956755267,-0.26728724429490375,-0.40029985635192133,-0.182885410648295,0.8168669083486566,2.356700089185808,0.22766976677495496,3.4012367643094197,Diptych with the Adoration of the Magi and the Vera Icon (True Image),Medieval Art,Ivories-Elephant,North French,Elephant ivory with metal mounts,,unknown,14th c. CE,other
322356,-0.0279255658388137,0.0420200377702713,-0.0615408830344677,-0.0060205413028597,0.0027859741821885,0.1227310895919799,-0.0582780949771404,-0.1238306059967726,-4.363989137345925e-05,0.0823218747973442,-0.0403341948986053,-0.0537153375280468,0.0579643249511718,-5.9515790939331055,-2.4140796661376953,-3.348452568054199,1.0544726270189901,-0.32228353464859183,0.1469552807682055,-1.9373196970039515,-0.8830047632204696,-0.26454383096633693,1.2530827196390084,1.7994776863509825,0.33829182433860505,3.390852230328596,Tetradrachm,Ancient West Asian Art,,Parthian,Silver,,unknown,1th c. CE,other
324739,-0.0155395315960049,0.1938944905996322,-0.3963113725185394,-0.0079746369738131,-0.0201220829039812,0.0586385019123554,-0.8358325362205505,-0.1912198322825133,-0.0001392235571984,0.0005836329073645,-0.1275007575750351,-0.0367301039150333,5.402692794799805,-6.101056098937988,-1.6899700164794922,-0.8463308811187744,1.0297968213768334,-0.6884545817664062,0.32975860363152376,0.24621178193556514,-0.27056386357253354,0.22932815629437903,0.7055604320038479,2.50713148490195,0.16459683471613057,3.3772887516219283,Openwork furniture plaque with a grazing oryx in a forest of fronds,Ancient West Asian Art,,Assyrian,Ivory,,unknown,9th c. BCE,other
318674,-0.0005983635783195,0.010523703880608,-0.6455197334289551,-0.1563337647821754,-0.0013441620394587,0.0065289190970361,-0.9846708178520204,-0.2434277841821313,-1.1689091479638591e-05,0.0014065006980672,-0.039111390709877,-0.0134406849838342,5.394979476928711,-4.066828727722168,-3.5774383544921875,-0.9260485172271729,-0.8436431833558592,-0.9721355418934807,0.5804106267463077,0.17664443484041734,-0.33481268779382845,-0.26468091591565374,0.7625914449287757,2.3073414222125,0.3071254680220652,3.377058335163341,Altar to the Sun Warrior,The Michael C. Rockefeller Wing,Stone Sculpture,Nahua,Stone,Mexico Nahua artist(s),unknown,15th c. CE,other
317619,-0.0006474379915744,0.0047328439541161,-0.8079270124435425,-0.1999894501641392,-0.0205210428684949,0.0052127460949122,-0.8967860341072083,-0.2445035368436947,-0.001075277570635,4.2101215512957424e-05,-0.0750288739800453,-0.0213980555217858,4.263179779052734,0.2801876068115234,-2.187612533569336,0.8677630424499512,-1.394915684325532,-0.977980830528406,0.49476954527906597,1.7420535147792533,0.10046799998008286,-0.03401836369890471,1.4349395604314719,1.4916568949145401,0.4491853221158756,3.3757817774618877,Turkey Vessel,The Michael C. Rockefeller Wing,Ceramics-Containers,Veracruz,"Ceramic, slip, pigment",,unknown,6th c. CE,other
718242,-0.0011085973819717,0.0134579725563526,-0.505986213684082,-0.120509462285554,-0.0016718049300834,0.008185707964003,-0.9686450958251952,-0.2415968279528897,-0.0001214892108691,0.0026803198270499,-0.0602392666041851,-0.0282756380147475,4.112616539001465,-7.360465049743652,-1.4864730834960938,-1.8155531883239744,-0.3912633235503416,-0.9621867237122851,0.42074966650526296,-0.5996013649322032,-0.5514837791442914,-0.3830754364223917,0.585506959359684,2.544958659481368,0.23620817527392532,3.3666737941149774,Plate with the god Chahk,The Michael C. Rockefeller Wing,Calligraphy,Maya,"Ceramic, slip",Maya artist(s),female,6th c. CE,other
327315,-6.226319965207949e-05,0.0003968756354879,-0.752320408821106,-0.187928646142609,-0.002544815884903,0.0174875985831022,-0.9381006360054016,-0.2315506663289852,-8.22487891127821e-06,0.0004680928832385,-0.0499319769442081,-0.0136679225811349,5.302726745605469,-3.1936168670654297,0.5003890991210938,-0.0497894287109375,-1.2426150266109481,-0.9075991624047547,0.5779649855021262,0.9413311858774894,-0.12073416594091665,-0.15772950440902175,1.078341610017387,1.9057821594634787,0.3725957448886383,3.3567195143695043,Miniature vessel,Ancient West Asian Art,,,Ceramic,,unknown,16th c. BCE,other
325080,-0.0054256240837275,0.0762253999710083,-0.3403177261352539,-0.0492091345367953,0.0010884569492191,0.2763172388076782,-0.4133102595806122,0.0285181109211407,3.7400004657683894e-05,0.0018489628564566,-0.027856083586812,-0.1182249354433224,5.571592330932617,-6.310230255126953,-1.2175369262695312,-1.6291296482086182,0.5090984427146925,0.5055296378064218,-0.5473283024999049,-0.4369147656422265,-0.4420114018168988,0.007596253094745722,0.5787841883305983,2.5626445233418655,0.20852814609061585,3.34995685776308,Plaque with falcon-headed Re wearing crown of Upper and Lower Egypt,Ancient West Asian Art,,Assyrian,Ivory,,unknown,8th c. BCE,other
468350,-0.0013400099705904,0.0078976722434163,-0.4817048907279968,-0.1171947302646003,-1.4179036043060478e-05,1.1417299901950171e-05,-0.986607015132904,-0.2499805163572546,-6.281928222051647e-07,7.89799596532248e-05,-0.0908633396029472,-0.0232504306316769,5.2819671630859375,-5.260016441345215,-3.2069339752197266,-1.5401136875152588,-0.34940576032009274,-1.0077409484887958,0.4748333858483262,-0.3592330312498219,-0.4826348411921977,-0.3103865885525961,0.6073938816094564,2.434501693782236,0.3077660520073145,3.349661627399007,Case (étui) with an amorous inscription,Medieval Art,Leatherwork,Italian,"Leather (Cuir bouilli), wood core, red cord",,unknown,15th c. CE,other
10367,-0.0028381063602864,-0.0049781277775764,-6.080244202166796e-05,0.0008147308544721,-0.0166955851018428,0.1576253920793533,0.2064855992794037,0.0260455468669533,0.0031543555669486,-0.0018285189289599,0.0001358405716018,-0.2213191557784739,3.420511245727539,-3.690553665161133,3.0475425720214844,-0.5562734603881836,1.1407866441741865,0.4920945322459467,-1.6568783077956606,0.4993367646940852,-0.18768308461130803,0.11883490832963946,1.2222448180650596,1.7546039681722303,0.36550488687407523,3.342353673111365,View of the Tunnel of the Harlem Railroad,The American Wing,,American,Gouache on off-white wove paper,Nicolino Calyo,male,19th c. CE,other
624385,-0.0019155062036588,0.0335699580609798,-0.2041396647691726,-0.0369513857003767,0.2171868532896042,0.337587296962738,0.0021528871729969,0.1996081725228577,0.0088644763454794,0.0568784102797508,-0.0005011657485738,-0.1414063357806299,3.331872940063477,-4.256908416748047,4.010652542114258,0.2679586410522461,0.6638860676984102,1.4351771565732043,-0.7968177771126018,1.2186210220684528,0.0723022730235243,0.6302166173068664,1.005276414402957,2.0107372848380414,0.3211223374536022,3.337136036694601,Viola,Musical Instruments,Chordophone-Lute-bowed-unfretted,Austrian,"Spruce, maple, blackwood",Jacob Stainer,male,17th c. CE,other
467643,-0.0045691691339015,0.0513079464435577,-0.5469512343406677,-0.1139292633160948,-0.0012426138855516,0.4910920560359955,-0.0066857244819402,0.2434589051408693,0.0383926257491111,0.4206520915031433,-0.0089523093774914,0.0993816114496439,3.5981616973876953,-5.011988639831543,-1.4005975723266602,-1.2641770839691162,-0.3081703034537997,1.6734477164923376,1.794658905634181,-0.11843088993885634,-0.25881645767367445,0.7603763571834656,1.128056417143165,1.9135264699599357,0.29363200336158857,3.335214890464689,Leaf of a Writing Tablet,Medieval Art,Ivories-Elephant,French,Elephant ivory,,unknown,13th c. CE,other
1668,-0.0040556797757744,-0.0011030128225684,-0.528680682182312,-0.1457602651789784,-0.0011246898211538,0.0003887870698235,0.0001961129019036,-0.2481919403508072,-0.0021315147168934,0.0021199008915573,0.0274240970611572,-0.2226757086464204,4.520127296447754,-1.1268606185913086,1.160932540893555,0.8687472343444824,-0.7101238142460471,-0.9980224105973876,-1.6714781877590648,1.742912391465486,0.06302983004206911,-0.40917800528425335,1.4902126179462492,1.413069061403157,0.43131629919050957,3.3345979785399154,Watercolor,The American Wing,,"American, Shaker",Ink and watercolor on paper,Eugene B. Cunningham,male,19th c. CE,drawing_paper
318345,-0.0001135439306381,0.0012934933183714,-0.8183532357215881,-0.2040193103293859,-0.0046471036039292,0.0316328406333923,-0.7615451812744141,-0.2179442340275272,-6.328336894512177e-07,0.0009511454263702,-0.3274440765380859,-0.1005350935447495,4.52745246887207,-7.39912223815918,-0.3482303619384765,-1.3481841087341309,-1.4458036974769972,-0.8336662529774095,-0.35694164349579927,-0.1917414663125925,-0.4676706866589484,-0.7070382650656996,0.5627040212782909,2.6034608070334944,0.1656735127619123,3.3318383410736976,Censer with seated king,The Michael C. Rockefeller Wing,Ceramics-Containers,Maya,"Ceramic, slip",Maya artist(s),female,3th c. CE,other
324199,-0.0014982046559453,0.0618774257600307,-0.2851712703704834,-0.0410934921819716,-0.0009836558019742,0.0468815416097641,-0.8781242966651917,-0.2024181378947105,7.060682037263177e-06,0.0003271138411946,-0.4614993035793304,-0.1173806355423039,5.8818511962890625,-4.747382164001465,-0.21087646484375,-0.2072870731353759,0.6115806376172481,-0.7493025172298111,-0.5382415374358612,0.8038874051632146,-0.14204483468859047,0.03198099702869758,0.7889513957891235,2.3005978433399528,0.2407214324960597,3.330270671625136,Fan or fly-whisk handle in the form of four female figures,Ancient West Asian Art,,Assyrian,"Ivory, gold leaf",,unknown,8th c. BCE,other
464155,-0.0158589631319046,0.1031002327799797,-0.5791488885879517,-0.1003323625773191,-0.0017650027293711,0.4654061496257782,-0.0558755695819854,0.2163629929418675,0.0032575926743447,0.3171322643756866,-0.00095493812114,0.0172072743298485,4.132183074951172,-5.864809036254883,-1.222146987915039,-1.45094895362854,-0.13647222083022342,1.5262173788052544,0.9102588307314741,-0.28142146666066126,-0.32942776223353576,0.504645630511461,0.8635323745466145,2.1953437228701618,0.2685808502206508,3.327456947637427,Diptych with the Glorification of the Virgin and the Crucifixion,Medieval Art,Ivories-Elephant,French,Elephant ivory with metal mounts,,unknown,13th c. CE,other
464268,-0.0138756949454545,0.0994460135698318,-0.5548014640808105,-0.0939106945879757,0.0015595539007335,0.4612301290035248,-0.0634481236338615,0.21337913867319,0.0274951066821813,0.3810162842273712,-0.0329735353589057,0.0854183542542159,5.688625335693359,-4.044528961181641,-2.472524642944336,-0.8133230209350586,-0.05538108821122199,1.5100040892005364,1.6443795587923624,0.27501681653476284,-0.1521090556489071,0.8435048440791099,0.8596115613355424,2.2460255929980084,0.2092101441138021,3.314847298447353,Diptych with the Passion of Jesus,Medieval Art,Ivories-Elephant,French or Netherlandish,"Elephant ivory, parchment, pigment, silver frame",,unknown,14th c. CE,other
501476,-0.0004510068683885,0.0058659147471189,-0.8299112319946289,-0.2048155851516639,-7.188205199781805e-05,0.0007331550586968,-0.9662755131721495,-0.2492007677246874,4.6624598326161504e-05,0.003142939414829,-0.0559293292462825,-0.0202672229424933,4.828641891479492,-3.088189125061035,-4.032807350158691,-1.6267902851104736,-1.4558588462828326,-1.0035040490760447,0.5069401140099183,-0.4348732690227218,-0.5252684652323296,-0.5968240125929202,0.8461388357483732,2.117392275913464,0.3417867210555378,3.3053178327173747,‘Gaillard’ Musette,Musical Instruments,Aerophone-Reed Vibrated-bagpipe,French,"Ivory, leather, silk",P. Gaillard,unknown,19th c. CE,other
325355,-0.0289835203438997,0.1522986888885498,-0.220101848244667,0.0112535688094794,-0.0019082352519035,0.1947583258152008,-0.1351318955421447,-0.0403570737689733,-0.0003856726398225,0.0016258521936833,-0.0243100188672542,-0.0737057429141714,5.291530609130859,-5.615560531616211,-2.32147216796875,-1.3559203147888184,1.2726055414455035,0.13128437801556433,-0.06819115838165361,-0.1984926365439101,-0.3646823906656209,0.284301531133876,0.6726812941386277,2.4204127155767265,0.21088902900034415,3.3039830387156983,Furniture plaque carved in relief with lion-headed figure,Ancient West Asian Art,,Assyrian,Ivory,,unknown,8th c. BCE,other
325868,-0.0148763079196214,0.1386730968952179,-0.1360552608966827,0.0298583242110908,-0.0029491742607206,0.2583500146865845,-0.4301013648509979,0.0135442624450661,1.4447650755755603e-05,0.0103001277893781,-0.0055153868161141,-0.0235520336900663,6.469643592834473,-5.292117118835449,-2.234524726867676,-0.7463715076446533,1.5075414942415324,0.42416663546805083,0.47158738744079887,0.3334435259932026,-0.18163023866964068,0.6841847607858962,0.5518885131853113,2.6114742069918178,0.13930620859602108,3.30266892877315,"Furniture plaque carved in relief with a winged, falcon-headed sphinx",Ancient West Asian Art,,Assyrian,Ivory,,unknown,9th c. BCE,other
325838,-0.0005875939386896,0.0012337858788669,-0.5685752034187317,-0.1420916681090602,-0.0130851501598954,0.0072678364813327,-0.6735469102859497,-0.2396432806272059,-0.000181368610356,0.0001740566804073,-0.0080250203609466,-0.0040550905105192,5.519854545593262,-2.2558727264404297,-3.9961013793945312,-0.5960500240325928,-0.6637977363460228,-0.9515717855498151,0.6814229469686834,0.4646248722649101,-0.24546001581984453,-0.1173304256655611,0.8106096650603565,2.1736992821611514,0.3177213403993879,3.302030287620896,Bowl,Ancient West Asian Art,,Iranian,Ceramic,,unknown,4th c. BCE,other
325979,-0.0055284122936427,0.0053985570557415,-0.1428055316209793,-0.0364128580549731,-5.277141463011503e-05,0.0085794432088732,-0.0602285228669643,-0.2410291600681375,3.996279701823369e-05,0.0255552604794502,-0.2451263517141342,-0.0781048169064888,1.1426677703857422,-6.166501998901367,-3.5927486419677734,-2.938567876815796,0.6706864530165068,-0.9591022018201135,-0.1155361264662315,-1.5796248132068964,-0.8235286779613489,-0.4958941721191837,0.9822790470884049,2.034430183686928,0.2849025537528113,3.301611784528144,Drachm,Ancient West Asian Art,,Parthian,Silver,,unknown,2th c. BCE,other
323709,-0.0002953619114123,0.0043366900645196,-0.8182054758071899,-0.2025049108633538,-0.0042176600545644,0.0034740562550723,-0.9701696634292604,-0.2437670163344591,-0.000152249020175,0.0008041471010074,-0.0835553854703903,-0.0314255621669872,5.42900276184082,-3.14876937866211,-3.3617019653320312,-1.1235504150390625,-1.426680259743694,-0.9739788186200482,0.3868486549021216,0.00429006323879088,-0.40031197610096564,-0.5023800900557075,0.8414627283422381,2.1654863468841103,0.2933595761675007,3.300308651393849,Cup,Ancient West Asian Art,,Iran,Ceramic,,unknown,40th c. BCE,other
720984,-0.0037550805136561,0.0118202045559883,-0.0421488992869854,-0.0063884088303893,-9.468436473980546e-06,0.0459921956062316,-0.6382973194122314,-0.2024628721774206,0.0005185623886063,0.2546751499176025,-0.0957356914877891,0.0331799262494314,4.248256683349609,-5.3269805908203125,2.5051937103271484,-0.838242769241333,1.0498272927365842,-0.7495455887123739,1.0821642582554043,0.253270050516902,-0.2534785309999279,0.40892900319912917,0.8622237559236725,2.1972952790901714,0.2390698636319684,3.2985888986458125,Model for a medal of Francesco Redi; a Ship at Sea,Robert Lehman Collection,Medals,,Wax on slate.,Massimiliano Soldani,male,17th c. CE,other
4832,-0.0010205790167674,0.0102863740175962,-0.6603107452392578,-0.160417071863776,0.0006629184354096,0.4511411786079407,-0.0331287868320941,0.2050800042343326,9.09704904188402e-05,0.0083325486630201,-0.2104701995849609,-0.054232755484918,3.971345901489258,-4.564888000488281,-2.180335998535156,-1.89056396484375,-0.8952061100950907,1.464909303058275,0.14138657774178753,-0.6650611675652373,-0.4750334469895279,0.01150715078493364,1.0660081470342657,1.9351063778995385,0.2938039324906315,3.2949184574244357,Sugar bowl,The American Wing,,American,Silver,Wood and Hughes,unknown,19th c. CE,other
313240,-0.0151407588273286,0.1743529587984085,-0.042261067777872,0.0676899277605116,-0.1688607931137085,0.3992815613746643,-0.0027512006927281,0.1523975955205969,0.0030350408051162,0.0126284305006265,0.0006478443974629,-0.2211392005265224,3.2908496856689453,-2.568687438964844,-1.278909683227539,-0.6673998832702637,1.9852690232428003,1.178650299555231,-1.654941542086519,0.4023598495536551,-0.1671128901289194,0.47783440756629186,1.561829236859639,1.3239332614645571,0.40605193257511574,3.2918144308993114,Relief with enthroned ruler,The Michael C. Rockefeller Wing,Stone-Sculpture,Maya,"Limestone, paint",Chakalte',unknown,8th c. CE,other
323794,-0.0002121567522408,0.003237419296056,-0.6805203557014465,-0.1686170740467787,-0.0007500752690248,0.0024511218070983,-0.8540449738502502,-0.2474481042445404,-3.2139888617166434e-07,4.245826858095825e-06,-0.0027263180818408,-0.0008507514553031,4.859107971191406,-1.392568588256836,-2.352069854736328,0.2623791694641113,-0.9987535786969302,-0.9939806481239495,0.7159095981517096,1.2137519735676734,-0.038634190070627725,-0.015768163775374155,1.150395889236195,1.7125305230471164,0.4213962519547006,3.284322664238012,Vessel,Ancient West Asian Art,,Elamite,Ceramic,,unknown,30th c. BCE,other
459007,-0.0180126316845417,0.1344215869903564,-0.1523329466581344,0.0149598764255642,0.1007403209805488,0.4343931376934051,0.0104319127276539,0.2415909927804023,0.0079875411465764,0.0083915144205093,0.0010375953279435,-0.2278347773244604,2.4440135955810547,-2.484533309936523,2.647510528564453,-0.083897590637207,1.319407818193772,1.6632980907634953,-1.727002587288266,0.9115659487814497,-0.013795374688925229,0.5418173176126128,1.5434403046729537,1.2995659222886382,0.4387761535204518,3.2817823804820434,The Nativity,Robert Lehman Collection,Paintings,,Tempera and gold on wood,Lorenzo Monaco (Piero di Giovanni),male,15th c. CE,painting
316780,-0.0001044509044731,0.0013453679857775,-0.9437354803085328,-0.2353048917557316,-0.0054749809205532,0.0110916290432214,-0.9421681761741638,-0.2379163003060966,-0.0001660170673858,0.0015345101710408,-0.3240264356136322,-0.1086409705967526,4.567148208618164,-7.037380218505859,-2.227476119995117,-2.3482980728149414,-1.8408697825994962,-0.9421879384961167,-0.44418102410063204,-1.0645128964551882,-0.7325400588683806,-1.0729379104128582,0.577991095208665,2.580730284421905,0.122883546967808,3.2816049265983778,Pedestal Plate,The Michael C. Rockefeller Wing,Ceramics-Containers,Conte or Coclé (Macaracas),Ceramic,,unknown,4th c. CE,other
316779,-0.0001044509044731,0.0013453679857775,-0.9437354803085328,-0.2353048917557316,-0.0054749809205532,0.0110916290432214,-0.9421681761741638,-0.2379163003060966,-0.0001660170673858,0.0015345101710408,-0.3240264356136322,-0.1086409705967526,4.567148208618164,-7.037380218505859,-2.227476119995117,-2.3482980728149414,-1.8408697825994962,-0.9421879384961167,-0.44418102410063204,-1.0645128964551882,-0.7325400588683806,-1.0729379104128582,0.577991095208665,2.580730284421905,0.122883546967808,3.2816049265983778,Pedestal Plate,The Michael C. Rockefeller Wing,Ceramics-Containers,Conte or Coclé (Macaracas),Ceramic,,unknown,4th c. CE,other
316304,-0.0016387359937652,0.0168941877782344,-0.7350388765335083,-0.1759705351141747,-0.0004814618150703,0.0029068565927445,-0.9844062328338624,-0.2467811531823827,-1.3388778370426737e-06,7.00086384313181e-05,-0.0690348595380783,-0.0218529720804667,4.453105926513672,-5.552770614624023,-0.2980060577392578,-0.9382114410400392,-1.0916111489753093,-0.99035665387046,0.4898735126163948,0.16603019207196718,-0.3457040253542658,-0.3565160245393518,0.8024023476332169,2.1622811614819333,0.3137193209116393,3.2784028300267893,Tripod Plate,The Michael C. Rockefeller Wing,Ceramics-Containers,Maya,Ceramic,,unknown,8th c. CE,other
325079,-0.0028472756966948,0.01744912751019,-0.4623438715934753,-0.1079729471821338,-0.0062171532772481,0.0246744118630886,-0.8150014877319336,-0.221693187369965,-0.0009367459570057,0.0012003497686237,-0.0471199937164783,-0.0757562335493275,6.95551872253418,-5.4806365966796875,-3.5049142837524414,-1.438070297241211,-0.23295551154284075,-0.8540368410766936,-0.09025953319161008,-0.27018262413153515,-0.46087316633565933,-0.3618586274856699,0.3371577103007645,2.8709046846163897,0.06446409916875843,3.2725264940859127,Incised furniture plaque with two figures in two registers,Ancient West Asian Art,,Assyrian,Ivory,,unknown,9th c. BCE,other
324596,-0.0128082782030105,0.0444583185017108,-0.1329593509435653,-0.0165911437943577,-0.0101994182914495,0.1821739971637725,-0.5562539100646973,-0.0655211708508431,-3.5847711842507124e-05,0.0003206203109584,-0.0205648802220821,-0.043049290718045,4.453277587890625,-5.934665679931641,-3.435370445251465,-1.7988994121551514,0.9209898418729374,-0.005449107232838381,0.2617484501238606,-0.5850680811603911,-0.4810152543795993,0.14805527590089215,0.6248699687266573,2.426487406754482,0.21466163974183364,3.266019015222973,Plaque with tribute bearers,Ancient West Asian Art,,Assyrian,Ivory,,unknown,9th c. BCE,other
322361,-0.0009680278017185,0.0046196235343813,-0.2839198112487793,-0.0690516844479134,-0.0004615708021447,0.0353104062378406,-0.2049437016248703,-0.2137515293143224,-5.636018977384083e-05,0.0138976043090224,-0.3160496354103088,-0.1221154400363957,0.86163330078125,-6.813742637634277,-3.7263259887695312,-3.24180006980896,0.258531946749498,-0.8108844648532916,-0.5891998000272576,-1.8442470505207782,-0.9116796809018979,-0.7464498421629573,0.8648750397363442,2.1786528301311434,0.2182929491301642,3.2618208189976516,Drachm,Ancient West Asian Art,,Parthian,Silver,,unknown,2th c. CE,other
317760,-0.0049052173271775,0.0492701716721057,-0.4569588899612427,-0.0913692081812769,-0.1984958946704864,0.1486008614301681,-0.1912131011486053,-0.0768104791641235,-0.0009709833539091,0.0182369127869606,-0.0150501299649477,-0.1717402495996793,2.9411773681640625,-7.542017936706543,-2.483972549438477,-2.1424448490142822,-0.023287867011215106,-0.06679152165353089,-1.1232860711561565,-0.8848705566933487,-0.6205911964898405,-0.5245590041285628,0.5624714323476226,2.468437479664475,0.22954004790021923,3.260448959912317,Pair of carved ornaments with the Maize God,The Michael C. Rockefeller Wing,Shell-Ornaments,Maya,Shell,Maya artist(s),female,4th c. CE,other
701288,-7.388192170765251e-05,0.0007698548724874,-0.8210127353668213,-0.2049045160929381,-0.001679616398178,0.0059253778308629,-0.9459887146949768,-0.2399612419249024,5.608813080471009e-05,0.0017978446558117,-0.1344188600778579,-0.0467998568965413,4.371623992919922,-4.351802825927734,-4.323810577392578,-1.2312746047973633,-1.4569818427947618,-0.9532994833991238,0.2213830376915815,-0.08971781839569423,-0.4307350549279363,-0.5696540267244996,0.7725742447480681,2.23870472872341,0.24749385602462226,3.2587728294961003,Yäʿğğ mäsqäl (hand cross),The Michael C. Rockefeller Wing,Wood-Sculpture,Tigray region,"Wood, metal",Northern Highlands artist,unknown,17th c. CE,other
757089,-0.0023017588537186,0.0220183208584785,-0.4409258961677551,-0.1009868319961242,-0.0015469277277588,0.1256805211305618,-0.6675570607185364,-0.1211836023721844,0.0012378296814858,0.0043442649766802,-0.1196044385433197,-0.2220045699505135,4.578407287597656,-1.543177604675293,-1.893117904663086,0.618328332901001,-0.14473668833671482,-0.3079005814324454,-1.664255067576606,1.5243788336939588,0.04353833214554473,-0.1481283759129518,1.3065806739429,1.583937327799525,0.3661795281978312,3.256697529940256,Door board (jovo),The Michael C. Rockefeller Wing,Wood-Architectural,Kanak people,"Wood, pigment",,unknown,18th c. CE,other
458967,-0.0010190223110839,-0.0068190190941095,-0.0156842023134231,-0.0043188279669266,0.1903870403766632,0.3499118983745575,0.0238966401666402,0.2169218524359166,0.0027443531434983,-0.0238666553050279,0.0030475109815597,-0.2122575145331211,3.6641845703125,1.7534332275390625,2.016685485839844,1.375678777694702,1.0759614149838417,1.529254038779061,-1.5593525293467474,2.1852973435452223,0.3440060719076427,0.8077900669903444,1.6424896248103513,1.1852084467634667,0.4273071771475364,3.2550052487213543,Saint Anthony the Abbot in the Wilderness,Robert Lehman Collection,Paintings,,Tempera and gold on wood,Sano di Pietro (Ansano di Pietro di Mencio),unknown,15th c. CE,painting
13875,-0.002824624069035,0.0205285251140594,-0.7017822861671448,-0.1671554709319025,0.062190756201744,0.2650157213211059,-0.1987717449665069,0.0491293556988239,0.0006090325769037,0.7047672867774963,-0.0016827573999762,0.2914359329151921,-0.7054843902587891,-2.6085615158081055,0.4704627990722656,-0.9508771896362304,-0.9802968393853592,0.6175244105412262,3.8616406695625534,0.15497714820582717,-0.19436684298852921,0.9134613472310619,2.0769335037235384,0.8539418857583149,0.3236267150992304,3.254502104581084,"Quilt, Presentation pattern",The American Wing,,American,Cotton and silk velvet,Mary Hergenroder Simon,female,19th c. CE,other
501475,-0.0010856037260964,0.0029243843164294,-0.8127238154411316,-0.2028337134688627,-0.0071394816040992,0.0689600482583046,-0.1156206876039505,-0.179482314735651,0.0132106225937604,0.1011442169547081,-0.3504767417907715,-0.1257443525828421,6.852484703063965,-3.4959754943847656,0.6020574569702148,-0.8552699089050293,-1.4308322924761623,-0.6246767447502285,-0.6282559170630888,0.2384109428859229,-0.3408325724230963,-0.6113385028508891,0.681691107801034,2.329109107238363,0.23978345938335194,3.250583674422749,‘Gaillard’ Musette,Musical Instruments,Aerophone-Reed Vibrated-bagpipe,French,"leather, horn, ivory, wood.",P. Gaillard,unknown,unknown,other
323573,-0.003251671558246,0.0190425645560026,-0.4336371421813965,-0.1003086710697971,-0.0032580231782048,0.0941786989569664,-0.3888005316257477,-0.1554461521445773,-7.224618457257748e-05,0.0007424798095598,-0.0075823897495865,-0.0425749679852742,3.136472702026367,-4.702434539794922,-7.5540771484375,-1.80004620552063,-0.1361730507109337,-0.49407208715483736,0.2668533414450892,-0.5860688555937196,-0.5245939991800697,-0.23736516300360036,0.3881446697439406,2.718451437549567,0.14335716653045388,3.249953273823962,Furniture plaque: incised waterbirds,Ancient West Asian Art,,Old Assyrian Trading Colony,Ivory,,unknown,18th c. BCE,other
464256,-0.0138532603159546,0.1293603479862213,-0.5721967220306396,-0.0844575820956379,-0.0255662705749273,0.4522998631000519,-0.0367276519536972,0.2030081511475145,-0.0071880407631397,0.0615087784826755,-0.0127429729327559,-0.1822369375731796,3.2876052856445312,-3.606679916381836,-3.79865837097168,-1.0169131755828855,0.06399032744754393,1.453651530027054,-1.2362565185655547,0.09734939380434815,-0.2701498860260471,0.09468368317834785,1.098354013586674,1.8431925026976563,0.3057721576281786,3.2473186739125093,Top Panel of a Box,Medieval Art,Ivories-Elephant,French,Elephant ivory,,unknown,14th c. CE,other
49241,-0.0048774490132927,0.0222806520760059,-0.2420232445001602,-0.0559028841089457,0.0734486132860183,0.0117779644206166,0.0975558757781982,-0.1340322836767882,0.0005075412336736,0.0039921449497342,-0.0160649940371513,-0.1665478448267094,5.997682571411133,-4.951436996459961,-0.5228481292724609,-0.879704475402832,0.4245715355039178,-0.37771611941533784,-1.0674028924035832,0.2170875814360087,-0.30904687200381886,-0.20086497371974865,0.6703281429473842,2.351369178160427,0.22012055168455585,3.241817872792367,Ink bamboo,Asian Art,Paintings,China,Hanging scroll; ink on paper,Li Shan,unknown,18th c. CE,drawing_paper
464136,-0.000964279519394,0.0057139629498124,-0.5388008952140808,-0.1321560182259418,-0.0056134248152375,0.1827629953622818,-0.5695277452468872,-0.06697434396483,0.0001647934841457,0.0036618090234696,-0.1547675132751464,-0.0676048362729488,5.321109771728516,-1.741598129272461,1.2081375122070312,1.489725112915039,-0.5383329655629571,-0.013345175345207147,-0.0025302418523750446,2.2848223843582036,0.3057474786128296,0.4326535003994161,1.2598470806773165,1.7144278347733464,0.2672638286981064,3.2415387441487695,"Box with scenes from the Romance, ""The Chatelaine of Vergy""",Medieval Art,Ivories-Elephant,French,Elephant ivory with gilded Silver mounts,,unknown,14th c. CE,other
44918,-0.014853692613542,0.1091970279812812,-0.0621169917285442,0.0116423286963254,0.069614827632904,0.0105531532317399,0.8740443587303162,0.2353260372765362,0.0469413176178932,0.0283007659018039,0.0158272963017225,-0.0949413902126252,6.621809005737305,-1.871259689331055,0.4130058288574219,0.8067784309387207,1.2775146989406418,1.6292563686153578,-0.2967394949989721,1.688833953292312,0.23970135167473927,1.074716381462335,0.932143295141955,2.024010521873885,0.2803410190891919,3.2364948361050323,Rough Waves,Asian Art,Paintings,Japan,"Two-panel folding screen; ink, color, and gold leaf on paper",Ogata Kōrin,unknown,17th c. CE,painting
733038,-0.0040659322403371,0.0065941587090492,-0.2952768504619598,-0.0626531721791252,-0.0003140059998258,0.0079660033807158,0.0028431112878024,-0.2392331256705802,-0.0081265131011605,0.0079224854707717,-0.0089378077536821,-0.0943803570698946,4.265422821044922,-5.219095230102539,-3.6475906372070312,-2.6663601398468018,0.3393306750259601,-0.9493431374672361,-0.290701384186706,-1.3420767492633436,-0.7656566986916005,-0.5606976489728314,0.7403934947256983,2.2729714412475595,0.2185241611098508,3.2318890970831085,Arganonä Maryam (The Organ of Mary) prayer book,The Michael C. Rockefeller Wing,Hide-Documents,,"Parchment, pigment ink, wood, leather, fiber","Baselyos, also known as ""The Ground Hornbill Master""",unknown,17th c. CE,drawing_paper
788174,-0.0024299854412674,0.025152500718832,-0.102839358150959,-0.0146516931708902,0.0888774394989013,0.05771080031991,0.0077249370515346,-0.134896881878376,0.0011758467881008,0.020784618332982,-0.0150677878409624,-0.1379714170761872,3.52667236328125,-5.965747833251953,-1.7747135162353516,-2.007427215576172,0.9454807137113129,-0.3824140636752881,-0.759849515901499,-0.767044451606862,-0.5737368019254063,-0.24095682936808402,0.8111025416425133,2.127248973061762,0.2879387498167002,3.226290264520976,"Smith & Wesson .44 Double-Action Frontier Model Revolver decorated by Tiffany & Co. (serial no. 8401), with Case and Cleaning Rod",Arms and Armor,Firearms-Pistols-Revolvers,"American, Springfield, Massachusetts and New York","Steel, silver, ivory, textile (chamois), wood (California laurel)",Smith & Wesson,unknown,19th c. CE,other
458964,-0.0019175686175003,0.0016471538692712,-0.1175645366311073,-0.0259241533058229,0.0107334125787019,0.4854553341865539,0.0028854829724878,0.2461139433435164,0.0190114621073007,0.0801421403884887,0.0084391618147492,-0.144227995770052,0.8757705688476562,-4.767650604248047,-2.126315116882324,-2.1974849700927734,0.8031350550349138,1.6878743269816585,-0.8271858505703399,-0.9329025279627898,-0.530380793956283,0.1827302508708606,1.279964562014583,1.5293294616550768,0.41493546847626955,3.224229492145929,Madonna and Child Enthroned with Two Donors,Robert Lehman Collection,Paintings,,"Tempera on wood, gold ground",Goodhart Ducciesque Master,unknown,14th c. CE,painting
320804,-0.0016785725019872,0.0098642455413937,-0.2601113319396972,-0.0615163535112515,-0.0434033386409282,0.0120068155229091,-0.3612897396087646,-0.2376115955412387,2.3691904061706737e-05,0.0472202748060226,-0.0347238853573799,-0.1823248250902907,2.8480701446533203,-6.007656097412109,-3.7059459686279297,-2.6667256355285645,0.3536861218527475,-0.940532272316827,-1.2372024066547127,-1.3423957071024897,-0.7870446024178364,-0.7916110660553205,0.7822613667939748,2.2044725714670834,0.23600855466276174,3.22274249292382,Hanging (?) Fragment,The Michael C. Rockefeller Wing,Textiles-Woven,Peruvian,"Camelid hair, cotton",,unknown,15th c. CE,other
458978,-0.0088935382664203,0.0102516403421759,-0.0556221716105937,-0.0160177412908524,0.3290904462337494,0.3108692467212677,0.0054634027183055,0.2297126827761531,0.068359725177288,0.0816993340849876,0.0126860635355114,-0.141619874862954,1.6873893737792969,-4.979352951049805,-1.934591293334961,-1.9292211532592771,0.9282306177169981,1.5987552335150175,-0.7991159882941143,-0.6987962126005501,-0.4642865216592326,0.25726841258433775,1.1944014876911406,1.649699384588506,0.37599284326691546,3.2200937155465623,Coronation of the Virgin,Robert Lehman Collection,Paintings,,"Tempera on wood, gold ground",Giovanni di Paolo (Giovanni di Paolo di Grazia),male,15th c. CE,painting
326455,-0.0035921395756304,0.0158230047672987,-0.1111592352390289,-0.0210207070922479,-0.0033311930019408,0.0015013751108199,-0.7683382630348206,-0.2440379224717617,-8.505385267199017e-06,4.9363243306288496e-05,-0.0014323949581012,-0.0132336708679758,3.2709903717041016,-5.257763862609863,-2.265016555786133,-1.8884470462799072,0.8650544827996317,-0.975450834095432,0.582638613073769,-0.6632137920572285,-0.5416848366779732,-0.04774288256981496,0.907382011434428,1.9514623862434588,0.3505011711716806,3.2093455688495673,Bulla,Ancient West Asian Art,,Parthian,Un-baked clay,,unknown,2th c. BCE,other
464125,-0.0016898999456316,0.0120661631226539,-0.3916711509227752,-0.0924482381087727,-0.0003247917629778,0.0582571662962436,-0.8529667258262634,-0.1903214078629389,0.0014043189585208,0.0310965087264776,-0.336126297712326,-0.1076191044412553,4.227743148803711,1.10894775390625,0.3196468353271484,2.039367198944092,-0.03691357283961309,-0.6835728368851568,-0.43318320487703604,2.764479630151219,0.4122446121327812,0.40270250388735324,1.5968669870663401,1.305606357976549,0.30583477109165624,3.2083081161345453,Box with Romance Scenes,Medieval Art,Ivories-Elephant,French,Elephant ivory,,unknown,14th c. CE,other
464278,-0.0015623093349859,0.0186890996992588,-0.6661232709884644,-0.1581905588682275,0.0006443897727876,0.4781159162521362,-0.0271814428269863,0.2305619214312173,0.0079757580533623,0.0322968028485775,-0.3204697966575622,-0.1842903650831431,2.3483409881591797,-3.3603515625,-3.4393558502197266,-1.057992458343506,-0.8670902902022573,1.6033697190154035,-1.258356501446725,0.061500654908705724,-0.29247786521591485,-0.11514410443121828,1.2723797629330824,1.5779295672905604,0.35657476415050215,3.206884094374145,Triptych,Medieval Art,Ivories-Elephant,North French,"Elephant ivory, paint, gilding  with metal mounts",,unknown,13th c. CE,other
467731,-0.0001499992213211,0.00163783156313,-0.7210724949836731,-0.1795319410593947,-0.000349319569068,0.0574570894241333,-0.838188886642456,-0.1924104874560726,0.0001217860844917,0.0012996431905776,-0.0989003032445907,-0.0572159942094003,4.878627777099609,-3.1315488815307617,-1.1543960571289062,0.3843591213226318,-1.1365836455748204,-0.6949242131257249,0.10927951556325698,1.3202004592961296,-0.011199825350558967,-0.10050697096028971,1.078456722324013,1.8113677602243292,0.3147404745191684,3.2045649570675105,Box with Standing Saints,Medieval Art,Ivories-Elephant,"French (lid)/European (lower elements, hardware)","Elephant ivory, gilded copper mounts",,unknown,13th c. CE,other
310607,-0.0006926440983079,0.0086898291483521,-0.7558293342590332,-0.1848673086933558,-0.0003671715967357,0.0064297607168555,-0.984872341156006,-0.2431333740241825,0.0076617025770246,0.0528846979141235,-0.2490256577730178,-0.1173084707697853,5.161001205444336,-4.6628007888793945,-1.5344161987304688,-0.5339915752410889,-1.2039572633162918,-0.9705358132460391,-0.5374648651503551,0.5187815414540781,-0.26982518218210316,-0.5482941000646518,0.763096749009573,2.166111936804887,0.2731508202773478,3.2023595060918075,"Vessel, Seated Deities",The Michael C. Rockefeller Wing,Ceramics-Containers,Maya,Ceramic,,unknown,5th c. CE,other
327480,-8.17852996988222e-05,0.0004411806876305,-0.8559179902076721,-0.2138158196576114,-0.0004231228958815,0.0017973964568227,-0.9836364984512328,-0.2479903486091643,-3.0183146009221673e-05,0.0146097959950566,-0.0769475623965263,-0.0617337869261973,5.137041091918945,-2.881429672241211,-4.0644731521606445,-1.231926441192627,-1.5695114379669637,-0.9969270269107628,0.060656838981085155,-0.09028665775135321,-0.43886659909639997,-0.6490170709119986,0.7711826308202628,2.169449515245405,0.2536399161935032,3.194272062259171,Lobed bowl,Ancient West Asian Art,,Sasanian,"Silver-gilt, niello inlay",,unknown,5th c. CE,other
49179,-0.007774656638503,0.0280649326741695,-0.0910501107573509,-0.0238658762536942,0.000437656417489,-0.0276586450636386,0.0183041542768478,-0.2152731367386877,-0.0013838093727827,0.0038534591440111,-0.0014780280180275,-0.093889465148095,6.288448333740234,-4.368589401245117,1.2098636627197266,-1.000922679901123,0.8291264357288076,-0.8191523826584256,-0.28541816721623264,0.1113038512822893,-0.3334877895104,-0.04103506571589033,0.6941608467431368,2.322370408034256,0.1774700042460795,3.194001259023472,Landscapes,Asian Art,Paintings,China,Album of eight leaves; ink and color on paper,Shitao (Zhu Ruoji),unknown,17th c. CE,drawing_paper
315668,-0.0001080613874364,0.0004328718059696,-0.5402851700782776,-0.1349152654074714,-0.002730140928179,0.0016580196097493,-0.9149259328842164,-0.237232607207261,-9.452236554352568e-06,7.023444777587429e-05,-0.0084240790456533,-0.0032111520640683,5.208339691162109,-3.115358352661133,-3.664501190185547,-0.834526538848877,-0.5731760124936502,-0.9384729734830694,0.6905058218833463,0.25651310064003896,-0.30247139088191943,-0.14115751586333355,0.7465828257182204,2.145224718972538,0.29442776326461484,3.1862353079553736,Tupu (pin),The Michael C. Rockefeller Wing,Metal-Ornaments,Inca,Copper or alloy of copper,,unknown,14th c. CE,other
322353,-0.0047810599207878,0.013804430142045,-0.0878883823752403,-0.0170319904573261,-0.001560800243169,0.0178658347576856,-0.1166297271847724,-0.2302784031489864,4.081732186023146e-06,0.0113015379756689,-0.0497837290167808,-0.1106388129464903,0.2566089630126953,-5.525301933288574,-3.388956069946289,-3.0211193561553955,0.9154229462827668,-0.9006860997906471,-0.4656827725257641,-1.6516651758767928,-0.8447671406770496,-0.5256527754776094,1.0784015265350304,1.7974737357108297,0.3085178570291822,3.1843931192750423,Drachm,Ancient West Asian Art,,Parthian,Silver,,unknown,1th c. BCE,other
314827,-0.0003054265398532,0.0091462954878807,-0.7538508176803589,-0.1840514231589622,-0.0486648082733154,0.0887287855148315,-0.6095731258392334,-0.1392778307199478,-0.001987749710679,0.0003262082464061,-0.1544975340366363,-0.0528206644958118,5.084310531616211,-1.4168624877929688,0.8650608062744141,0.8241777420043945,-1.193654475601133,-0.4062187089146615,0.15658418590398493,1.7040178444763943,0.11200695590741819,0.06518221146614622,1.2248843735087314,1.6180481499375483,0.3399348405645575,3.182867364010837,Tripod Bird Bowl,The Michael C. Rockefeller Wing,Ceramics-Containers,Maya,Ceramic,,unknown,2th c. CE,other
49456,-0.0010667596943676,0.0640581548213958,-0.1856795698404312,-0.0198472981574013,-0.0046064807102084,0.0105089265853166,-0.3252387642860412,-0.2325733213219791,0.0028171362355351,0.073442555963993,-0.0300238132476806,-0.122508744476363,5.241388320922852,-3.5923805236816406,-3.0974864959716797,-0.9781427383422852,0.8798719818839618,-0.9131559356497397,-0.5934327331832568,0.13118326791571733,-0.33826802557450714,-0.12388335475832937,0.7991686479432751,2.12857453433428,0.2493698661327867,3.177113048410342,Herbaceous Peony,Asian Art,Paintings,China,Folding fan mounted as an album leaf; ink and color on gold paper,Hu Yuan,unknown,19th c. CE,drawing_paper
464018,-0.0232561603188514,0.2041275650262832,-0.5115454792976379,-0.0332544352859258,-0.0014797596959397,0.4952263534069061,-0.0052369670011103,0.2457005981414113,0.0173339806497097,0.4236196875572204,-0.020589642226696,0.1882804939523339,3.7191104888916016,-4.226772308349609,-1.974165916442871,-0.9894287586212158,0.710570184168088,1.6856283441470405,2.751431799701206,0.12133427428776238,-0.1471755254533491,1.3172411505760242,1.1533797958841263,1.8096227426951212,0.21192413201645116,3.1749266705956987,Plaque with Scenes from the Story of Joshua,Medieval Art,Ivories-Elephant,Byzantine,"Elephant ivory, traces of polychromy, gilding; bone (border strips)",,unknown,9th c. CE,other
464087,-0.000155518122483,0.0038512931205332,-0.7059805989265442,-0.1746602370549226,-0.000210422600503,0.0077986330725252,-0.9825338125228882,-0.2421818928669381,1.1561496648937464e-06,0.0069060791283845,-0.1741355061531067,-0.0609300501164398,4.885427474975586,-3.035555839538574,-2.6331663131713867,-0.0892782211303711,-1.0750650500692995,-0.9653657753799896,0.06930704438177294,0.9068704233321039,-0.1417626002921679,-0.2660633394338531,0.9366170634982448,1.9290687721547755,0.30606103597326134,3.1717468716262815,Circular Box (Pyxis) with Scenes from the Infancy of Jesus,Medieval Art,Ivories-Elephant,French,Elephant ivory with traces of polychromy,,unknown,13th c. CE,other
39901,-0.0017810938879847,0.008621010929346,-0.4896463453769684,-0.1216333128977567,-0.0661232247948646,0.0031031838152557,0.6980664730072021,0.1379180425428785,-0.007082566153258,0.0004528020508587,-0.0254177991300821,-0.146612016716972,5.7342681884765625,-1.4758052825927734,-0.6105117797851562,0.2857203483581543,-0.40545501318445387,1.0999731375239037,-0.8528438403750153,1.2341211662959153,0.03884826532157603,0.26894886256508743,1.0544190149802186,1.7832942331676416,0.3333754129059725,3.171088661053833,Night-Shining White,Asian Art,Paintings,China,Handscroll; ink on paper,Han Gan,unknown,8th c. CE,drawing_paper
57206,-0.0127952862530946,0.0063683614134788,-0.1875075548887252,-0.0655446224845945,0.0386939719319343,0.0011208048090338,-0.3440873324871063,-0.1946170686278492,3.206287510693073e-05,0.0031215706840157,-0.0094927093014121,-0.1977246559108607,5.502389907836914,-3.360471725463867,-3.593181610107422,-1.339034080505371,0.3028182018536998,-0.706914054570022,-1.4029428556630956,-0.18375649308966638,-0.44923010688216886,-0.49769880036727104,0.7308955842852857,2.222132695353013,0.21508173408652767,3.1681100137248266,Flower Baskets and Farmer's Hat,Asian Art,Paintings,Japan,"Album leaf; lacquer, ink, and silver leaf on paper",Shibata Zeshin,unknown,19th c. CE,drawing_paper
324324,-8.397483179578558e-05,0.001103148330003,-0.8726677894592285,-0.2176664603557583,-0.0038015530444681,0.0006696809432469,-0.9944371581077576,-0.2493053644357132,7.688458936172538e-06,0.0086783478036522,-0.5558153986930847,-0.1366600041696983,4.401603698730469,-4.269257545471191,-0.2131977081298828,-0.4177825450897217,-1.618136314874292,-1.0040723934437183,-0.7457354540985257,0.6201939055279164,-0.25535359351272285,-0.6869375642221549,0.9451200072277218,1.887420996023427,0.3351926011594976,3.167733604410646,Handle of a flywhisk or fan,Ancient West Asian Art,,Assyrian,Ivory,,unknown,8th c. BCE,other
312581,-0.0008581900037825,0.0143525945022702,-0.7381450533866882,-0.1779722598148509,-0.0043169483542442,0.0044098990038037,-0.9849221110343932,-0.2454924966441467,-0.0002361279621254,0.002457306953147,-0.2301008254289627,-0.0893244713588501,5.63067626953125,-4.7588958740234375,-0.9656009674072266,-0.7902264595031738,-1.1168884014646367,-0.9833545151015669,-0.236287489797406,0.2951725384587231,-0.3257539218302554,-0.5103394669762217,0.6622182225363225,2.2665213576917718,0.23739794251044682,3.166137522738541,House model,The Michael C. Rockefeller Wing,Ceramics-Sculpture,Nayarit,"Ceramic, slip",Nayarit artist(s),unknown,2th c. BCE,other
326457,-0.0014762398786842,0.0081522781401872,-0.1018790751695633,-0.022120410692878,-0.0002002371329581,0.0004623078857548,-0.9974035024642944,-0.2493004154566733,-3.77108808606863e-05,0.0003243732789997,-0.0172039344906806,-0.019944954336097,2.6460494995117188,-5.26751708984375,-1.938089370727539,-2.1357455253601074,0.8511677152700313,-1.0040455023078934,0.5104085250689596,-0.8790242446762816,-0.606777826461439,-0.130373376661296,0.9482976793613245,1.8298560284290706,0.3850092538801767,3.1631629616705714,Bulla,Ancient West Asian Art,,Parthian,Un-baked clay,,unknown,2th c. BCE,other
459134,-0.0022506210952997,0.0481926798820495,-0.1019971743226051,-0.0009292825125157,0.0380329117178916,0.3908621668815613,0.0775762945413589,0.2237124983221292,0.0436406396329402,0.0751034170389175,-0.0001889632549136,-0.1157944737351499,1.4024791717529297,-5.629416465759277,0.8359661102294922,-1.6145269870758057,1.118763702554282,1.56615219078065,-0.52117049469645,-0.42417143248370387,-0.37688456125033554,0.4348934915386945,1.0644991936096129,1.7548113226714475,0.33277148288892827,3.1520819991699884,Madonna and Child,Robert Lehman Collection,Paintings,,"Tempera on wood, gold ground",Lippo Memmi (Filippo di Memmo),unknown,14th c. CE,painting
324579,-0.0012860591523349,0.0152091896161437,-0.609637975692749,-0.1453685573069378,-0.0011051930487155,0.0018210989655926,-0.8407959938049316,-0.2473000301688444,-6.228307029232383e-06,0.0002365215623285,-0.2256828546524047,-0.0572893835487775,3.314361572265625,-3.5443172454833984,-6.457950592041016,-2.584684371948242,-0.7051774303700412,-0.9931760619558474,0.10848966389524003,-1.2708005954278785,-0.7586605857432005,-0.7151661059646317,0.5956866688606555,2.3466230899976512,0.20624737382904787,3.1485571326873547,Top of standard with male figure and flanking ibexes attacked by dogs,Ancient West Asian Art,,Elamite,Bronze,,unknown,15th c. BCE,sculpture
458979,-0.0002845115959644,0.2313648164272308,-0.0132674137130379,0.1059757757466286,0.1994287818670272,0.3513887822628021,0.05757512524724,0.2387060755863785,0.1696630865335464,0.1811894625425338,0.015470796264708,0.0274412317667156,0.0025558471679687,-4.736364364624023,-0.2178859710693359,-1.9648652076721191,2.468732631393396,1.647622392910775,1.0204016446676762,-0.7299017800291266,-0.3981855311430991,1.10171372223568,1.3574711754838096,1.400815959282908,0.37277358829381263,3.1310607230605303,Madonna and Child,Robert Lehman Collection,Paintings,,"Tempera on wood, gold ground",Sano di Pietro (Ansano di Pietro di Mencio),unknown,15th c. CE,painting
464016,-0.005819116719067,0.1257125586271286,-0.5886439681053162,-0.0862844579387456,-0.0029053152538836,0.2878814935684204,-0.4071202278137207,0.0387256577378138,0.0032354530412703,0.3198304772377014,-0.2664564251899719,0.0779898821492679,4.013055801391602,-5.66793155670166,-1.873270034790039,-1.267768383026123,0.040921020295922754,0.5609941135449744,1.5644307388043022,-0.12156491598651219,-0.30933432526944676,0.5111952391646718,0.7601158246105764,2.1563478857097866,0.21371562346846373,3.1301793337888264,Panel from an Ivory Casket with Scenes of the Story of Joshua,Medieval Art,Ivories-Elephant,Byzantine,"Elephant ivory, traces of polychromy",,unknown,9th c. CE,other
623038,-0.0223710164427757,0.1161000579595565,-0.0481494255363941,0.0314152473583817,-0.0098137902095913,-0.0045950948260724,0.0009866165928542,-0.2405981018673628,-8.9658671640791e-05,-0.0001837076124502,0.0004986163694411,-0.0287983947346219,5.55419921875,-0.9594783782958984,-1.0992412567138672,0.0318365097045898,1.5272019098257812,-0.9567599723355797,0.4151235051218274,1.0125638549194897,-0.0515361848847533,0.49953232438287964,1.0719481067072376,1.7044680545400992,0.33663578897784785,3.1130519502251843,"Figure 20: Profound suffering, with resignation",Photographs,Photographs,,Albumen silver print from glass negative,Guillaume-Benjamin-Amand Duchenne de Boulogne,unknown,19th c. CE,print
503651,-0.0003136369341518,0.0006593749858438,-0.8587099313735962,-0.2146693588219932,0.0014401130611076,0.0016609106678515,-0.4081026017665863,-0.246401473210426,0.0007435518200509,0.0006129524554125,-0.2874703407287597,-0.1407338251883629,4.909233093261719,-2.667449951171875,-1.61737060546875,-0.2571444511413574,-1.580289705807851,-0.9882935969018053,-0.7895798919160746,0.7603782685365366,-0.21473727709053486,-0.6494462315222986,0.9980864482241562,1.7773066965201065,0.33651075757453647,3.111903902318799,Pipa (琵琶 ),Musical Instruments,Chordophone-Lute-plucked-fretted,Chinese,"Wood, ivory, bone, silk",,unknown,16th c. CE,other
317802,-0.0011761020869016,0.0064934738911688,-0.7734680771827698,-0.1905878249090165,-0.00120382651221,0.0021156126167625,-0.9756676554679872,-0.2469264657993335,-9.810912160901351e-05,5.11989310325589e-05,-0.0354945473372936,-0.0124325657807276,3.6952972412109375,-3.999002456665039,-3.1267757415771484,-1.0860037803649902,-1.276194435942328,-0.9911462351736001,0.5912604946002896,0.0370559591451136,-0.38398765921351696,-0.4097560543426312,0.8737667724914424,1.8760301422689132,0.3538142599906611,3.103611174751016,Pestle Finial,The Michael C. Rockefeller Wing,Stone-Implements,"Highlands, Mt. Hagen region",Stone,,unknown,15th c. BCE,other
307598,-0.0009532972471788,0.0062879514880478,-0.7789067625999451,-0.1920351289736572,-0.0197800435125827,0.1333786696195602,-0.6992488503456116,-0.1157845938578248,-6.125294021330774e-05,0.0138820698484778,-0.1748115122318267,-0.1034957195734023,4.874629974365234,-6.229640007019043,-1.7444992065429688,-1.47845721244812,-1.2944706106122987,-0.2785641324173101,-0.3888053368734813,-0.3054271532653505,-0.47244316371325107,-0.5668168082921101,0.4873678613708692,2.430485199974583,0.18489434627993737,3.10274740762539,Eagle relief,The Michael C. Rockefeller Wing,Stone-Sculpture,Toltec,"Andesite or dacite, Maya blue, stucco, red pigment",Toltec artist(s),unknown,9th c. CE,other
757056,-0.0017953456845134,0.0159907843917608,-0.3905379176139831,-0.0911483321688138,-0.009175362996757,0.119535245001316,-0.6539307832717896,-0.1257089737337082,-0.0002106703468598,0.0029416589532047,-0.1920316070318222,-0.194728111688164,4.1796417236328125,-1.364114761352539,-1.7814407348632812,0.8299708366394043,-0.020498702879913837,-0.3324899714785628,-1.3706925932589245,1.7090733158237978,0.10459635476217957,-0.0036519879484008255,1.2794069217109285,1.4502331074122574,0.3624717475752589,3.0921117766984447,Door board (jovo),The Michael C. Rockefeller Wing,Wood-Architectural,Kanak people,"Wood, pigment",,unknown,18th c. CE,other
41193,-0.0091738458722829,0.0377165824174881,-0.1226320564746856,-0.0254038372077047,0.106102705001831,0.2418389618396759,0.2291361093521118,0.1874215938150882,0.0061201089993119,0.0318640135228633,0.0003065452910959,-0.0200079708592966,7.187093734741211,-3.9000377655029297,3.441701889038086,0.3773026466369629,0.8097054697287788,1.368959267866685,0.5097303106800003,1.3140424715823626,0.12982810809626244,1.0006093799644566,0.4128472301968323,2.6019138971029414,0.06965990086480685,3.0844210281645807,Crows in Old Trees,Asian Art,Paintings,China,Hanging scroll; ink and color on silk,Luo Zhichuan,unknown,13th c. CE,drawing_paper
752005,-0.0029925992712378,0.0363000445067882,-0.3329782783985138,-0.0687786650378257,0.1337705254554748,0.3717289865016937,0.045589629560709,0.2221062192693352,0.025273535400629,0.4334833920001983,-0.0018255631439387,0.1621542639331892,4.913599014282227,-3.785898208618164,2.5374603271484375,0.3927841186523437,0.261979563977253,1.5574241949993801,2.470248639657305,1.3275527183710825,0.17706648420426058,1.4043012792512553,0.9074652693570057,1.9949965951057247,0.1815734045310857,3.084035268993816,"Welcoming Descent of Amida, the Buddha of Infinite Light, and His Holy Retinue",Asian Art,Paintings,Japan,"Hanging scroll; ink, color, gold, and cut gold leaf (kirikane) on silk",Unidentified artist,unknown,14th c. CE,drawing_paper
458953,0.0092644235119223,0.0188740752637386,0.0001275511458516,0.0125582250766456,0.0142247648909688,0.4706733524799347,0.0147613426670432,0.2417279286310076,0.0077668391168117,0.0174279622733593,0.125090405344963,-0.0937693510204553,3.91071891784668,-3.938165664672851,-0.6508731842041016,-1.5771019458770752,1.2890803972864704,1.6640421554540663,-0.2841254407129868,-0.39151164779588377,-0.3541462857974693,0.5693713660579165,1.059565664516995,1.6912855397687585,0.33067831237900513,3.0815295166647587,Saint Ansanus,Robert Lehman Collection,Paintings,,"Tempera on wood, gold ground",Simone Martini,female,14th c. CE,painting
323972,-0.0024724192917346,0.0124829597771167,-0.2000651657581329,-0.0445541413500905,-0.008775133639574,0.0054800994694232,-0.7536622881889343,-0.2436062209308147,-8.052533667068928e-05,0.0002508909092284,-0.0172983445227146,-0.0164675506202911,4.163015365600586,-4.0987043380737305,-3.8057079315185542,-0.983268976211548,0.5678804710708834,-0.9731051089105088,0.5478340305797894,0.12670974378037575,-0.32197422227818606,0.06732978413013492,0.7228337907886261,2.0753294407076703,0.2813831032326454,3.079546334728942,Plaque with horned animal,Ancient West Asian Art,,Iran,Bronze,,unknown,8th c. BCE,sculpture
316711,-0.0024979521986097,0.0391253046691417,-0.5517804026603699,-0.1193854761659167,-0.0185086410492658,0.0665777698159217,-0.822081983089447,-0.1801807559095323,-0.0014364714734256,0.0015671349829062,-0.0345703363418579,-0.0286648993205744,5.381546974182129,-3.448251724243164,-0.1156558990478515,0.4039571285247803,-0.3770699227640229,-0.6284718459865285,0.4165602475200126,1.3373030909841936,0.018931499282189207,0.18708039243841368,0.8867664652885693,1.9501122855223578,0.2412801987865435,3.0781589495974706,Vessel with Seated Lord,The Michael C. Rockefeller Wing,Ceramics-Containers,Maya,"Ceramic, stucco",,unknown,6th c. CE,other
310599,-0.007584617473185,0.0180254764854908,-0.7152267098426819,-0.1725102143827825,-0.0051948381587862,0.0914410799741745,-0.6471805572509766,-0.1523328672628849,-0.0020420330110937,0.0014671587850898,-0.2446790039539337,-0.1729009790578857,4.169696807861328,-7.492766380310059,-2.0314178466796875,-2.335524797439575,-1.0479151298414555,-0.4771555138694933,-1.1357784045994188,-1.0533660169820978,-0.7083172145357821,-0.9285537663231165,0.30360482321731247,2.6063861228309713,0.16748232845734828,3.077473274505632,Fish hacha,The Michael C. Rockefeller Wing,Stone-Sculpture,Classic Veracruz,"Stone, shell, traces of plaster, pigment",Classic Veracruz artist(s),unknown,6th c. CE,other
14047,-0.0017825372051447,0.0037352303043007,-0.8387616276741028,-0.2090869031380862,-0.0007956204353831,0.0060776225291192,-0.1923685669898986,-0.2437962697440525,-8.245069329859689e-05,0.0300639625638723,-0.0518304333090782,-0.1597559910169366,3.952960968017578,-3.7453460693359375,2.7055492401123047,-0.4588806629180908,-1.5097959252270698,-0.9741377720939637,-0.994305667301121,0.5843287297964671,-0.26787995670429154,-0.7234776587064218,0.9064274688313146,1.8445763558995554,0.31450707356508867,3.0655108982959587,Embroidered Sampler,The American Wing,,American or English,Silk embroidery on linen,A. H.,unknown,19th c. CE,other
309952,-0.0006011832738295,0.0065605915151536,-0.8986572027206421,-0.221813984477194,-0.0008989101625047,0.0001095921033993,-0.997450053691864,-0.2498704553727293,-0.0001459526683902,0.0004923627129755,-0.4133144319057464,-0.1091303841785702,4.214603424072266,-1.6591243743896484,-1.509624481201172,0.1058511734008789,-1.6705101574849623,-1.0071429130434923,-0.4494483304591475,1.0771543778056534,-0.11874091265690365,-0.5124867557954871,1.171414485350856,1.4965419388812302,0.3903924459254134,3.0583488701574995,Animal pendant,The Michael C. Rockefeller Wing,Metal-Ornaments,Central American Isthmus,Gold,,unknown,1th c. CE,other
325667,-0.0019624691922217,0.0450893193483352,-0.6080868244171143,-0.1302519555320032,-0.0026491426397114,0.0136961610987782,-0.9612053036689758,-0.2359510156675242,-2.4197466700570654e-05,0.0353026501834392,-0.2677094936370849,-0.0733791770953757,3.6575965881347656,-7.479514122009277,-1.8419075012207031,-2.1411850452423096,-0.5142889631814425,-0.9315092236086767,-0.06467649863839899,-0.8837711612451767,-0.6451917983843032,-0.5985614616684237,0.4018016893379512,2.5136938856355844,0.1389795745405076,3.054475149514043,Openwork plaque with a sphinx striding through a floral landscape,Ancient West Asian Art,,Assyrian,Ivory,,unknown,9th c. BCE,other
459005,-0.0115826800465583,0.0287523381412029,-0.0461322143673896,-0.0069005796685814,0.0642205029726028,0.4333134293556213,0.0062287952750921,0.225682885851711,0.0063030002638697,0.0048799407668411,0.0033133397810161,-0.2338535303715616,2.228670120239258,-3.120220184326172,0.3534412384033203,-0.8186001777648926,1.0433597342405139,1.576858633111292,-1.7917793269888522,0.2704115896517505,-0.20841785048833114,0.274712657503676,1.47837862668575,1.168625992506465,0.402646632797923,3.049651251990138,The Crucifixion,Robert Lehman Collection,Paintings,,"Tempera on wood, gold ground",Andrea di Cione (Orcagna),female,14th c. CE,painting
35388,-0.0004615116631612,-0.0018805305007845,-0.1958989202976226,-0.0501426937698852,0.0002246061339974,-0.0246590990573167,-0.6686219573020935,-0.2288104074541479,-5.57644889340736e-05,0.0003072505060117,-0.0066168066114187,-0.1007845455187634,3.087686538696289,-5.693031311035156,-2.1854419708251953,-2.7306923866271973,0.4973097025145118,-0.892709490614809,-0.35962636663729414,-1.39821769823851,-0.7776075083424985,-0.5383109632440253,0.8102419921443471,2.0115602179858487,0.22662394917930348,3.0484261593094995,Two-Handed Sword,Arms and Armor,Swords,British or Western European,"Steel, latten or copper alloy",,unknown,14th c. CE,other
324110,-0.0031610650476068,0.0429418832063674,-0.6035839319229126,-0.130327666120138,-0.0010356093989685,0.0127354795113205,-0.9667080640792848,-0.2371100599702913,-6.051353921066038e-06,0.0006180739728733,-0.1215627267956733,-0.0327057092722498,5.255550384521484,-4.3597412109375,-0.2361259460449218,-0.5366110801696777,-0.5152450165546922,-0.9378070918198445,0.3730710908174824,0.5164955729095919,-0.23418862888308922,-0.1408713611618656,0.7003642677465791,2.0871793867288155,0.24065149548676223,3.0281951499621567,Levantine vessel with rampant goats and olive trees,Ancient West Asian Art,,,Ivory,,unknown,12th c. BCE,other
309958,-0.0001904458331409,0.0058070048689842,-0.7113368511199951,-0.1750640177997411,-0.0033983977045863,0.0207182113081216,-0.812035083770752,-0.227804455847945,-8.118431651382707e-06,0.0002157953858841,-0.1067952662706375,-0.0290596938152702,4.473575592041016,-4.621159553527832,-0.9050178527832032,-0.7364242076873779,-1.080163887004098,-0.8872434781185193,0.4123112776722713,0.3421242559115653,-0.29208809378758355,-0.30324295788469513,0.7901855145900436,1.971959462757405,0.26438339930656324,3.026528376654012,Bead,The Michael C. Rockefeller Wing,Metal-Ornaments,Moche,Gold,Moche artist(s),unknown,2th c. CE,other
322890,-0.0011590959038585,0.0207156725227832,-0.4568511247634887,-0.1043155202060006,-0.0005612441455014,0.0178622268140316,-0.9553253054618835,-0.2311885788367362,-2.424518015686772e-06,0.0001163380293291,-0.2931342422962188,-0.0813350580396559,4.571432113647461,-6.886556625366211,-1.7841911315917969,-1.941467761993408,-0.18677048664617757,-0.9056316972253373,-0.150301548376019,-0.7094834848546755,-0.5895767297689501,-0.48804680427555236,0.37782298490728045,2.5215773405744404,0.12375202891001164,3.0231523543917325,Furniture support: female sphinx with Hathor-style curls,Ancient West Asian Art,,Old Assyrian Trading Colony,"Ivory (Hippopotamus), gold foil",,unknown,18th c. BCE,painting
327376,-0.0012024887837469,0.0073511009104549,-0.4628866910934448,-0.1122732901712879,-0.0024570000823587,0.0009775344515219,-0.9924547672271729,-0.2484466002206318,-0.0001548284490127,0.0001958610664587,-0.0018870049389079,-0.0017470646853325,4.106685638427734,-4.855709075927734,-0.1083507537841796,-0.7689096927642822,-0.28725911057962994,-0.9994061491611335,0.7062630404116857,0.3137750834295033,-0.2828441619603836,-0.06665678397489357,0.74404754001908,1.935533295050707,0.34065271245737344,3.0202335475271607,Sherd,Ancient West Asian Art,,Halaf,"Ceramic, paint",,unknown,56th c. BCE,other
323527,-0.000256328668911,0.0059118662029504,-0.6346412301063538,-0.1557971621659817,-0.0012426465982571,0.1797088235616684,-0.6272388100624084,-0.0686078205762896,-5.558912562264595e-06,9.044451144291088e-05,-0.1801390647888183,-0.0480361896991325,5.10113525390625,-6.002119064331055,-0.5207366943359375,-1.0237202644348145,-0.8368671067997874,-0.022220953777867137,0.20807702438450323,0.09140903811911777,-0.32404035921905455,-0.13990049951850836,0.4740616649391735,2.385197457261322,0.15563994761015806,3.0148990698106535,Furniture support: female sphinx with Hathor-style curls,Ancient West Asian Art,,Old Assyrian Trading Colony,"Ivory (hippopotamus), gold foil",,unknown,18th c. BCE,painting
36436,-0.0289790369570255,0.0405895784497261,-0.0056619085371494,-0.0064366552978754,0.2167899906635284,0.0726721808314323,0.3945901095867157,0.1759108789265155,-0.0208031125366687,0.031386949121952,0.0177209638059139,-0.1787761934101581,4.079547882080078,-2.805866241455078,1.7207088470458984,-0.7347989082336426,1.0492180490479028,1.3064138024246055,-1.1990103112425388,0.34354260919888324,-0.18602521950379014,0.37504103735721317,1.1255516676437103,1.553295351282186,0.33508524178339466,3.013932260709291,Landscapes,Asian Art,Paintings,China,Album of twelve leaves; ink and color on paper,Zhang Feng,unknown,17th c. CE,drawing_paper
459008,0.0125976912677288,0.043557871133089,-0.0371674932539463,0.0129663096740841,0.1126440167427063,0.4183929562568664,0.011216826736927,0.2347868625074625,0.0100154606625437,0.0022033026907593,0.0006744866259396,-0.2403312200331129,2.23779296875,-2.097259521484375,0.9404010772705078,-0.1871919631958007,1.2942335821389999,1.6263266690082707,-1.8614953651422335,0.8214238444798629,-0.04494250276184175,0.470122182621225,1.589111036588256,0.9654818840571171,0.4393028529287506,2.993895773574123,The Crucified Christ between the Virgin and Saint John the Evangelist,Robert Lehman Collection,Paintings,,"Tempera on wood, gold ground",Lorenzo Monaco (Piero di Giovanni),male,15th c. CE,painting
459065,-0.0040208627469837,0.0386898703873157,-0.0061841625720262,0.0156303368275985,0.2077930569648742,0.359087198972702,0.0116605749353766,0.2343936411198228,0.1928614675998687,0.0118495523929595,0.0033343345858156,-0.084456356591545,-0.2297267913818359,-4.197304725646973,-2.4167938232421875,-2.228681802749634,1.327874215626242,1.6241900324092597,-0.183894477383285,-0.9601271295899372,-0.5157785453484394,0.45201066026556985,1.2301287100292144,1.3715739619702272,0.3895420977400408,2.991244769739482,Virgin and Child,Robert Lehman Collection,Paintings,Netherlandish,Oil on wood,Master of the Female Half-Lengths,unknown,16th c. CE,painting
329073,-0.0024180589243769,0.0205026529729366,-0.7012168169021606,-0.1657360170502215,-0.0066465819254517,0.00877979490906,-0.9637292623519896,-0.2398745062528178,-2.2355193323164713e-06,5.521044658962637e-05,-0.0555658191442489,-0.0148381234856742,0.8156394958496094,-3.0172195434570312,-6.284018516540527,-1.895531415939331,-0.9623723494931747,-0.9528281900838541,0.5653707157592862,-0.6693961229328871,-0.5789950156820112,-0.5048064866876574,0.7262825342145875,1.9548527090911147,0.3031792987008051,2.984314542006507,Seated female,Ancient West Asian Art,,Bactria-Margiana Archaeological Complex,"Steatite or chlorite, alabaster",,unknown,23th c. BCE,other
4895,-0.000858177896589,0.0026197824627161,-0.8852537870407104,-0.220076999743469,-0.0029574558138847,0.0203839186578989,-0.9410048127174376,-0.2260973341763019,-0.0001596659130882,0.0135769359767436,-0.7650545835494995,-0.1924606766478973,4.083471298217773,-0.3479251861572265,-1.3743438720703125,0.1028947830200195,-1.6485759715953432,-0.8779675364804219,-1.3462893575318688,1.0745744187675512,-0.13393505688691215,-0.6995646117100207,1.224509746943684,1.3796063075385536,0.37555665035592467,2.9796727048381624,Vase,The American Wing,,American,Porcelain,M. Louise McLaughlin,female,20th c. CE,other
663886,-0.001379482448101,0.0049454607069492,-0.1104087978601455,-0.0350537877529859,0.0799386873841285,0.0076893628574907,0.3991443216800689,0.0063077915692701,-0.0008944766595959,-1.727393828332424e-05,0.0017782229697331,-0.2225767523923423,3.9312915802001953,-3.0914621353149414,-1.960411071777344,-1.2745215892791748,0.6878484349626115,0.38484601607419866,-1.670413172553756,-0.12745824983766085,-0.3814610844638082,-0.1812942428386517,1.0482202834830283,1.6233462139401247,0.30395560222155826,2.975522099644711,Portrait of Yinyuan Longqi (Ingen Ryūki),Asian Art,Paintings,Japan,Hanging scroll; ink and color on paper,unidentified artist,unknown,17th c. CE,drawing_paper
325869,-0.0038792961277067,0.0577049404382705,-0.6827595233917236,-0.1435743576148525,-0.0072343274950981,0.3583498895168304,-0.2355557680130005,0.1095173079520464,2.866436989279464e-05,0.008203743956983,-0.4553473591804504,-0.1148632897220522,3.717960357666016,-4.539502143859863,-3.53604507446289,-1.3146004676818848,-0.6825207490502807,0.9456528210990713,-0.5111486406749052,-0.16243396388460316,-0.3658802017666858,-0.10261263312767943,0.7315814255237926,2.0324182549749352,0.20634528865691815,2.970344969155646,"Furniture plaque carved in relief with two addorsed, ram-headed sphinxes",Ancient West Asian Art,,Assyrian,Ivory,,unknown,9th c. BCE,other
310364,-0.0028482179623097,0.0431842990219593,-0.7642195820808411,-0.1704989435966126,-0.0632177591323852,0.1025617122650146,-0.7026616334915161,-0.142421294003725,-0.0046425643377006,0.0045114383101463,-0.0923481881618499,-0.0859746624482795,4.394168853759766,-3.395923614501953,-0.2492332458496093,0.3128156661987304,-1.022517331897887,-0.4232992617810276,-0.20023522147062292,1.2577664908801214,-0.021519808462471673,-0.09707133106735405,0.9676609728779788,1.7045758746756754,0.291246127348129,2.9634829749017833,Vessel with mythological scene,The Michael C. Rockefeller Wing,Ceramics-Containers,Maya,"Ceramic, slip",Metropolitan Painter,unknown,6th c. CE,other
325571,-0.0012369855539873,0.048043206334114,-0.6930264830589294,-0.1498624028463382,-0.0006227760459296,0.0129381520673632,-0.949618935585022,-0.2365441489237127,-1.2107420843676664e-08,0.0001852832065196,-0.1681414395570755,-0.0455293181985894,4.2105865478515625,-5.215690612792969,-3.759485244750977,-1.503847599029541,-0.7619245286643719,-0.9347321160125459,0.23505719143616657,-0.32758463211718036,-0.48394586724954536,-0.4472960213394829,0.5217029064216527,2.275177207107156,0.1631794417014566,2.9600595552302655,Openwork furniture plaque with the head of a feline,Ancient West Asian Art,,Assyrian,Ivory,,unknown,9th c. BCE,other
20891,-0.0056897914037108,-0.0047120936214923,0.0011496588122099,-0.001742951979395,0.012903032824397,-0.0468552857637405,0.1035120040178299,0.0606153639964759,0.037582378834486,-0.3051387071609497,0.0060035167261958,-0.1549901070538908,2.2271080017089844,-4.9394683837890625,-0.0360336303710937,-1.8864827156066897,1.108488898756229,0.6799356284371212,-0.9430129123896858,-0.66149957572538,-0.4956501026608749,0.04597800976957109,1.0015752974810952,1.6164584193668206,0.3398952238606763,2.957928940708592,The Five Points,The American Wing,,American,Oil on wood panel,Unknown Artist,unknown,19th c. CE,painting
459062,-0.0075415205210447,0.056819200515747,-0.0264472141861915,0.0185312689282,0.1067811697721481,0.4354247450828552,0.0130355469882488,0.2471041595563292,0.0406637266278266,0.0473427921533584,0.0017490984173491,-0.1895559671975206,1.5281715393066406,-1.0010786056518557,-3.432292938232422,-0.9920992851257324,1.3645064224109855,1.6932548384892585,-1.3150274654920378,0.1190037806437477,-0.22900495595968096,0.4654343940129884,1.3669835599051752,1.1642398231274274,0.418554533067118,2.9497779160997206,Archangel Gabriel; The Virgin Annunciate,Robert Lehman Collection,Paintings,,Oil on oak panel,Gerard David,male,16th c. CE,painting
324198,-0.0044002970680594,0.0563498139381408,-0.6904529929161072,-0.14598692744039,-0.0146668199449777,0.0132618900388479,-0.9554131031036376,-0.2366274211090058,-3.909968290827237e-05,0.0025550723075866,-0.5733330249786377,-0.1448248496662927,4.759206771850586,-4.431796073913574,-0.1660518646240234,-0.4812276363372803,-0.712986045605618,-0.9351845898717246,-0.8336094817068068,0.5648271523253934,-0.2521667086382422,-0.47923824121468905,0.7019441171933828,1.993292223201323,0.2532547048834357,2.9484910452781414,Openwork plaque with a sphinx at a tree,Ancient West Asian Art,,Assyrian,Ivory,,unknown,9th c. BCE,other
324331,-0.0016681511187925,0.0148752070963382,-0.5311002731323242,-0.1260395074787084,-0.037677101790905,0.0380039326846599,-0.8502822518348694,-0.2093644551932811,-8.876979700289667e-05,4.8149380745599046e-05,-0.0622536949813365,-0.0215724929794305,1.867591857910156,-5.419258117675781,-3.820255279541016,-2.49954605102539,-0.46109527825297125,-0.7870465368457239,0.49289216474867104,-1.1965027685996426,-0.7141306266692026,-0.48793810473741667,0.7197866100232542,1.9541624000011506,0.27369642602615857,2.9476454360505633,Furniture or cosmetic box plaque carved in the round with striding bull,Ancient West Asian Art,,Assyrian,"Ivory, gold foil",,unknown,8th c. BCE,painting
325584,-0.0008012416656129,0.01541328150779,-0.6191502213478088,-0.1473952645173994,-0.0214900374412536,0.2763869166374206,-0.3253063857555389,0.0271178483963012,4.464521407498978e-05,0.0011555480305105,-0.0354880727827549,-0.0227002730398453,4.212591171264648,-5.748732566833496,-0.8099842071533203,-1.1989829540252686,-0.7307701554153347,0.49792106855551155,0.48075444870661055,-0.06153779967959807,-0.335490160796553,0.04659189054179732,0.5797065160466351,2.1582718395927043,0.2061820714442144,2.9441604270835535,Helmet with divine figures beneath a bird with outstretched wings,Ancient West Asian Art,,Elamite,"Bronze, gold foil over bitumen",,unknown,15th c. BCE,painting
39931,-0.0132232848554849,0.044231466948986,-0.0450507514178752,-0.0096339038573205,0.1315033584833145,0.028193112462759,0.5468358993530273,0.1552277794107794,-0.0366316586732864,0.0180134400725364,0.0144059266895055,-0.1287032444961369,4.566564559936523,-3.6225833892822266,1.9116249084472656,-0.8171401023864746,1.0088440360375568,1.1940285945101234,-0.6601009470501521,0.2716857565186326,-0.20006236783228815,0.45361436000404015,0.8426056874838664,1.8317277421777094,0.26815668600300985,2.9424901156645857,Landscapes,Asian Art,Paintings,China,Album of twelve leaves; ink on paper,Dai Benxiao,unknown,17th c. CE,drawing_paper
325345,-0.0029407918918877,0.1097019165754318,-0.5811630487442017,-0.0915168512728996,-0.000855749938637,0.0156783107668161,-0.9640105366706848,-0.2339724357007071,3.528329762048088e-05,0.0170582346618175,-0.0327643118798732,-0.0031492504867856,3.983287811279297,-4.725046157836914,-2.601491928100586,-0.9378066062927246,-0.025152265099519226,-0.9207582662496507,0.6911720366835412,0.16638348001121706,-0.31661128593827925,-0.02208875366360291,0.6712870761621467,2.0076012361837074,0.2611290103675739,2.940017322713428,Plaque carved in relief with Egyptianizing creature,Ancient West Asian Art,,Assyrian,Ivory,,unknown,8th c. BCE,other
816189,-0.0113923894241452,0.0163002796471118,-0.0493567548692226,-0.0153699822258204,0.106267899274826,0.0327320098876953,0.140234425663948,-0.027838010340929,-0.0012225625105202,0.0173483956605196,0.0003662961535155,-0.2054784742649644,4.195093154907227,-2.93072509765625,-1.3380069732666016,-0.9277453422546388,0.9364103486428009,0.1993088801065061,-1.4863932097943902,0.17516366318927426,-0.29410795227158815,-0.04387757946395223,1.0245217560470081,1.5957544048714736,0.3185751586633455,2.9388513195818273,"”Abiding nowhere, the awakened mind arises”",Asian Art,Calligraphy,Japan,Hanging scroll; ink on paper,Musō Soseki,unknown,14th c. CE,drawing_paper
662967,-0.0023799301125109,0.0520112477242946,-0.7005126476287842,-0.1500652969116345,-0.0545481704175472,0.1071085706353187,-0.664587676525116,-0.1383769465610385,-0.0003443500318098,0.0010821045143529,-0.0367000736296176,-0.0540796644418151,5.063688278198242,-2.632312774658203,0.2205810546875,0.4327025413513183,-0.7644866215012881,-0.40132359861318784,0.14303421780476439,1.3623884072218437,0.02254515835920755,0.08490310122803302,0.9297360267769978,1.7429597862216917,0.2658943915596236,2.9385902045583134,Vessel with mythological scene,The Michael C. Rockefeller Wing,Ceramics-Vessels,Maya,Ceramic,Maya artist(s),female,6th c. CE,other
464247,-0.0018551737302914,0.0187224261462688,-0.8272238969802856,-0.1983569761796388,-0.0012024500174447,0.0685619711875915,-0.8511930704116821,-0.181375593150733,-0.0007937792688608,0.1196945235133171,-0.0424540564417839,-0.0673849866725504,3.5073699951171875,-3.447016716003418,-2.067333221435547,0.0119657516479492,-1.3743012326606574,-0.6349642013355971,-0.00016411381441802411,0.9952232012040393,-0.10878795108874324,-0.25355158665165833,1.0041910564967573,1.6195438141295089,0.3056696089896184,2.9294044796158842,Mirror Case,Medieval Art,Ivories-Elephant,French,Elephant ivory,,unknown,14th c. CE,other
322612,-0.0177875887602567,0.1507823765277862,-0.1511571556329727,0.0309785460121929,0.0419461876153945,0.2256135046482086,-0.1140750646591186,0.0063933357596397,0.0019307383336126,0.0361359901726245,-0.0290323067456483,-0.1343901985092088,4.671365737915039,-2.546053886413574,0.1257781982421875,0.2647848129272461,1.52168736020449,0.38531083526695303,-0.7213067046067585,1.2158513112043225,0.04194162404746747,0.6003857005172517,1.0034478357984524,1.5941773216878854,0.32941602594601443,2.927041183432352,Relief fragment: Assyrian soldier conducting captives across the water,Ancient West Asian Art,,Assyrian,Gypsum alabaster,,unknown,7th c. BCE,other
477779,-0.0015901532024145,0.0156729444861412,-0.461616039276123,-0.1087196820881217,-0.0254979934543371,0.4712480008602142,-0.0096924286335706,0.2241750685498118,-5.0660826673265547e-05,0.0035798207391053,-0.0092862891033291,-0.0403899900611577,2.486968994140625,-4.087143898010254,-3.4239768981933594,-1.7661807537078855,-0.24238508332904804,1.568665646327949,0.2903691336921543,-0.5565154248122591,-0.4227788393268383,0.265033567969699,0.9367523546526791,1.7302566797381211,0.2580032350918241,2.9250122694826244,Limestone Head of Joseph,Medieval Art,Sculpture-Stone,French,Limestone with traces of polychromy,,unknown,13th c. CE,other
73159,-0.0039145788177847,0.0251596309244632,-0.1113577634096145,-0.0211790839675813,0.0449484586715698,0.194786861538887,0.2560470700263977,0.1349532827734947,0.0106443418189883,0.0201356299221515,0.0001907520927488,-0.0360502299154177,6.692634582519531,-4.893071174621582,1.5944595336914062,-0.0037524700164794,0.8630545413167091,1.0838636011923113,0.33707573738957136,0.9815063496310585,0.01849287471850407,0.8163750573824125,0.33202674446256086,2.52572334601513,0.06653608386877136,2.924286174346462,Portrait of Li Xiangjun,Asian Art,Paintings,China,Hanging scroll; ink and color on paper,Cui He,unknown,19th c. CE,drawing_paper
45258,-0.0096735721454024,0.0708270296454429,-0.1378534436225891,-0.0057295642327517,0.2914282977581024,0.140609323978424,0.2453438192605972,0.1823150813579559,0.1231068447232246,0.0545782409608364,0.013157945126295,-0.0420760475099086,6.171977996826172,-2.1503868103027344,0.2730617523193359,1.5132131576538086,1.0581470088494387,1.3412121469007934,0.2722229656033051,2.3053197427935,0.41193065681727603,1.244225466036759,0.8395914747679439,1.9269284948883099,0.15069031353387846,2.917210283190132,Bamboo in the Four Seasons,Asian Art,Paintings,Japan,"Pair of six-panel screens; ink, color, and gold leaf on paper",Tosa Mitsunobu,unknown,15th c. CE,painting
764095,-0.0028080982156097,0.0271906945854425,-0.5739521980285645,-0.1331147534074261,0.2513288855552673,0.1110635250806808,0.3632481694221496,0.1811710447072982,0.0562180317938327,0.136489138007164,0.0727068930864334,-0.0340437879785895,1.4176883697509766,-4.609594345092773,-3.039081573486328,-2.051002025604248,-0.550439621010928,1.3349958253698675,0.3586700387422175,-0.8050709672163601,-0.5092473805707414,0.08453881897119919,0.9718356928046833,1.6587431481519401,0.28572262689142713,2.9163014678480503,"Christ Carrying the Cross, called ""The Lord of the Fall""",The American Wing,,Peru (Cuzco),Oil and gold on canvas,Unknown,unknown,18th c. CE,painting
328096,-0.0019805724732577,0.0136719197034835,-0.1196638792753219,-0.0237984930863603,-0.00111397029832,0.0590807273983955,-0.2862767577171325,-0.1906539528863504,-1.0512811059015805e-05,0.0127544365823268,-0.0697321370244026,-0.0812560403824136,-0.478790283203125,-5.596190452575684,-2.8379058837890625,-2.6460206508636475,0.8299773326246965,-0.6853797779371299,-0.14945112202111147,-1.3243270472036264,-0.735432284304693,-0.3322951536342928,0.9116112662001363,1.71856790635137,0.26715752492052275,2.897336697472029,Drachm,Ancient West Asian Art,,Parthian,Silver,,unknown,1th c. CE,other
324599,-0.0018375848885625,0.0141653232276439,-0.4087370932102203,-0.0958891161135397,-0.0151034016162157,0.2130326181650161,-0.456045925617218,-0.0362810497172176,4.484325472731143e-05,0.0036591431125998,-0.0564103983342647,-0.1209216096722229,5.30455207824707,-4.111542701721191,-4.512836456298828,-1.0782017707824707,-0.0803640743406873,0.1534321615318828,-0.5763512185783273,0.04386455427115026,-0.33282338657136273,-0.11485464427899537,0.32214814483675697,2.4211449100309506,0.15323250409560138,2.896525558963309,Incised furniture plaque with two ibexes flanking a stylized palmette tree,Ancient West Asian Art,,Assyrian,Ivory,,unknown,9th c. BCE,other
325354,-0.0055279517546296,0.0570101030170917,-0.1913995444774627,-0.0217807611916214,-0.0050954734906554,0.0286900345236063,-0.9140484929084778,-0.2202445159200579,-0.0004765735357068,0.0106879938393831,-0.0226495470851659,-0.0505664518423145,2.86727523803711,-5.5826568603515625,-1.1758480072021484,-1.8035378456115725,0.8554567197461399,-0.8461652335367449,0.1808451158910841,-0.5891159120544459,-0.5240323936413915,-0.0997448274884917,0.771960317015429,1.8977999382802837,0.22387387862239874,2.8936341339181113,Furniture plaque carved in relief with a male figure slaying a griffin,Ancient West Asian Art,,Assyrian,Ivory,,unknown,9th c. BCE,other
325567,-0.0071621881797909,0.0648805201053619,-0.4251424074172973,-0.0775094574782997,0.0001712872763164,0.1823501735925674,-0.4277608096599579,-0.0666553642804501,-0.0009822658030316,0.0050263199955224,-0.035127580165863,-0.0514554087712895,3.69940185546875,-6.191882133483887,-2.6823768615722656,-1.9854774475097656,0.15172941575496204,-0.01161194391525361,0.17127773023119566,-0.7478895041162301,-0.5452744195099513,-0.1091235755113315,0.4336663868142941,2.2723891289614118,0.1855350723071286,2.8915905880828343,Furniture plaque carved in relief with a female figure,Ancient West Asian Art,,Assyrian,Ivory,,unknown,9th c. BCE,other
322272,-0.0011118300026282,0.0118925459682941,-0.3377409279346466,-0.0791348832135554,-0.0015651853755116,0.039225909858942,-0.8432881236076355,-0.2103751900140196,-2.8841077437391505e-05,0.0544607974588871,-0.0646613240242004,-0.0319740855766212,0.2579536437988281,-6.422432899475098,-0.7655601501464844,-2.6421144008636475,0.13120396752582758,-0.7925385397676595,0.38094517990531096,-1.3209181722939274,-0.740899639916961,-0.4003268911576121,0.7946129848266423,1.8415256497984136,0.2547730613648267,2.8909116959898826,Stamp seal with a knob handle: bird of prey with two horned animals caught in its talons,Ancient West Asian Art,,Old Assyrian Trading Colony,Black steatite,,unknown,18th c. BCE,other
49187,-0.0048639676533639,0.0615376085042953,-0.0475563295185565,0.0083899326855316,0.1781973540782928,0.1246480271220207,0.1391815990209579,0.134800087660551,0.0202032942324876,0.0481772311031818,0.0092721106484532,-0.1674512766767293,4.044586181640625,-2.8179969787597656,0.7194595336914062,-0.4370455741882324,1.2364442984343464,1.083031188980275,-1.0771260641848448,0.6033835998437662,-0.11532670762971978,0.4614332557683857,1.060556581552903,1.4888235612244636,0.3362736955468133,2.88565383832418,Wangchuan Villa,Asian Art,Paintings,China,Handscroll; ink and color on paper,Wang Yuanqi,unknown,18th c. CE,drawing_paper
323588,-0.0012799706310033,0.1348169445991516,-0.4586132168769836,-0.0483101881109178,-0.0019202932016924,0.019512053579092,-0.3818753659725189,-0.2291070183564443,-5.829525616718456e-05,0.0022639853414148,-0.1052875816822052,-0.0315655517169943,4.330684661865234,0.1928777694702148,-3.0049781799316406,0.6840665340423584,0.5204501014985442,-0.8943211773882985,0.38534201946274604,1.581746719640713,0.0937709439645005,0.3983044158034261,1.0143149088487897,1.6001077300984183,0.27029887557312166,2.8847215145203298,Furniture plaque: wing of a hawk,Ancient West Asian Art,,Old Assyrian Trading Colony,Ivory (hippopotamus),,unknown,18th c. BCE,other
323587,-0.0012799706310033,0.1348169445991516,-0.4586132168769836,-0.0483101881109178,-0.0019202932016924,0.019512053579092,-0.3818753659725189,-0.2291070183564443,-5.829525616718456e-05,0.0022639853414148,-0.1052875816822052,-0.0315655517169943,4.330684661865234,0.1928777694702148,-3.0049781799316406,0.6840665340423584,0.5204501014985442,-0.8943211773882985,0.38534201946274604,1.581746719640713,0.0937709439645005,0.3983044158034261,1.0143149088487897,1.6001077300984183,0.27029887557312166,2.8847215145203298,Furniture plaque: hawk,Ancient West Asian Art,,Old Assyrian Trading Colony,Ivory,,unknown,18th c. BCE,other
323525,-0.0012799706310033,0.1348169445991516,-0.4586132168769836,-0.0483101881109178,-0.0019202932016924,0.019512053579092,-0.3818753659725189,-0.2291070183564443,-5.829525616718456e-05,0.0022639853414148,-0.1052875816822052,-0.0315655517169943,4.330684661865234,0.1928777694702148,-3.0049781799316406,0.6840665340423584,0.5204501014985442,-0.8943211773882985,0.38534201946274604,1.581746719640713,0.0937709439645005,0.3983044158034261,1.0143149088487897,1.6001077300984183,0.27029887557312166,2.8847215145203298,Furniture plaque: hawk,Ancient West Asian Art,,Old Assyrian Trading Colony,Ivory (hippopotamus),,unknown,18th c. BCE,other
464243,-0.0145724164322018,0.1321921497583389,-0.4164934456348419,-0.0462518550921231,6.295181810855865e-05,0.4869340658187866,0.0002073907526209,0.243276090855943,0.0398172847926616,0.1814557462930679,0.0197680797427892,-0.0618557962588965,1.843118667602539,-5.429539680480957,-2.117759704589844,-1.4141430854797363,0.5464421889247608,1.6724543633730167,0.05934371536171605,-0.24930201694235332,-0.31974366149370326,0.507234562679285,0.8430555990563934,1.7966236203888104,0.24237390111337598,2.88205312055858,Fragments of a Crucifixion,Medieval Art,Ivories-Elephant,French or South Netherlandish,"Elephant ivory, velvet pasteboard",,unknown,14th c. CE,other
891654,-0.0002311939897481,0.014644319191575,-0.5123520493507385,-0.1209329892080859,-0.0037614749744534,0.296173095703125,-0.348444402217865,0.0468807953875511,0.0019954412709921,0.0339232794940471,-0.1617859601974487,-0.1670144179952331,4.452313423156738,-1.4733991622924805,-2.809908866882324,-0.0683100223541259,-0.3966115100183661,0.6053064681627938,-1.0724243791554433,0.9251687828098433,-0.07734415854247345,0.015359840449706924,0.918111147442942,1.6615172855572156,0.30039040932379785,2.880018842323955,Bracelet with Assyrian-inspired design,Ancient West Asian Art,,British,Gold,,unknown,19th c. CE,other
309529,-0.0028404041659086,0.0243765488266944,-0.6645216345787048,-0.1543905578437261,0.0102272052317857,0.027395162731409,-0.8039379715919495,-0.2013205732218921,0.0101918410509824,0.0343933627009391,-0.1985921114683151,-0.1375110545195639,1.7197608947753906,-4.681227684020996,-6.509856224060059,-3.011882781982422,-0.8191048777608876,-0.7433387092492694,-0.75489487076738,-1.6436046764336383,-0.876276241891901,-0.9902357835527938,0.4368524570270877,2.300846938871335,0.14115627379949783,2.8788556696979204,"Pendant Icon: St. George, Virgin and Child Enthroned",The Michael C. Rockefeller Wing,Wood-Paintings,Ethiopian,"Wood, pigment, metal hinge",,unknown,17th c. CE,other
322621,-0.0173718035221099,0.1802059710025787,-0.2645367681980133,0.0159497708082199,-0.0038424399681389,0.4378961026668548,-0.0382867529988288,0.1921187256230041,-0.0001736151461955,0.0656186640262603,-0.0031434136908501,-0.0990764351081452,3.2334976196289062,-4.424489974975586,-1.4984397888183594,-1.1031064987182615,1.3319079438302805,1.3944819480835804,-0.34124285387599784,0.022130896109692898,-0.24852860934879567,0.6018194835368891,0.8919544781349188,1.7088977149325661,0.27300904621903327,2.873861239286518,Relief panel,Ancient West Asian Art,,Assyrian,Gypsum alabaster,,unknown,9th c. BCE,other
788188,-0.0872612744569778,-0.0080335140228271,-0.0936583876609802,-0.0573303010314703,-0.0008029527962207,0.4099642634391784,0.0071156588383018,0.168671200168319,0.0098128374665975,0.026301197707653,-0.0058149062097072,-0.2043844456784427,1.4159698486328125,-3.97514533996582,-1.940643310546875,-1.7803363800048828,0.40654649042853636,1.267075752445445,-1.4746187434855842,-0.5688686431968754,-0.4683449816366192,-0.09246628595211956,1.1880899134065979,1.357087685526846,0.327871124029155,2.873048722962599,Gold-inlaid Colt Model 1849 Pocket Revolver (serial no. 63306),Arms and Armor,Firearms-Pistols-Revolvers,"American, Hartford, Connecticut","Steel, copper alloy, gold, wood (walnut)",Samuel Colt,male,19th c. CE,other
327401,-0.0008824138203635,0.0171728041023015,-0.3698175251483917,-0.0842370252648834,-0.0196486171334981,0.0620063729584217,-0.1390179246664047,-0.1856528003700077,0.0005456118378788,0.0010325845796614,-0.2682431042194366,-0.1272978038759902,4.264394760131836,-2.4098434448242188,-0.9583396911621094,0.7010369300842285,0.06677546103626576,-0.6582051484801866,-0.6449749133844711,1.5965563087030574,0.0759623251433368,0.09003792696866636,1.0599135738769787,1.5117935014217452,0.300426130605084,2.8721332059038076,Seated goddess with a child,Ancient West Asian Art,,Hittite,Gold,,unknown,14th c. BCE,other
459057,0.008586635813117,0.2043215632438659,0.0147072579711675,0.1054257741197943,0.7479764819145203,0.1078413277864456,0.001560203032568,0.2416066562873311,-0.2855232357978821,-0.0232303030788898,0.0408192388713359,-0.0794332763180136,-0.5931720733642578,-2.6646995544433594,-2.3076629638671875,-1.8859477043151855,2.4617873556587586,1.663383201144632,-0.12983365102484115,-0.6610326863639684,-0.40458713755651843,0.8335760548536453,1.472148712009087,1.0267181309034656,0.37080864762010984,2.8696754905326625,Saint Christopher and the Infant Christ,Robert Lehman Collection,Paintings,,Oil on oak panel,Dieric Bouts,unknown,15th c. CE,painting
891628,-0.0019437531009316,0.0804824829101562,-0.5320912003517151,-0.0938587638083845,-0.0038932645693421,0.1163593977689743,-0.6240556240081787,-0.1252352877054363,0.0033836923539638,0.0353177674114704,-0.0266036689281463,-0.0609110407531261,4.256380081176758,-3.884146690368652,3.525397300720215,0.1930413246154785,-0.05472531999931403,-0.32991611630114986,0.06951163237028302,1.153242779430817,-0.021740941912867094,0.20952824387515906,0.6509049955927326,2.0361240536229306,0.17617174941590685,2.86320079863157,Dish: The Walls and Hanging Gardens of Babylon,Ancient West Asian Art,,British,Porcelain,,unknown,19th c. CE,other
314217,-0.0027708644047379,0.0353393889963626,-0.5711987018585205,-0.1261938887182623,-0.1110749915242195,0.0702937543392181,-0.6805850267410278,-0.1751558147370815,-0.0010806404752656,0.0006975735304877,-0.0156749263405799,-0.0146139522548764,4.567058563232422,-4.680413246154785,-2.1943626403808594,-0.7095215320587158,-0.4630447638992745,-0.6011679567413857,0.5677833552798166,0.3656014670358693,-0.256371296942234,-0.03270697458124357,0.5852568530351158,2.0740272896505756,0.20247490301944396,2.8617590457051354,Vessel with mythological scene,The Michael C. Rockefeller Wing,Ceramics-Containers,Maya,"Ceramic, slip",Metropolitan Painter,unknown,6th c. CE,other
705076,-0.0059111230075359,0.0146582415327429,-0.1514257192611694,-0.0354712635744363,-0.0552162081003189,0.1376473158597946,0.0570581667125225,0.0212536817416548,-0.0027499222196638,0.0466205328702926,-0.0040964330546557,-0.1041974429972469,5.572328567504883,-4.5117034912109375,-0.6173515319824219,-1.303377628326416,0.6825766602058598,0.46605710212116774,-0.3963576247331864,-0.152640106478027,-0.3554481632891111,0.14990900777895355,0.5078148106780798,2.1704393546832956,0.18262719172818642,2.8608813570895615,Drawings and Poems by Various Artists,Asian Art,Paintings,Japan,Hanging scroll; ink and color on silk,Shokusanjin (Ōta Nanpo),unknown,19th c. CE,drawing_paper
307599,-0.0018539353040978,0.0135924275964498,-0.5779862403869629,-0.1384662927302997,-0.0087450882419943,0.0455917380750179,-0.8845611214637756,-0.2041779907885939,-8.70268268045038e-05,0.0075675747357308,-0.0848422721028328,-0.0546737440963625,4.614965438842773,-6.063357353210449,-1.3559246063232422,-1.155815839767456,-0.6180174505821694,-0.7588649831081731,0.136640444403052,-0.023867068743902767,-0.38828346684567805,-0.31602726450779833,0.4387744113550129,2.3255330685464934,0.09439985563644751,2.8587073355379538,Eagle relief,The Michael C. Rockefeller Wing,Stone-Sculpture,Toltec,"Andesite or dacite, Maya blue, stucco, red pigment",Toltec artist(s),unknown,9th c. CE,other
324139,-0.0004266240284778,0.0050370735116302,-0.4829515516757965,-0.1184618037805194,-0.0164921302348375,0.015624732710421,-0.8485281467437744,-0.2330532299820333,-4.452004759514239e-06,7.728474884061143e-05,-0.0318742804229259,-0.010776896597008,4.916309356689453,-2.593809127807617,0.2075691223144531,-0.0618677139282226,-0.3654060310734124,-0.9157636025760199,0.6090796094409858,0.9307908048395657,-0.10603991107194581,0.06467519515777981,0.8549390841620855,1.699776714578084,0.2943927436078434,2.849108542348013,Jar with paired birds in panels,Ancient West Asian Art,,Iran,"Ceramic, paint",,unknown,16th c. BCE,other
13877,-0.0072077261283993,0.0309907402843236,-0.6322424411773682,-0.1447133582551032,-0.0066486625000834,0.2274311184883117,-0.0286743529140949,-0.0181116440799087,-6.598136678803712e-05,0.5124944448471069,-0.001516951713711,0.1380538313060242,1.715291976928711,-3.375063896179199,-1.1462860107421875,-1.7304489612579346,-0.6969037492497573,0.25215877785348156,2.2108680937627905,-0.5253332908573909,-0.4388050330717306,0.310197457877281,1.3327017455747794,1.1966071948886692,0.3140625309139491,2.843371471377398,"Quilt, Album pattern",The American Wing,,American,Cotton,Brown and Turner families,unknown,19th c. CE,other
57344,-0.0088778473436832,0.038202304393053,-0.2484616786241531,-0.0519568193703889,0.0058193681761622,0.2896663546562195,0.0395226404070854,0.0784217815380543,0.0626175701618194,0.0901896134018898,0.0080514149740338,-0.0687693289946764,5.393133163452148,-5.243817329406738,-2.8124828338623047,-0.6243541240692139,0.47440140206950343,0.7766898859941104,-0.015063077363030497,0.4399246773320606,-0.16666462272405622,0.418988222008161,0.3265271640513119,2.415477909643547,0.10053930240306184,2.8425443760979205,White Poppies on Gold Ground,Asian Art,Paintings,Japan,Six-panel folding screen; color on paper,Ogata Kōrin,unknown,17th c. CE,painting
325665,-0.0035444058012217,0.0524565689265728,-0.3166499733924866,-0.0543078865739516,-0.0060783079825341,0.0207485668361186,-0.9446882605552672,-0.2288095116382464,-8.047444862313569e-05,0.0147396642714738,-0.2777366042137146,-0.0862202324860845,2.4779224395751953,-6.489752769470215,-1.3824119567871094,-1.925236701965332,0.44471274443153963,-0.892704623043763,-0.20287816533169706,-0.6953190936130694,-0.5736435831659037,-0.3365472843892474,0.5961719166078654,2.074199475890055,0.16940601130741342,2.8397774038053343,"Furniture plaque carved in relief with a striding, falcon-headed winged sphinx supported by two kneeling figures",Ancient West Asian Art,,Assyrian,Ivory,,unknown,9th c. BCE,other
464118,-0.0012861344730481,0.0263610910624265,-0.603891909122467,-0.1385927485243883,-0.0004350620438344,0.0319755636155605,-0.9314955472946168,-0.2178654634190024,5.264028732199222e-05,0.0255716405808925,-0.1470758616924286,-0.0773772732172801,4.745080947875977,-3.325550079345703,-5.7921295166015625,-1.3657622337341309,-0.6196143010555817,-0.8332382392162286,-0.10770594838650878,-0.20708140340623724,-0.4498994297237004,-0.4419099730161391,0.3423221812439236,2.4384669343642607,0.05484558054827108,2.8356346961564554,Crozier Head with Double Enthroned Christ,Medieval Art,Ivories-Elephant,Italian,Elephant ivory with traces of modern paint and gilding,,unknown,14th c. CE,other
316813,-0.0014400818618014,0.0167343132197856,-0.4742952585220337,-0.1107079992361832,-0.0035864412784576,0.1101461127400398,-0.7426672577857971,-0.1355904955416917,-0.0013988439459353,0.0100169526413083,-0.0625139400362968,-0.0628751144395209,4.170124053955078,-1.804922103881836,2.885822296142578,0.8665966987609863,-0.2674930287740095,-0.386182933795782,0.04837331867960215,1.7410356793264794,0.13935577238589764,0.2839332588590725,0.9885616843846707,1.6058524487038626,0.2410917599432554,2.835505893031789,"Jar, Ritual Scenes",The Michael C. Rockefeller Wing,Ceramics-Containers,Maya,"Ceramic, slip, pigment",,unknown,7th c. CE,other
322360,-0.0038052548188716,0.0029407066758722,-0.697772741317749,-0.1751248195650987,-0.0012951052049174,0.0016354923136532,-0.6069608330726624,-0.2482184507243801,-1.7578813640284352e-05,0.0025857225991785,-0.9280331134796144,-0.2372304547129715,1.204294204711914,-7.1402997970581055,-4.177711486816406,-3.1579606533050537,-1.0809316756886367,-0.9981664593094106,-1.8281234247347193,-1.7710827411796055,-0.954633594576876,-1.419576075228093,0.44073195433861617,2.314092807429848,0.07088454065432587,2.8257093024227897,Drachm,Ancient West Asian Art,,Parthian,Silver,,unknown,2th c. CE,other
897907,-0.0014323821524158,0.0105828177183866,-0.5804333686828613,-0.1402644688787404,0.016267716884613,0.0281971022486686,0.226135641336441,-0.082157889381051,0.0003359790425747,0.0753154382109642,-0.004370511509478,-0.1201262153335847,5.393489837646484,-5.174838066101074,-3.243133544921875,-1.5218274593353271,-0.640724345545831,-0.09584760237180975,-0.5677907988983569,-0.34327515235430917,-0.46609400823217584,-0.4119094747925767,0.24580548522322893,2.4476183113671195,0.1322776241875693,2.825701420777918,Armchair,The American Wing,,American,"Cherry, white pine, modern upholstery",Eliphalet Chapin,unknown,18th c. CE,other
814650,-0.0005057445378042,0.0129800597205758,-0.6685729622840881,-0.1608967620559269,0.0079653365537524,0.120127372443676,-0.7381462454795837,-0.1228933867532759,0.1584192961454391,0.4413981437683105,-0.1630442440509796,0.1827628649771213,-0.7705116271972656,-1.8057231903076172,-2.0873336791992188,-1.9194254875183103,-0.9012635115447288,-0.3171909913640762,2.692048400333475,-0.6902478096134965,-0.5051131928375979,0.19583652195279339,1.6815711797142223,0.7948663981237489,0.34896098053886215,2.825398558376833,Vase (New World),The American Wing,,American,Porcelain with enameled and gilded decoration,Joseph S. Potter,male,19th c. CE,other
317877,-0.000159946270287,0.001142673077993,-0.8122774362564087,-0.2025742639380041,-6.32464525551768e-06,3.216289769625291e-05,-0.994915783405304,-0.2499590228283068,-1.1716686458385084e-05,0.000231535101193,-0.5440506339073181,-0.1489360993202808,3.958179473876953,-5.718532562255859,-4.635534286499023,-2.9009904861450195,-1.427556032110521,-1.0076241596720241,-0.8778567446525387,-1.5468320774041289,-0.8756149680579028,-1.2149672534598033,0.322471137659162,2.4388594082949218,0.06335790237446386,2.8246884483285477,Processional Cross,The Michael C. Rockefeller Wing,Metal-Sculpture,Northern Highlands region,Brass,Northern Highlands artist,unknown,13th c. CE,other
310542,-0.0012510939268395,0.0153657272458076,-0.7530768513679504,-0.181360262184171,-0.0055091227404773,0.0033822276163846,-0.9594464302062988,-0.241894933686126,-0.0008045039139688,0.0041586249135434,-0.0849577561020851,-0.0523844333365559,3.985177993774414,-2.615262985229492,-3.433657646179199,-0.708747148513794,-1.1596712033628267,-0.9638065329089082,0.16127911723465546,0.3662772498548819,-0.29609669443016173,-0.3989803422955494,0.7739916140913128,1.777993228557617,0.27126862765523735,2.823253470304167,Whistling vessel,The Michael C. Rockefeller Wing,Ceramics-Containers,Maya,Ceramic,Maya artist(s),female,4th c. CE,other
53162,-0.0007274749223142,0.0243001207709312,-0.607825756072998,-0.1403145483345724,-0.0406640283763408,0.2581382393836975,-0.3931849598884582,0.0153662236407399,-0.0077140349894762,0.0020851292647421,-0.1404633820056915,-0.0808975155232474,4.741153717041016,-1.9527225494384768,0.0300617218017578,0.7834672927856445,-0.6413567357287401,0.4340665775745099,-0.14559250358359588,1.6684909762768767,0.14440536314214114,0.3289020786347627,0.9953400192778189,1.5550651381687461,0.27154462079746344,2.8219497782440284,Tobatsu Bishamonten,Asian Art,Sculpture,Japan,Zelkova wood with traces of color,,unknown,8th c. CE,other
324291,-0.0003320832620374,0.0101484153419733,-0.7409155368804932,-0.1804079121648101,-0.0012402619468048,0.0074285990558564,-0.9523004293441772,-0.2420284197723958,-2.7291995138511993e-05,0.0001585013233125,-0.5268603563308716,-0.1413658585065604,4.618391036987305,-1.6519718170166016,-0.5740699768066406,-0.0682907104492187,-1.1476451780610113,-0.9645318527067321,-0.7963821410554865,0.925185635768076,-0.15802322522324624,-0.49584338401378847,0.9581512544052896,1.5409182168470228,0.32221603075438127,2.8212855020066936,Vessel terminating in the forepart of a fantastic leonine creature,Ancient West Asian Art,,Achaemenid,Gold,,unknown,5th c. BCE,other
463795,-0.0011988461483269,0.0267476458102464,-0.7093983292579651,-0.1647009750013239,-0.032977320253849,0.4392480254173279,-0.0179443247616291,0.2020181799307465,0.0012412872165441,0.0141609301790595,-0.0324034839868545,-0.0245252444874495,-1.3055095672607422,-3.150294303894043,-4.226879119873047,-1.6088545322418213,-0.9493021110142186,1.4482723497479486,0.4611132207816012,-0.41922124010995176,-0.39901564294996206,0.13521555485134487,1.0510163592866313,1.460135944891497,0.3094133956585476,2.8205656998366755,Virgin and Child in Majesty,Medieval Art,Sculpture-Wood,French,"Walnut with paint, tin relief on a lead white ground, and linen",,unknown,12th c. CE,other
22912,-0.0003187132242601,0.0054871565662324,-0.7972226142883301,-0.1967123625145177,-0.0051806108094751,0.0191643219441175,-0.6532564163208008,-0.2023095489712432,2.6856461772695184e-05,0.0175310373306274,-0.076813593506813,-0.0230984750887728,3.8248462677001953,-4.391260147094727,-0.6727867126464844,-1.570052146911621,-1.3535334843051414,-0.7487124804835394,0.47646880510738693,-0.3853594857960739,-0.4980431333715387,-0.502784161369342,0.7652842773342501,1.7789992103624899,0.2750606777924059,2.819344165489146,Dirk with Sheath,Arms and Armor,Daggers,French,"Steel, wood",,unknown,17th c. CE,other
44634,-0.0019456641748547,0.0143045810982584,-0.6348971128463745,-0.1549164585303515,0.0375568009912967,0.0452673025429248,-0.2408276796340942,-0.0988410171121358,-0.0080398423597216,0.2909072637557983,0.0014553591609001,0.0143632248509675,4.707048416137695,-1.3027124404907229,-1.8891630172729492,0.1981277465820312,-0.8257458131680643,-0.18649826995165386,0.8796497907281147,1.1576815573436292,-0.01031662605237215,0.25627181623800643,0.9251931546096069,1.5921749930033864,0.2990622046451056,2.8164303522580987,Drunken Asaina,Asian Art,Paintings,Japan,Fan mounted as hanging scroll; ink and color on paper,Katsushika Hokusai,unknown,18th c. CE,drawing_paper
929079,-0.0126998890191316,0.0474701225757598,-0.2003753632307052,-0.0430538174696266,0.1879904717206955,0.0491911098361015,0.3901501595973968,0.1421744972467422,-0.0078899171203374,0.069483608007431,0.0655721947550773,-0.0701420153491199,6.3450469970703125,-3.723541259765625,-0.2785720825195312,-0.7488622665405273,0.5868261660155689,1.1231013222772743,-0.029836593733694447,0.33126991050360155,-0.17997090052813292,0.5028402012656876,0.4847536945420561,2.2100476173864125,0.12016870129017844,2.8149700132186473,Orchids and Rocks,Asian Art,Paintings,Korea,Hanging scroll; ink on silk,Yi Ha-eung,unknown,19th c. CE,drawing_paper
41057,-0.0113845467567443,0.1063867807388305,-0.0536543726921081,0.0220501329749822,0.1623942852020263,0.030492790043354,0.0697240233421325,-0.0879543554037809,0.0005023146513849,0.0100159095600247,-0.0013809658121317,-0.1934767103521153,3.7339038848876953,-0.7928810119628906,-0.098703384399414,0.2789094448089599,1.4089417111178106,-0.1273437056825396,-1.3572244050857558,1.2281774816312812,0.004882128007011474,0.2881377704951991,1.293537485310123,1.119955858167367,0.3959161131567596,2.8094094566342496,Woman Admiring Plum Blossoms at Night,Asian Art,Prints,Japan,Woodblock print (nishiki-e) with embossing (karazuri); ink and color on paper,Suzuki Harunobu 鈴木春信,unknown,18th c. CE,drawing_paper
458981,-0.0002949610352516,0.0193555951118469,-0.0792168006300926,-0.0151905491948127,0.1762210726737976,0.3536098003387451,0.104233369231224,0.2467927001416683,0.0010411136317998,0.0032374546863138,0.0033221517223864,-0.2340014886576682,0.1881446838378906,-2.67913818359375,0.9284286499023438,-0.7063789367675781,0.9386761817157377,1.6915624697489275,-1.7933717258313817,0.36834392188112935,-0.17719456861959768,0.3013027118786032,1.4979121756898977,0.8617416114313334,0.42542744569617474,2.7850812328174057,Madonna and Child Enthroned with Two Cherubim,Robert Lehman Collection,Paintings,,"Tempera on wood, gold ground",Sano di Pietro (Ansano di Pietro di Mencio),unknown,15th c. CE,painting
464137,-0.0048722866922616,0.084991954267025,-0.3456337451934814,-0.0469327052123844,0.0138218346983194,0.4284848272800445,-0.1024169102311134,0.1902559292502701,0.023923821747303,0.0625053718686103,-0.0082505568861961,-0.0838003624230623,-0.0059795379638671,-5.417080879211426,-1.661725997924805,-1.9393270015716553,0.537844592866012,1.3843601209612588,-0.17683434995084737,-0.7076153032253919,-0.469951034989208,0.2594387651627579,0.9070989772874243,1.6075678330644505,0.26880637999093543,2.78347319034281,Virgin and Child,Medieval Art,Ivories-Elephant,North French,Elephant ivory,,unknown,13th c. CE,other
53439,-0.0052955308929085,0.0742358714342117,-0.0661389082670211,0.0159377211239188,0.109080858528614,0.188188686966896,0.2523337006568908,0.1312692333012819,0.0019248991739004,0.0211812537163496,0.0026424962561577,-0.1853318564826622,3.004432678222656,-2.634187698364258,-0.7341022491455078,-0.2769930362701416,1.331755783589468,1.0638456795269986,-1.2695655370657462,0.7430569645138719,-0.07877948458190077,0.4672732226411481,1.1826374964459863,1.2292643168836406,0.36853190364317384,2.780433716972801,Women on a Bridge Tossing Fans into a River,Asian Art,Paintings,Japan,"Six-panel folding screen; ink, color, gold, and gold leaf on paper",,unknown,16th c. CE,painting
323509,-0.0054057859815657,0.0343078896403312,-0.6736605763435364,-0.154267891892232,-0.0007124262629076,0.0288937278091907,-0.3289543986320495,-0.2200785162567626,-3.6152803659206256e-05,0.0034427610225975,-0.1771884113550186,-0.0871079206181093,-0.7178459167480469,-5.66203498840332,-4.107261657714844,-3.389632225036621,-0.8175558844219372,-0.8452632455799117,-0.21243189558337514,-1.9732560296701613,-0.9627716384509313,-0.9621267638138463,0.7346161375812535,1.878422979208634,0.16631617398874027,2.779355290778628,Hemidrachm,Ancient West Asian Art,,Parthian,Silver,,unknown,1th c. CE,other
467685,-0.0020023621618747,0.0147831020876765,-0.623037576675415,-0.1492123308125883,0.0003598788753151,0.3219183981418609,-0.0775349736213684,0.0734798128250986,2.051398405455984e-05,0.0106357559561729,-0.4245800375938415,-0.107122683030866,1.5493125915527344,-6.20150089263916,1.0070514678955078,-1.5347185134887695,-0.7537155901785773,0.7498368419960467,-0.42784047686827126,-0.3545248140664983,-0.4293934286267813,-0.196561009779325,0.6543528293071276,1.9287337757268086,0.195659459898519,2.778746064932455,Cameo with the Archangel Michael,Medieval Art,Lapidary Work-Sardonyx,Byzantine,Sardonyx,,unknown,14th c. CE,other
327399,-0.0005278746830299,0.0054397066123783,-0.8442659974098206,-0.2087649306340608,-0.0005629489896818,0.0006165219820104,-0.9790826439857484,-0.2479860457679024,-4.759555304190144e-05,4.161899050814099e-05,-0.0496550723910331,-0.0141574103117818,2.1099090576171875,-2.3345203399658203,-3.39060115814209,-0.7299153804779053,-1.5057301412178492,-0.9969036466766024,0.5726968811179438,0.34780432701964503,-0.30020594179791255,-0.39553314493921565,1.0139368539645872,1.3673548805703526,0.3962045875035528,2.7774963220384925,Vessel terminating in the forepart of a stag,Ancient West Asian Art,,Hittite,"Silver, gold inlay",,unknown,14th c. BCE,other
459136,-0.0029661748558282,0.1091637536883354,-0.0105983419343829,0.0473473786842078,0.0495120622217655,0.4508588910102844,0.0355032868683338,0.2465285193175077,0.2529179453849792,0.0860105082392692,0.0650756061077117,0.0054213386029005,-0.1376457214355468,-4.057079315185547,-0.4278545379638672,-2.043574094772339,1.7283886694636008,1.6901269974287503,0.7834128736473818,-0.7985888201331285,-0.4360692145419307,0.850834930101651,1.1831675256532672,1.2016748531168515,0.38365809801133555,2.7685004767814543,Madonna and Child,Robert Lehman Collection,Paintings,,"Tempera on wood, gold ground",Simone Martini,female,14th c. CE,painting
329076,-0.0009584061335772,0.0160826276987791,-0.7127030491828918,-0.1710354966926388,-0.0027634357102215,0.1178480610251426,-0.6178333163261414,-0.1241155826719477,-1.2429660273483025e-05,0.000202163690119,-0.0657585486769676,-0.0187633802734126,4.075050354003906,-4.46458625793457,-1.5350208282470703,-1.3524775505065918,-1.0292927831263214,-0.32383200483150437,0.5231251982563293,-0.19548823263179763,-0.41659800253614776,-0.25637195558332354,0.635945517702808,1.881845052008691,0.24678465066749009,2.764575220378989,"Shaft-hole axe head with bird-headed demon, boar, and dragon",Ancient West Asian Art,,Bactria-Margiana Archaeological Complex,"Silver, gold foil",,unknown,23th c. BCE,painting
65555,-0.0172083135694265,0.0349498689174652,-0.190594270825386,-0.0566122992895543,-0.1580158174037933,0.0615628771483898,0.1170326545834541,-0.0365888541564345,0.0023518903180956,0.135844349861145,0.0050599980168044,-0.041414389736019,6.68608283996582,-4.684871673583984,2.0739173889160156,-0.4593181610107422,0.4156132273839511,0.15175965273444297,0.2793440475042744,0.5839469374710705,-0.14848342604818748,0.3576659662734347,0.18537592068663805,2.516741613331453,0.0575854115169515,2.7597029455350426,Landscapes,Asian Art,Paintings,China,Album of eight paintings; ink and color on paper,Xiao Yuncong,unknown,17th c. CE,drawing_paper
325995,-0.0001493179006502,0.0002502721035853,-0.0935143083333969,-0.023396923461405,-0.0008839529473334,0.0006536494474858,-0.5186609625816345,-0.24874498473946,-2.1118048607604575e-05,1.5665033060940914e-05,-0.010188989341259,-0.0589822435590576,4.084720611572266,-3.812702178955078,-0.7200736999511719,-0.9432406425476074,0.8350482481200244,-1.001027473187615,0.09027028333961815,0.1616413488502151,-0.3185911985768825,0.021483101780560676,0.759778944568436,1.703539057605472,0.28915216051614323,2.7524701626900514,Sealing on jar stopper (?),Ancient West Asian Art,,Parthian,Ceramic,,unknown,1th c. BCE,other
688517,-0.0030447961762547,0.0353182554244995,-0.2699863314628601,-0.0505709669087082,0.0466353446245193,0.0539112836122512,0.0876599550247192,-0.1167108640074729,0.0212906133383512,0.0339392013847827,0.0008583173621445,-0.0810558020020835,4.86968994140625,-5.8448028564453125,-0.0359516143798828,-1.3985633850097656,0.49190158207678686,-0.2835971819016961,-0.1472960594459893,-0.23570604893398053,-0.4117252544820076,-0.043674427051219766,0.36148682610924415,2.2938917242318517,0.09669886871906706,2.752077419060163,Chōmeiji Temple Pilgrimage Mandala,Asian Art,Paintings,Japan,"Hanging scroll remounted as a two-panel folding screen; ink, color, gofun (ground shell pigment), and gold on paper",,unknown,16th c. CE,painting
53458,-0.0058706291019916,0.0147850085049867,-0.2754217982292175,-0.0686991782858967,0.0356948226690292,0.0757286101579666,0.0144504755735397,0.0092623606324195,-0.0025370069779455,0.1045323610305786,-0.0016166502609848,-0.1010238499147817,5.846248626708984,-4.169556617736816,-1.6924915313720703,-0.652310848236084,0.26298330175267604,0.4009001794362766,-0.3622018766222983,0.41552762758618805,-0.20319287895108573,0.17930230803821062,0.3674857407290704,2.226337293487364,0.15325309995464925,2.747076134171084,Lingering Rain over Half the Village,Asian Art,Paintings,Japan,Folding fan mounted as a hanging scroll; ink on paper,Urakami (Uragami) Gyokudō,unknown,17th c. CE,drawing_paper
327685,-0.0271757524460554,0.0473316833376884,-0.620148777961731,-0.1397686735726893,-0.0078979078680276,0.1991904377937317,-0.4888648092746734,-0.0473794606514275,7.188371091615409e-05,0.1448209732770919,-0.0043302616104483,0.0631182514007377,3.48122501373291,-3.4931764602661133,-2.3680553436279297,-1.0764625072479248,-0.6344635729581504,0.0931270211242484,1.4043750351756672,0.04538236081816277,-0.30012309751782595,0.227105211039982,0.8522985310414667,1.6458241850463942,0.2479482782625175,2.7460709943503785,Cylinder seal and modern impression: winged horse with claws and horns,Ancient West Asian Art,,Assyrian,Chalcedony,,unknown,14th c. BCE,other
39668,-0.0117737762629985,0.0148036424070596,-0.1067336127161979,-0.0320467124693095,0.082464575767517,0.1497018337249755,0.2852302193641662,0.1469479463994503,0.0089930035173892,0.0699663460254669,0.0178979188203811,-0.0390136269852519,6.59046745300293,-2.194765090942383,2.3795604705810547,0.5370099544525146,0.7258209899169602,1.1490386860214343,0.30518222072259626,1.4534145636164062,0.1532243903493509,0.9083641150693493,0.5007176951711269,2.123838452751859,0.11994436842580124,2.744500516348787,"Old Trees, Level Distance",Asian Art,Paintings,China,Handscroll; ink and color on silk,Guo Xi,unknown,11th c. CE,drawing_paper
310467,-0.0015911608934402,0.0097482725977897,-0.4266275763511657,-0.1023728209547698,-0.0063747446984052,0.0295077916234731,-0.8708054423332214,-0.2190396841615438,4.220659320708364e-06,0.0004802777257282,-0.0396161340177059,-0.015199186238533,4.260313987731934,-3.4187984466552734,-2.325484275817871,-0.333005428314209,-0.16223859199173288,-0.8396185712446856,0.5614847832788405,0.6941765196188356,-0.1674042799172639,0.0634510349153144,0.7100053457138981,1.7974958299085821,0.22573086839496534,2.7332320440174454,Modified celt-pendant with incised motifs,The Michael C. Rockefeller Wing,Stone-Implements,Olmec,Jadeite,Olmec artist(s),unknown,9th c. BCE,other
468254,-0.007724605500698,0.0157706178724765,-0.0345479287207126,-0.0015334612689912,0.3797347843647003,0.1988298743963241,0.0073828315362334,0.1949847803916782,0.0346189774572849,-0.0671823397278785,0.0022219088859856,-0.1033146920381113,2.257659912109375,-4.710141181945801,1.0682945251464844,-1.1010947227478027,1.1111342922907428,1.4100551536771941,-0.38685703073092725,0.023886516622878662,-0.2527395239158068,0.5395547329649721,0.858026153517242,1.6111482650219808,0.2638982778577078,2.7330726963969303,Manuscript Illumination with Adoration of the Magi,Medieval Art,Manuscripts and Illuminations,Netherlandish,"Tempera, ink, and shell gold on parchment",Master of James IV of Scotland (probably Gerard Horenbout),unknown,16th c. CE,painting
325818,-0.0025848925579339,0.0107538839802145,-0.7098356485366821,-0.1730967618641443,-0.0018302387325093,0.0011342051438987,-0.3648993670940399,-0.2487226725497748,0.0001639040565351,0.0107674952596426,-0.3503275513648987,-0.230186336524639,1.9471397399902344,-6.473651885986328,-4.246181488037109,-2.13779878616333,-1.0553218970049685,-1.0009062360357608,-1.752311208028878,-0.880816067840486,-0.6974511392754721,-1.1723388522275235,0.39346138184683127,2.2533739550215532,0.0808650574338628,2.7277003943022473,Necklace with the head of the Egyptian god Bes,Ancient West Asian Art,,Achaemenid,Gold,,unknown,6th c. BCE,other
323508,-0.0082757286727428,0.0313502438366413,-0.2591469585895538,-0.0530976485460996,-0.0044008460827171,0.0509124733507633,-0.6757453083992004,-0.1978452337207272,-1.8770684619084932e-05,0.0009652925073169,-0.0952390953898429,-0.040153859167276,-0.975677490234375,-3.773745536804199,-4.829641342163086,-2.5984575748443604,0.45999531160567037,-0.7244548494044397,0.29291048890785104,-1.2828200836272434,-0.7223885790696158,-0.31359228312954046,0.8315635788162082,1.6459254251436617,0.24730249443832564,2.724791498398196,Obol,Ancient West Asian Art,,Parthian,Silver,,unknown,unknown,other
473485,-0.0014546180609613,0.0284845642745494,-0.4261462390422821,-0.0933750654221512,-0.0306161567568779,0.0191272068768739,-0.1537275165319442,-0.2296050838194787,7.161092071328312e-05,0.0414786711335182,-0.0694816261529922,-0.1907266556190734,3.732723236083984,-3.111413955688477,-0.5847301483154297,-0.2267208099365234,-0.04861730413011429,-0.897027502452178,-1.327626982129448,0.7869281276507352,-0.18510690369930669,-0.37158591526525125,0.9374730030759022,1.4815285224672843,0.2963588314870652,2.7153603570302516,Gold Bracteate,Medieval Art,Metalwork-Gold,Scandinavian,Gold,,unknown,4th c. CE,other
323511,-0.0279453061521053,0.0458944365382194,-0.4625922441482544,-0.1033311486244201,0.001442676410079,0.0182842835783958,-0.3593350946903229,-0.2204459314234554,-0.0003460637526586,0.0071828365325927,-0.1343392431735992,-0.1069169116963166,1.1298942565917969,-5.818765640258789,-3.0914382934570312,-3.045078754425049,-0.17434010148755735,-0.8472596596023015,-0.4256258659560711,-1.6725738713296958,-0.8689431865423103,-0.7799498745939064,0.6566624975550122,1.877138146508135,0.17473626130549824,2.7085369053686454,Obol,Ancient West Asian Art,,Parthian,Silver,,unknown,1th c. BCE,other
505742,-0.0023892517201602,0.004964739549905,-0.4353782534599304,-0.108959776116535,0.0002435510978102,0.0370507985353469,-0.0005680143367499,-0.211898659763392,8.945758963818662e-06,0.000686821877025,-0.0008745052036829,-0.0023931916807669,3.071044921875,-4.316807746887207,-2.2608871459960938,-2.0091617107391357,-0.2454169275058884,-0.800816576838669,0.6993091082816851,-0.7685580969296195,-0.5831033345749574,-0.27887062324812295,0.7000419361925523,1.7082507437839047,0.29558891464977227,2.703881594626229,Harp Guitar,Musical Instruments,Chordophone-Lute-plucked-fretted,French,"Spruce, maple, iron, nickel silver",Joseph Laurent Mast,male,19th c. CE,other
324381,-0.0036754752509295,0.0267338659614324,-0.0640238150954246,-0.0038699129363521,-0.0075711351819336,0.09324412047863,-0.3998750150203705,-0.1492468836950138,-8.197068382287398e-06,0.0060677691362798,-0.0087259160354733,-0.0290789411019432,4.144207954406738,-3.8404102325439458,-2.68682861328125,-1.087296724319458,1.0816301957958347,-0.46038728700717013,0.4121041290371632,0.03592764318836942,-0.3173731155131918,0.26731867025354933,0.6499138038604824,1.8754350303346519,0.17302276340697992,2.6983715976021143,Plaque,Ancient West Asian Art,,Assyrian,Ivory,,unknown,9th c. BCE,other
891657,-0.0005802661762572,0.0065083061344921,-0.8103747367858887,-0.1995910179248312,-0.0009712766041047,0.0019731873180717,-0.9899758100509644,-0.2480071134195896,7.83060968387872e-05,0.0184069778770208,-0.5606133341789246,-0.1337263485111179,2.652041435241699,-1.8803892135620115,-2.075204849243164,0.1900618076324463,-1.389884386910121,-0.9970181214154263,-0.7141620289255922,1.150642638455078,-0.0978156680557731,-0.4876054746990153,1.1267642806685347,1.1955792565296108,0.3705458304057548,2.6928893676039003,Brooch with Assyrian and Achaemenid Persian-inspired design,Ancient West Asian Art,,British,Gold,,unknown,unknown,other
315884,-0.0006360882543958,0.0050221504643559,-0.6063504219055176,-0.149193103206926,-0.0034030792303383,0.0188551396131515,-0.9141157865524292,-0.2298647064017132,-0.0005805457476526,0.0077369716018438,-0.1818661242723465,-0.0591295441263355,4.441474914550781,-5.34323787689209,0.4573173522949219,-1.4257183074951172,-0.7534727890366784,-0.8984382067743962,0.08868496318615142,-0.2594033888213742,-0.465976415307523,-0.4556573553615743,0.4544495183030526,2.1180687922822594,0.11776331542458557,2.6902816260098974,Lidded Vessel,The Michael C. Rockefeller Wing,Ceramics-Containers,Maya,"Ceramic, slip, pigment",,unknown,2th c. CE,other
325348,-0.0014900253154337,0.0179806537926197,-0.4765901863574981,-0.1109132209094241,-0.0083611048758029,0.1772655099630355,-0.5806707739830017,-0.0680558653548359,-0.0002108458138536,0.0022337813861668,-0.2335127145051956,-0.0725162619419279,6.033123016357422,-4.258754730224609,-0.996896743774414,-0.6094679832458496,-0.27008451403121797,-0.019221809366490945,-0.05538938719834728,0.45291539527254315,-0.21523833286300936,0.02705492116912174,0.3047335377703083,2.259750322663275,0.11466547661421062,2.6791493370477943,Horse frontlet carved in relief with a female figure flanked by lions,Ancient West Asian Art,,Assyrian,Ivory,,unknown,9th c. BCE,other
324203,-0.002243515336886,0.0316255204379558,-0.5058518052101135,-0.1118128197849728,-8.180015720427036e-05,0.0064763585105538,-0.9857724905014038,-0.2434628462069668,-2.0807301552849825e-05,0.0001140322492574,-0.0504660569131374,-0.0207191213207806,4.0805206298828125,-1.9399490356445312,-1.112714767456055,0.1382651329040527,-0.2814444117777353,-0.9723260574855971,0.5020765644686173,1.1054411319238904,-0.05943241360216687,0.08843680678229379,0.906904187616455,1.4417269678605205,0.3203252355548435,2.668956391031819,Reclining calf: lid attachment,Ancient West Asian Art,,Assyrian,Ivory,,unknown,9th c. BCE,other
316796,-0.0006926541100256,0.0050122668035328,-0.7227150797843933,-0.1783926312782568,-0.0004474580055102,0.0015064562903717,-0.9922428131103516,-0.2484645804506726,7.98478413344128e-06,0.0004052832373417,-0.5475120544433594,-0.1381132991148206,4.64683723449707,-4.430342674255371,-4.238439559936523,-1.6857736110687256,-1.1221967416256136,-0.9995038478590461,-0.7613765192214258,-0.48634636468983805,-0.5626860304781189,-0.8423558683489809,0.2806580502444662,2.2904340729721255,0.09055928844768486,2.6616514116642764,Receptacle with Figurative Relief and Stopper,The Michael C. Rockefeller Wing,Bone/Ivory-Sculpture,Kongo peoples; Vili group,Ivory,,unknown,19th c. CE,other
857949,-0.0002604892652016,0.0042664613574743,-0.8069702982902527,-0.1997564036209951,-0.0807542726397514,0.0956475213170051,-0.5112749338150024,-0.1065694577991962,-0.0005174953839741,0.0138589339330792,-0.0331994108855724,-0.0467979347886284,2.471527099609375,-5.23175048828125,0.1339874267578125,-1.749894142150879,-1.39197283393715,-0.22849209262843428,0.22140372434926225,-0.5423025553080822,-0.5257544845899247,-0.48534093938110107,0.6808537208791188,1.735458797246604,0.2412950233745998,2.6576075415003224,“Magic Fountain” ewer,Asian Art,Ceramics,China,Porcelain painted in underglaze cobalt blue (Jingdezhen ware),,unknown,16th c. CE,other
322143,-0.0039262105710804,0.0217664018273353,-0.2232180684804916,-0.0466298755491152,-0.0066523281857371,0.0221257675439119,-0.9272308945655824,-0.2274084503296762,-0.0048974901437759,0.0070471516810357,-0.005334063898772,-0.0618144110776484,4.930505752563477,-2.8612852096557617,-0.6124610900878906,-0.3484907150268554,0.5416686461222504,-0.8850917134629334,0.05978912275626944,0.6806629438507119,-0.1710858629958238,0.0992572498165746,0.708110405515869,1.7522251958314123,0.1922629180782691,2.6525985194255504,Relief fragment,Ancient West Asian Art,,,Basalt,,unknown,10th c. BCE,other
313256,-0.0006801064591854,0.0207788739353418,-0.7601335644721985,-0.1805508809047751,-0.1086118966341018,0.2474590688943863,-0.3094497919082641,0.010401502251625,-0.0050193825736641,0.0001433534343959,-0.0291652120649814,-0.0249617231129377,3.935623168945313,-1.9751205444335935,-1.9838275909423828,-0.176027774810791,-1.1494505496672842,0.40708990296495023,0.4564156260993047,0.8311665188281024,-0.09278471914421971,0.1363053745562683,0.8778373312604074,1.4769630905225972,0.29667106162642154,2.651471483409426,Mirror-bearer,The Michael C. Rockefeller Wing,Wood-Sculpture,Maya,"Cordia wood (bocote), red hematite",Maya artist(s),female,5th c. CE,other
323944,-0.0026462087407708,0.0246505085378885,-0.4430989325046539,-0.0996850642841309,-0.3907755613327026,0.0077272234484553,-0.2911562919616699,-0.1723585871513933,-0.0040763104334473,4.555340274237096e-05,-0.0653037801384925,-0.0250045485809096,4.134796142578125,-5.303369522094727,-1.0161151885986328,-1.4628376960754397,-0.12829830840994824,-0.5859687355819788,0.4559547176404159,-0.29179643903444885,-0.4399714740229684,-0.13752719134649,0.43863605565187985,2.0395787717925518,0.15457777796814404,2.6327926054125754,Vessel in form of horned quadruped,Ancient West Asian Art,,Iran,Ceramic,,unknown,7th c. BCE,other
324322,-0.0016235000221058,0.0164340324699878,-0.5962858200073242,-0.1418348978913854,-0.0409451089799404,0.0639192909002304,-0.7459893822669983,-0.1753362119197845,1.6685720765963197e-05,0.0152031853795051,-0.0341483317315578,-0.0259787365430383,2.582906723022461,-0.0868444442749023,-3.878093719482422,0.4018011093139648,-0.6605553096418345,-0.6021481761166219,0.4454700342602516,1.335421593437294,0.014662815739939147,0.1295470354847723,0.951066136699135,1.4151162470028502,0.266201251894353,2.632383635596338,Horse blinker carved in relief with a seated sphinx,Ancient West Asian Art,,Assyrian,Ivory,,unknown,8th c. BCE,other
310227,-0.0010347479255869,0.0110459076240658,-0.7560498714447021,-0.1845930787094403,-0.2528609931468963,0.0721325501799583,-0.0703585445880889,-0.0801112875342369,-0.0235858634114265,0.0033068405464291,-0.1121525093913078,-0.1031592029612511,0.1469631195068359,2.8314266204833984,-3.217222213745117,0.2512068748474121,-1.2004943592809696,-0.0847270363320162,-0.3851835818654834,1.2040022251382003,-0.029164173589379047,-0.11660068808506724,0.9986608108495179,1.3105177598835616,0.3219024320775927,2.6310810028106726,Double-chambered bottle with monkeys,The Michael C. Rockefeller Wing,Ceramics-Containers,Topará,Ceramic,Topará artist(s),unknown,2th c. BCE,other
701436,-0.0039024734869599,0.1042591258883476,-0.365744024515152,-0.0408863893244415,-0.0178585369139909,0.4862571656703949,-0.0060775210149586,0.2367426691344007,-3.188673872500658e-06,0.1776886284351349,-0.3720828890800476,-0.0191061272780643,2.815156936645508,-5.614113807678223,-0.139108657836914,-0.8268349170684814,0.6141958779743668,1.6369538834758965,0.5194363887421772,0.26322536342457226,-0.16252119113414665,0.7584528784042532,0.6041394077551547,1.890072085051405,0.13580640029585506,2.630017893102415,Plaques with Scenes from the Story of Joshua,Medieval Art,Bone,Byzantine,"Ivory, traces of polychromy, gilding; bone (border strips)",,unknown,9th c. CE,other
322354,-0.0106825837865471,0.0293273348361253,-0.5817422866821289,-0.1379753008950501,0.0015489656943827,0.0205491613596677,-0.077192522585392,-0.2279828276368789,-0.0001239990378962,0.0152043867856264,-0.2468379139900207,-0.0949398924021807,0.1998538970947265,-6.051222801208496,-3.511016845703125,-2.964754343032837,-0.6118173349590722,-0.8882126921654836,-0.29672337483645267,-1.6024770084480988,-0.8564130909917367,-0.8498076026022767,0.5569343815019452,1.923548745146208,0.14294413640672363,2.623427263054877,Drachm,Ancient West Asian Art,,Parthian,Silver,,unknown,1th c. BCE,other
325565,-0.0005339491181075,0.0022765975445508,-0.8032573461532593,-0.2001196960627567,-0.0001774776028469,0.0127893928438425,-0.8900772333145142,-0.236263199505629,-4.910357347398531e-06,0.0025129159912467,-0.2073128968477249,-0.0727547615431376,2.995689392089844,-3.689190864562988,-2.8721847534179688,-0.9208600521087646,-1.3965603952410448,-0.9332055286294136,-0.05795623559125414,0.1811722629522866,-0.357499427305072,-0.5516374741273564,0.7394187354224147,1.64702528885041,0.23389775489332948,2.620341779166154,Cloisonné furniture plaque with two sphinxes flanking a cartouche,Ancient West Asian Art,,Assyrian,Ivory,,unknown,9th c. BCE,other
40080,-0.0129743507131934,0.0103953201323747,-0.1186841651797294,-0.0383877188432961,-0.0134861953556537,0.0768506601452827,0.239709123969078,0.0048843035474419,0.0018334609922021,0.0381743907928466,0.0024937621783465,-0.0888129955856129,5.440176010131836,-4.127964019775391,-1.5594520568847656,-0.9597377777099608,0.6457484309394201,0.3771112470578227,-0.23078273943352462,0.14724476129517974,-0.27051354714785697,0.23483042496472445,0.3712879867484239,2.1137391779650967,0.12754829980600593,2.6125754645195265,Fragrant Snow at Broken Bridge,Asian Art,Paintings,China,Hanging scroll; ink on silk,Wang Mian,unknown,13th c. CE,drawing_paper
468640,-0.0007528130663558,0.011751715093851,-0.8416132926940918,-0.2049276176549028,0.0008039876120164,0.2580880522727966,-0.4161411821842193,0.0097525518212933,-2.873079210985452e-05,0.0025867840740829,-0.0455924943089485,-0.0118421537808899,1.6775131225585938,-3.99007797241211,-1.3016490936279297,-1.5279769897460938,-1.4572735632368796,0.4035637182660112,0.5976147949230132,-0.34864167521477435,-0.4337485523401483,-0.2011841813156574,0.9315406726440941,1.3342105150269297,0.3461257794065646,2.6118769670775883,Plate with Wife Beating Husband,Medieval Art,Metalwork-Copper alloy,Netherlandish,"Copper alloy, wrought",,unknown,15th c. CE,other
467367,-0.0049113607965409,0.1161248311400413,-0.3799364268779754,-0.0399899514159187,0.0009902659803628,0.4749381840229034,-0.0072103952988982,0.2323999933432787,0.0145411901175975,0.026740064844489,-0.0066535640507936,-0.1792882196605205,1.0934324264526367,-3.4326562881469727,-0.5272464752197266,-0.9488086700439452,0.6255158598615268,1.6133572014931445,-1.2045209861082513,0.15678228728764768,-0.2339217119442764,0.29778359063351695,1.1711735958328406,1.0897850009988228,0.3407311475855751,2.601689744417239,Virgin and Child,Medieval Art,Ivories-Elephant,French,Elephant ivory with traces of paint and gold (modern wooden wooden and bone base),,unknown,14th c. CE,other
459059,-0.0154602983966469,0.0606479756534099,-0.0217863544821739,0.0183544352184981,0.107696920633316,0.2887749969959259,0.0226874817162752,0.1853359160013497,0.647144615650177,0.0175012573599815,0.0052907327190041,0.1286917573306709,-2.2329139709472656,-0.7469329833984375,-2.438976287841797,-2.0349817276000977,1.362273412883127,1.3576263757843696,2.1101089125481414,-0.791090502086825,-0.4256499047623947,1.0097295497822032,1.2515466402505402,0.9754288290438861,0.36172737585222603,2.5887028451466523,The Holy Family,Robert Lehman Collection,Paintings,Netherlandish,Oil on oak panel,Joos van Cleve,unknown,16th c. CE,painting
463785,-0.0026006384287029,0.0821271836757659,-0.5480256676673889,-0.0973451394238509,-0.0019999016076326,0.469571441411972,-0.0082242283970117,0.2291376003995537,-0.0002869699383154,0.0058115408755838,-0.0151274101808667,-0.0302752503484953,-0.550750732421875,-3.510787010192871,-3.448904037475586,-1.8346655368804932,-0.098750353349309,1.5956304236956331,0.39922886865368024,-0.6162801759298955,-0.4332870815633214,0.3199571907675272,0.9461294151127897,1.3594029346835816,0.27866980731214036,2.584202157108512,Enthroned Virgin and Child,Medieval Art,Sculpture-Wood,German,"Oak, with paint",,unknown,13th c. CE,other
316963,-0.0007438923930749,0.0058815469965338,-0.7568098902702332,-0.1868047016614582,-0.0128459194675087,0.0153323207050561,-0.9366819262504578,-0.2344704908318817,-0.0002668382949195,0.0020841290242969,-0.0763807669281959,-0.0429073485865956,1.3348426818847656,-2.0475082397460938,-5.492681503295898,-2.0151124000549316,-1.2284221516244738,-0.9234645351735781,0.2632761001918215,-0.7737510967386511,-0.6198237352837168,-0.6655904208362203,0.6475004148584992,1.7139070464807802,0.2218724189292804,2.58327988026856,Four-Cornered Hat,The Michael C. Rockefeller Wing,Textiles-Costumes,Wari,Camelid hair,,unknown,6th c. CE,other
13607,-0.0027006089221686,0.0193090662360191,-0.7299271821975708,-0.1746170073165558,0.0005614445544779,0.051738291978836,-0.2416679263114929,-0.1737978163873776,4.357931902632117e-05,0.1486980468034744,-0.0193648654967546,-0.095098646605038,3.781326293945313,-4.653529167175293,-0.6588726043701172,-0.8058309555053711,-1.0745191563150904,-0.5937890372151859,-0.2984319645716328,0.2815549320842243,-0.3123361064535856,-0.4212963065044212,0.567318060047154,1.823136651519294,0.191283128806241,2.581737840372689,Embroidered coverlet,The American Wing,,American,Wool embroidery on linen/cotton,Mary Breed,female,18th c. CE,other
464483,-0.0010552869644016,0.0249307565391063,-0.6788265109062195,-0.1576127977459691,-0.0003329473547637,0.130008727312088,-0.5663020610809326,-0.1171628040028736,0.0016339172143489,0.0192005559802055,-0.1516545712947845,-0.1022482967819087,2.9471912384033203,-4.542901992797852,-4.331963539123535,-2.3840339183807373,-0.8597944748681559,-0.28605287623848225,-0.3753799677266152,-1.0956985674506734,-0.6902644542278722,-0.6542314715709816,0.38749752013240035,2.0147616135946125,0.17218528318643167,2.574444416913445,Chasse with the Crucifixion and Christ in Majesty,Medieval Art,Enamels-Champlevé,French,Gilded copper and champlevé enamel,,unknown,12th c. CE,other
464174,-0.0058012069202959,0.1479130834341049,-0.2580140233039856,0.0053903706138953,0.0013497442705556,0.4781672656536102,-0.0290675796568393,0.2303718386392574,0.0069310273975133,0.0078838979825377,-0.0015662028454244,-0.0973104286240413,0.6989364624023438,-3.295924186706543,-3.0869455337524414,-1.3643813133239746,1.1985666183434989,1.60233687120267,-0.322236235489247,-0.20587631286198824,-0.3064823831737158,0.5681977352987334,0.976195330434851,1.3082286515471706,0.2893151156151111,2.5737390975971324,Virgin and Child,Medieval Art,Ivories-Elephant,French,Elephant ivory,,unknown,13th c. CE,other
13576,-0.0163893271237611,0.0702367797493934,-0.2766267955303192,-0.0478724748827517,-0.1000985503196716,0.239050954580307,-0.1390811055898666,-0.0042708627879619,-0.0147624015808105,0.7033495903015137,-0.0150003843009471,0.3145724134519696,1.1879158020019531,-1.160634994506836,-1.0339231491088867,0.3965821266174316,0.5259774288990282,0.3273650631595529,4.110646695493512,1.3308671334901927,0.1647528005996719,1.5737140802605714,1.7460564802647245,0.6370980430333567,0.18753837857163116,2.5706929018697124,Embroidered Carpet,The American Wing,,American,"Wool, embroidered in chain-stitch",Zeruah H. Guernsey Caswell,female,19th c. CE,other
459053,-0.0043350718915462,0.142365425825119,-0.0062541873194277,0.0654378117760643,0.2146543562412262,0.3516384065151214,0.0239353757351636,0.2354828934185207,0.7688011527061462,0.0411682985723018,0.0094427447766065,0.1878991336561739,0.0800361633300781,-1.5800552368164062,-2.651508331298828,-1.5196399688720703,1.9568298955471217,1.630108673663553,2.7473274152143907,-0.3413661907273263,-0.25770503250532784,1.498224948424435,1.313019972721255,0.9414310923605377,0.29858832671122526,2.553039391793018,Virgin and Child,Robert Lehman Collection,Paintings,Netherlandish,Oil on oak panel,Hans Memling,male,15th c. CE,painting
459073,-0.0082629583775997,0.0962190777063369,-0.0085094198584556,0.0447629494592547,0.1702865064144134,0.3548386693000793,0.0412898547947406,0.2302857162430882,0.5436158776283264,0.0614591389894485,0.0153276901692152,0.1210329714231193,-1.8513507843017576,-2.1404876708984375,-1.742876052856445,-1.9102511405944824,1.6957531776610226,1.6018689102284356,2.027681343702311,-0.68224161414687,-0.37854237586725503,1.1607654543612247,1.242175824460497,0.9462089736326168,0.3548872446917377,2.5432720427848516,Virgin and Child with a Dragonfly,Robert Lehman Collection,Paintings,Netherlandish and French,Oil and tempera (?) on paper laid down on oak panel,Master of Saint Giles,unknown,15th c. CE,painting
325717,-0.0004266760661266,0.0056737423874437,-0.6524354219436646,-0.1605546519713243,0.0003311401233077,0.0148735521361231,-0.0278484802693128,-0.2308803731575608,0.0016136430203914,0.0048274155706167,-0.2014991492033004,-0.1728994506411254,3.0644607543945312,-3.7155723571777344,-3.3148117065429688,-0.8847274780273438,-0.8969434354699699,-0.903957008221003,-1.135761955036883,0.21270414780578806,-0.3622654884493386,-0.6809895627305169,0.6060409595497445,1.724555711151358,0.2035527978951689,2.5341494685962713,Head of a king,Ancient West Asian Art,,Sasanian,"Silver, mercury gilding",,unknown,3th c. CE,other
49177,-0.006562225986272,-0.0072567109018564,-0.008245937526226,-0.006137661752291,0.1260713040828704,0.0648740902543068,0.1066683456301689,0.0530635826289653,0.0167666971683502,0.0417458489537239,0.0019080261699855,-0.0516007320256903,5.4570159912109375,-4.073160171508789,0.9250774383544922,-0.4536223411560058,1.0529936608200228,0.6389017148079441,0.16971369087801158,0.5889175198436721,-0.11457428807625546,0.6126316465874126,0.3611774703938615,2.0599236160337218,0.1078866239585399,2.5289877103861236,Outing to Zhang Gong's Grotto,Asian Art,Paintings,China,Handscroll; ink and color on paper,Shitao (Zhu Ruoji),unknown,17th c. CE,drawing_paper
53222,0.0019237166270613,0.0051365992985665,-0.0803113058209419,-0.0222664800239726,0.0406174287199974,0.1550458669662475,0.1503327190876007,0.0445418339222669,0.2226820439100265,-0.0189530253410339,-0.0001614653156138,-0.0135315535735571,6.331676483154297,-3.1748619079589844,0.9558887481689452,0.2864875793457031,0.8493231902153231,0.5925973154374039,0.5794326549077266,1.2347907072785453,0.07380784491761008,0.8140359669597497,0.3067863154486304,2.119892615748905,0.09150924917189818,2.5181881803694335,Musk Cat,Asian Art,Paintings,Japan,Hanging scroll; ink and color on paper,Uto Gyoshi,male,16th c. CE,drawing_paper
464046,-0.0013193836202844,0.0143098998814821,-0.3615400791168213,-0.0836159385216888,-0.0129928383976221,0.1266214102506637,-0.6697176694869995,-0.123000715393573,-0.0001116805215133,0.0019772376399487,-0.0542936362326145,-0.0228597543427895,4.555263519287109,-1.3970813751220703,-1.258859634399414,0.6750087738037109,0.07461838090441769,-0.3177741801431947,0.4790380335676139,1.573842266107121,0.11138309138641492,0.4524311251089895,0.8153178432681855,1.501865371418096,0.2007602434138935,2.517943458100175,Box with Courting Couples,Medieval Art,Ivories-Elephant,French,Elephant ivory with modern iron and cardboard mounts,,unknown,13th c. CE,other
464453,-0.003631149418652,0.029469920322299,-0.7250263690948486,-0.1680160474497825,-0.0142448199912905,0.4224452078342438,-0.0078206658363342,0.1733706605155021,0.0245424881577491,0.1651490032672882,-0.070373497903347,-0.0588289387524127,-0.2969112396240234,-4.087458610534668,-2.455526351928711,-1.105743169784546,-0.9911639730733685,1.292611085184245,0.09192022402952044,0.019829947157888543,-0.2898043738678098,0.10329932082457137,0.9344176430123785,1.329976075532522,0.24467565982911751,2.509069378374018,"Altarpiece with the Lives of Jesus, Saint John the Baptist, and Saint John the Evangelist",Medieval Art,Bone,North Italian,"Bone framed with intarsia and horn, traces of paint and gilding",Baldassare degli Embriachi,male,14th c. CE,other
479089,-0.0006028778734616,0.0156238861382007,-0.7705177068710327,-0.1851028930832399,-6.799000857427018e-06,0.0003103182534687,-0.9992515444755554,-0.2496879158890124,3.5158001992385834e-05,0.0502579174935817,-0.5407277941703796,-0.1315728829667932,3.350482940673828,-5.807302474975586,-3.2247390747070312,-1.9649658203125,-1.206932160965121,-1.0061510531041968,-0.6909853881949867,-0.7299895818609072,-0.6328323780628864,-0.908514546031303,0.24343107015963933,2.174252150380245,0.08771724283689056,2.505400463376775,Mirror Case with scenes of paired lovers,Medieval Art,Ivories-Elephant,French,Elephant Ivory,,unknown,14th c. CE,other
503455,-0.000459745817352,0.0050569679588079,-0.5911030173301697,-0.145841376754106,-0.0001136802675318,0.0014072339981794,-0.7862324714660645,-0.2485351006635028,0.0019605746492743,0.0555247999727726,-0.0929871574044227,-0.1106648456770926,4.541532516479492,-1.5837202072143557,0.965916633605957,-0.3837907314300537,-0.711148069861025,-0.9998870316645034,-0.4659629493997318,0.649857608752134,-0.22220801363118878,-0.38178511054328157,0.7215498487501445,1.4929579625708311,0.2812694185247444,2.4957772298457197,‘Gaillard’ Musette,Musical Instruments,Aerophone-Reed Vibrated-bagpipe,French,"Ivory, skin, cloth",P. Gaillard,unknown,unknown,other
478665,-0.0129165714606642,0.0405428670346736,-0.3547855615615845,-0.0753622229676693,-0.0057366993278265,0.0232998933643102,0.0142482379451394,-0.2041307499166578,-0.0028011850081384,0.0943237468600273,0.000443124823505,-0.1672055245944648,3.981670379638672,-4.386334419250488,-0.3565959930419922,-1.7429332733154297,0.17884412781335196,-0.7586082916383787,-1.0744811610729967,-0.5362280001406282,-0.5474079426985554,-0.547618331259663,0.5322839620932105,1.790901550084902,0.17231110365129332,2.495496615829406,Four Gospels in Armenian,Medieval Art,Manuscripts and Illuminations,Armenian,Tempera and gold on paper; stamped leather binding,,unknown,15th c. CE,painting
764091,-0.0067610801197588,0.2073312699794769,-0.0134186968207359,0.1005253348266705,0.2428936511278152,0.3650451302528381,0.0040620807558298,0.2401441656984388,0.2583113610744476,0.4065237641334533,0.0372333899140358,0.2483779434114694,-2.771200180053711,-0.2887725830078125,2.1051082611083984,-0.6974725723266602,2.399905898493811,1.6554365049166035,3.3982297011632854,0.3761162565446248,-0.027106282097520362,1.9574220902795811,1.273242831733654,1.0718888108644526,0.14797799732037228,2.4931096399184787,Our Lady of Valvanera,The American Wing,,Peru (Cuzco),Oil and gold on canvas,Unknown,unknown,18th c. CE,painting
327832,-0.0011352786095812,0.0067360568791627,-0.2834562659263611,-0.0678504203970078,-0.0547501631081104,0.2351302653551101,0.0119484178721904,0.0402272064238786,0.0001122258545365,0.0004638844402506,-0.0093429209664464,-0.0506040442924131,5.117042541503906,-2.713735580444336,0.4673595428466797,0.5451397895812988,0.2737011929054933,0.5691530387171286,0.1804405277088331,1.4605092429099744,0.11672813282893912,0.6209510005603573,0.5837159631066308,1.7389512132959573,0.16543457389845342,2.4881017503010416,Panel fragment with the god Shiva/Oesho,Ancient West Asian Art,,Kushan,"Terracotta, gouache",,unknown,2th c. CE,sculpture
464699,-0.0024392250925302,0.0330422446131706,-0.7273813486099243,-0.1667896341532468,0.0006899069994688,0.1753424555063247,-0.6297897100448608,-0.0733220246620476,0.0067487782798707,0.107107825577259,-0.0443475842475891,-0.0334360400447621,4.157096862792969,-2.455312728881836,-0.6295528411865234,-0.2624666690826416,-0.9756771488650601,-0.04783639917695377,0.36521091679536627,0.7557337180843146,-0.13400359198567452,0.024357771709416748,0.7430508017915355,1.4977981261810398,0.2447367093330569,2.485585637305632,Book Cover with Crucifixion Panel,Medieval Art,Ivories-Elephant,French,"Elephant ivory, champlevé enamel, and gilded copper on wood support",,unknown,14th c. CE,other
322355,-0.0026504769921302,0.0086618158966302,-0.1779801398515701,-0.0415231515653431,-0.00023711490212,0.0134510090574622,-0.2319664508104324,-0.2358547880285186,-0.0002232739789178,0.0127722676843404,-0.2440754473209381,-0.0776937037262541,-0.1201801300048828,-4.452727317810059,-2.9441375732421875,-2.35754132270813,0.6061550120483469,-0.9309863540451215,-0.11111152700931096,-1.0725792216122996,-0.6781532415070615,-0.3771305226545963,0.7806026995528159,1.4502031300840674,0.24247024397798922,2.4732760736148727,Drachm,Ancient West Asian Art,,Parthian,Silver,,unknown,1th c. BCE,other
53167,-0.0010781995952129,0.0145230144262313,-0.819188117980957,-0.1990130124613642,0.0007148131262511,0.0717171356081962,-0.7083207964897156,-0.1763976391521282,-5.6371303799096495e-05,0.0445421747863292,-0.401378720998764,-0.1205661641961342,3.745426177978515,-2.072080612182617,-1.1642723083496094,-0.4473981857299804,-1.3825854860995699,-0.6079156250476819,-0.5725257419551523,0.5943491658637281,-0.23584375038490174,-0.492169421809669,0.8151109803081314,1.3777432308004598,0.28030423951827055,2.473158450626862,Flying Apsaras (Hiten),Asian Art,Sculpture,Japan,Japanese cypress with lacquer and gold,,unknown,9th c. CE,other
323512,-0.0066234902478754,0.0196093823760747,-0.4519101083278656,-0.1062717234017327,-0.0091220494359731,0.0328236147761344,-0.329781174659729,-0.2120979535393417,-0.0007000976474955,0.0062648835591971,-0.1775686889886856,-0.0914377068693284,1.2343406677246094,-5.927630424499512,-2.6394643783569336,-2.462491512298584,-0.21147290555635323,-0.8018994741302053,-0.25903115539010163,-1.1641663110364364,-0.7180747240272467,-0.6091424615282741,0.45677337264145995,1.8660059855226105,0.14935933262710588,2.4721386907911764,Obol,Ancient West Asian Art,,Parthian,Silver,,unknown,1th c. BCE,other
788195,-0.031461302191019,0.0266287457197904,-0.1349278688430786,-0.0311062433756887,0.004567967262119,0.3467072546482086,0.0068677477538585,0.1114881405374035,0.0014854124747216,0.0288464557379484,-0.0169472470879554,-0.0856954652117565,2.3368053436279297,-4.170616149902344,-2.06966781616211,-1.6727356910705566,0.7376969860166392,0.9563616817174463,-0.1972303653860085,-0.47496853727059485,-0.4195123147801496,0.25546494126937047,0.6981571200887068,1.5420195628481377,0.21982976890935801,2.460006451846202,"Gold-inlaid Colt Model 1851 Navy Revolver (serial no. 20133), with Case and Accessories",Arms and Armor,Firearms-Pistols-Revolvers,"American, Hartford, Connecticut","Steel, copper alloy, gold, wood (walnut), textile, glass, cork, bone, pewter, paper",Samuel Colt,male,19th c. CE,other
312923,-0.0005388011340983,0.0066998889669775,-0.7254515886306763,-0.1782052684138761,-0.0017583762528374,0.0001652340288273,-0.7642730474472046,-0.2498172483028611,-4.122838618059177e-06,2.7752963433158584e-05,-0.0896546691656112,-0.0236713359706755,3.1315841674804688,-2.470184326171875,-1.3262968063354492,-0.8929297924041748,-1.1198307727046752,-1.006853803202624,0.47030339842908314,0.20554621790354385,-0.3361559112728969,-0.36270873989366803,0.817512396400879,1.2922199767417966,0.3468253774511546,2.4565577505938303,Bird Pendant,The Michael C. Rockefeller Wing,Metal-Ornaments,Early Quimbaya,Gold alloy,,unknown,3th c. BCE,other
329072,-0.0002806130214594,0.0141792315989732,-0.3607377707958221,-0.0835933016933268,-0.010038174688816,0.381553441286087,-0.0887837707996368,0.1332176681607961,-8.61143707879819e-05,0.0007933124434202,-0.0336207710206508,-0.0454547498029569,2.398895263671875,-3.900091171264648,-3.2888965606689453,-1.61183500289917,0.07490423281295977,1.0744328382179735,0.23585973267950658,-0.42182221333054165,-0.4019163465586644,0.24084364759497456,0.6222426404401379,1.6535624647279201,0.17926425495688664,2.4550693601249445,"Statue of Gudea, named “Gudea, the man who built the temple, may his life be long”",Ancient West Asian Art,,Neo-Sumerian,Diorite,,unknown,21th c. BCE,other
324933,-0.0028358749113976,0.0520124025642871,-0.5931388735771179,-0.1234203981002792,-0.0035948811564594,0.0126442499458789,-0.9449405074119568,-0.2348272509989328,-0.0003508693480398,0.0071247546002268,-0.2143407166004181,-0.0798555491710431,3.6441593170166016,-3.6467323303222656,-2.8506431579589844,-0.7872304916381836,-0.42802185460317765,-0.9254030534077112,-0.1343783562934,0.29778703565814174,-0.3063334224771097,-0.2975040571615368,0.5138980198476927,1.7653279505129613,0.1645456930676074,2.443771663428261,Female head,Ancient West Asian Art,,Assyrian,Ivory,,unknown,8th c. BCE,other
323943,-0.0021332134492695,0.0123361572623252,-0.6537833213806152,-0.1580207032384351,-0.004178297240287,0.0017105381703004,-0.9869043827056884,-0.2477470010635443,-0.0006116083241067,0.0001818630698835,-0.0783755853772163,-0.0255244354375463,2.617542266845703,-4.112998962402344,-0.7982654571533203,-1.2465195655822754,-0.8649453980302487,-0.9956047558222746,0.450359443117177,-0.10302166846136579,-0.4194529263304503,-0.378303094799178,0.6783174127767595,1.4916817750891433,0.27187219223622844,2.4418713801021315,Jug in the form of a recumbent bull,Ancient West Asian Art,,Iran,"Ceramic, paint",,unknown,7th c. BCE,other
38006,-0.0017051522154361,-0.0287380572408437,-0.1346292495727539,-0.0440196029958315,0.0318477526307106,0.1007861569523811,0.537989616394043,0.1606368422508239,0.0065405555069446,0.025051649659872,0.0019853455014526,-0.141423272783868,3.24383544921875,-1.3659162521362305,0.9247207641601562,0.5900328159332275,0.5746304806707399,1.2234196754474074,-0.797000061356776,1.499686128964768,0.141306695601088,0.6251840559315348,1.0243376818926695,1.0716562838683865,0.32284035900662494,2.418834324767681,Portrait of the Indian Monk Atisha,Asian Art,Paintings,Tibet,Distemper and gold on cloth,,unknown,11th c. CE,other
325564,-0.0042045786976814,0.0609602406620979,-0.645818829536438,-0.1326678115874529,-0.0007370170205831,0.0585498102009296,-0.8583579063415527,-0.1886179693974554,0.0009602803038433,0.0079707168042659,-0.0795991644263267,-0.1837740854534786,2.378049850463867,-5.990386009216309,-1.721090316772461,-2.1627721786499023,-0.5447957573828848,-0.6743169085864394,-1.2528000496498535,-0.9026096476312157,-0.6669580112720723,-0.8436305908125984,0.3103049875248174,1.9499002479926544,0.15628751706304614,2.4164927525805178,Furniture plaque carved in high relief with two Egyptianizing figures flanking a volute tree,Ancient West Asian Art,,Assyrian,Ivory,,unknown,9th c. BCE,other
327438,-0.0042748763225972,0.0749591663479805,-0.1699014008045196,-0.0069050233578309,-0.0054149883799254,0.2148373425006866,-0.3052376508712768,-0.0323126082075759,-0.0001150393727584,0.0001116147468565,-0.1037991866469383,-0.0435001750392984,2.7944202423095703,-2.9384994506835938,-3.865936279296875,-1.5152029991149902,1.0433036205026427,0.17499537664953102,0.2568958143562287,-0.3374941715580456,-0.39948020142992385,0.2844251599875892,0.5702084166151216,1.652174227751731,0.1866330128794047,2.4090156572462575,Winged deity,Ancient West Asian Art,,Hittite,"Bronze, gold",,unknown,14th c. BCE,sculpture
323571,-0.0075603686273097,0.097598910331726,-0.6055803894996643,-0.1059220833703875,-0.0007683970034122,0.0007284766179509,-0.9922187924385072,-0.2492190653429133,-0.0019335391698405,0.0004318133869674,-0.2093478292226791,-0.0695213996295933,2.480628967285156,-5.004366874694824,-1.9582481384277344,-1.26959490776062,-0.20705774329667612,-1.0036034723576999,-0.023157226329306852,-0.12315887293739107,-0.4235643640258785,-0.3392443287302685,0.44924022734665325,1.7381440711827547,0.2104965543518846,2.3978808528812925,Furniture plaque: deer,Ancient West Asian Art,,Old Assyrian Trading Colony,Ivory (hippopotamus),,unknown,18th c. BCE,other
458954,-0.0004355954006314,-0.011782556772232,-0.1456492394208908,-0.0385316179599612,0.1856869012117386,0.3492772579193115,0.0021038921549916,0.199185746954754,0.0135895069688558,0.0244034379720687,0.000530197401531,-0.1751337337482255,2.660064697265625,-1.2864723205566406,-0.5978488922119141,0.0401191711425781,0.6439313107811356,1.4328818339952893,-1.1598083935787906,1.0197919014504306,0.006409891597286353,0.4841991631620163,1.14238545696429,0.9119556093122262,0.34239257095086506,2.3967336372273813,Saint Mary Magdalen,Robert Lehman Collection,Paintings,,"Tempera on wood, gold ground",Lippo Memmi (Filippo di Memmo),unknown,14th c. CE,painting
316274,-0.0034987502731382,0.0513993538916111,-0.5503212809562683,-0.1130784057313576,-0.0002565644681453,0.4424627721309662,-0.0917461588978767,0.1950339963659644,-0.0002675813739188,0.0085362261161208,-0.0405949875712394,-0.073540539087844,2.425695419311523,-3.808294296264648,1.2417984008789062,-1.1121554374694824,-0.2974258978946356,1.410322577208114,-0.06641315467028606,0.014234140840972642,-0.27593509648067993,0.2651794163710413,0.7747698073046305,1.4280240457946922,0.1893116721933245,2.392105525292647,Plate with trumpeter,The Michael C. Rockefeller Wing,Ceramics-Containers,Maya,"Ceramic, slip",Maya artist(s),female,7th c. CE,other
459249,-0.0004799365706276,0.0174212232232093,-0.5403764247894287,-0.1267490270474809,0.0011971413623541,0.33159139752388,-0.3236839771270752,0.0833755090716295,0.009285750798881,0.1496139913797378,-0.447419136762619,-0.0647997905034571,2.736835479736328,-4.317584991455078,-2.3154029846191406,-1.501136302947998,-0.47005490455918736,0.8036068235831295,0.02765902131171285,-0.3252185600057854,-0.40232740285682667,0.008998095082467392,0.5694862628080446,1.661941308382355,0.15908567605238108,2.390513247242781,"Tabernacle House Altar with the Adoration of the Shepherds, the Adoration of the Magi, and the Annunciation.",Robert Lehman Collection,Glass,,"Ebony-veneered soft wood, silver gilt, rock crystal, agate, and reverse painted and gilded glass.",Reinhold Vasters,male,16th c. CE,other
468624,-0.0039435937069356,0.0324281379580497,-0.6366065740585327,-0.1448886779835447,-0.037262424826622,0.2956225574016571,-0.2171429693698883,0.0497080944478511,0.0009631301509216,0.156733825802803,-0.2775443196296692,-0.1041469217452686,3.2148494720458984,-2.0764732360839844,-0.6781463623046875,0.3045797348022461,-0.699117640620873,0.6206690878942556,-0.39581389051396604,1.2505792243468794,0.02631305738032097,0.19407919527657397,0.9025788401814395,1.1964519241381144,0.28745605044380335,2.3864868147633573,Stole with the Martyrdom of St. Catherine,Medieval Art,Textiles-Embroidered,German,Silk with linen underlay,,unknown,12th c. CE,other
322610,-0.0191049799323081,0.0495567433536052,-0.1211996302008628,-0.0205969335511326,-0.0228486694395542,0.3682796061038971,-0.0307180322706699,0.1289565619081258,-0.0002409690059721,0.2853456437587738,-0.0074889198876917,0.0159764064010232,5.865947723388672,-2.9003639221191406,0.355386734008789,0.6406686305999756,0.8704057835021957,1.0512793784675283,0.8970116330466119,1.5438745854510754,0.19125116633949799,1.0906428451168528,0.3124984813560377,1.953229938313381,0.09546374935975083,2.3611921690291697,Relief panel,Ancient West Asian Art,,Assyrian,Gypsum alabaster,,unknown,9th c. BCE,other
328593,-0.0011849851580336,0.0181326791644096,-0.3765430450439453,-0.0854239426844287,-0.0011004578555002,0.0122489696368575,-0.7895469665527344,-0.2367335782910231,-9.700111149868462e-06,1.7002361346385442e-05,-0.2123302817344665,-0.0536935704919869,2.505146026611328,-3.999847412109375,-3.36410140991211,-1.6723122596740725,0.05178738036378744,-0.9357614133291349,0.14718954816842467,-0.47459902055675074,-0.5120408377853778,-0.30284587633841836,0.5027848610765833,1.683872297926062,0.16376637370582614,2.3504235327084713,Monstrous male figure,Ancient West Asian Art,,Bactria-Margiana Archaeological Complex,"Chlorite, calcite, gold, iron",,unknown,23th c. BCE,other
323523,-0.0005095571978017,0.042486049234867,-0.6012004017829895,-0.1293991368438583,-0.0123636480420827,0.0155114559456706,-0.941581964492798,-0.2338698389939963,-8.876942592905834e-05,3.101421316387132e-05,-0.009099961258471,-0.0041420381021453,2.60628890991211,-3.0591888427734375,-1.8777351379394531,-0.7944669723510742,-0.5035197933247816,-0.9202007892522469,0.6804871748135076,0.2914719617287485,-0.29046949657276855,-0.11294036150869309,0.7296799009015542,1.3382620528913105,0.2770583903822172,2.3450003441750815,Furniture plaque: deer,Ancient West Asian Art,,Old Assyrian Trading Colony,Ivory (hippopotamus),,unknown,18th c. BCE,other
310513,-0.0016924425726756,0.0018918078858405,-0.2544820606708526,-0.0640842059219721,-0.1708111613988876,0.1541507393121719,-0.4747487604618072,-0.085570465773344,-3.317704249639064e-05,0.0011121045099571,-0.0035234310198575,-0.0376638988273043,4.232608795166016,-5.483246803283691,-0.081878662109375,-0.9436352252960204,0.32125995769581517,-0.1143904279807138,0.31970864984665415,0.16129700754311369,-0.2827384489546602,0.1719687967762173,0.20512630873262933,2.088279491430397,0.04079647220152194,2.334202272364548,Ornament,The Michael C. Rockefeller Wing,Stone-Ornaments,Maya,Jade,Maya artist(s),female,4th c. CE,other
326893,-0.0007900712080299,0.0014696944272145,-0.7325459122657776,-0.1830003724317066,-0.0160353872925043,0.0007477100589312,-0.1779265105724334,-0.2486415976745775,-0.0061316657811403,0.0006764317513443,-0.6093985438346863,-0.1786036102421349,2.6460704803466797,-6.615179061889648,-2.8482131958007812,-2.474782943725586,-1.1803820837467707,-1.0004657016420277,-1.197152887476477,-1.1748926987985588,-0.7712571310185012,-1.1382233429159587,0.09232525844489778,2.215528609026404,0.024436587832507357,2.332290455303809,Openwork stamp seal: figure holding snakes,Ancient West Asian Art,,Bactria-Margiana Archaeological Complex,Copper alloy,,unknown,23th c. BCE,other
20615,0.0057081785053014,0.0894809812307357,-0.374397873878479,-0.0529415220953524,-0.0602194443345069,0.0915684029459953,0.0697226002812385,-0.0843626502901315,-0.001897893147543,0.4398148655891418,-0.0073892455548048,0.0915598149294965,3.9312686920166016,-1.9742403030395508,0.8901948928833008,0.223747968673706,0.461966835319429,-0.10782755310309243,1.710476937506985,1.18003960720455,0.04450090280442965,0.811163956731968,0.7981890143012794,1.3383467523455412,0.1841268744298447,2.320662641076665,Sampler,The American Wing,,American,Silk embroidery on linen,Julia Ann Fitch,female,19th c. CE,other
464133,-0.0023719584569334,0.0167900677770376,-0.6833975911140442,-0.1631589608732611,-0.01272988691926,0.0893082916736602,-0.8004750609397888,-0.1600571190938353,0.0003882345627062,0.0109659368172287,-0.356636106967926,-0.0876637865585507,2.736715316772461,-3.4356422424316406,-3.957071304321289,-0.9696965217590332,-0.9298299625994106,-0.5191265756702026,-0.21841439445824354,0.13855404443860495,-0.3451440970711701,-0.38220422207231297,0.4533791505175113,1.7264805663870293,0.1397405330316929,2.3196002499362334,"Box with Scenes from the Romance, “The Chatelaine de Vergy”",Medieval Art,Ivories-Elephant,French,"Elephant ivory, modern wood core",,unknown,14th c. CE,other
464440,-0.0021848566830158,0.0281518679112195,-0.2885597050189972,-0.0592938438057899,-4.389266177895479e-05,0.0306105446070432,-0.9366701245307922,-0.2193121978516501,-1.8135804566554725e-05,0.0221375785768032,-0.1504651308059692,-0.0863291707755706,2.0096988677978516,-5.350329399108887,0.0952014923095703,-1.3857781887054443,0.38175138925238333,-0.8410993216369967,-0.2040506120438723,-0.2245487664002525,-0.43767835028461377,-0.22198682770718453,0.49937573900477583,1.7040047967289775,0.10820794474753169,2.311588480481285,Half of a Prayer Bead with the Prayer of the Rosary,Medieval Art,Sculpture-Miniature-Wood,Netherlandish,"Boxwood, silver",,unknown,15th c. CE,other
13863,-0.0200568921864032,0.0156934615224599,-0.1284808218479156,-0.0473513803444802,-0.0332782939076423,0.2099265605211258,-0.2381042242050171,0.0099518578499555,0.0132146812975406,0.0921196341514587,0.0299047939479351,-0.113309372216463,-2.699521064758301,-4.120782852172852,0.1644496917724609,-2.1442065238952637,0.5325576735301948,0.40464668213478583,-0.4944246267490946,-0.8864079209943597,-0.5737288546515629,-0.11090704801961843,0.69000720617841,1.3706794181082254,0.2506289693472393,2.3113155936338745,George Washington Quilt,The American Wing,,American,Wholecloth printed cotton,,unknown,19th c. CE,print
459582,-0.0008846507407724,-0.0051545426249504,-0.007447644136846,-0.0030691861175,0.0826340243220329,0.1978868097066879,0.0799018889665603,0.1311844866722822,0.0344413295388221,0.0103890523314476,0.0172748286277055,-0.0787175218574702,2.6099090576171875,-3.930267333984375,-1.1850261688232422,-1.0899367332458496,1.091741563242249,1.063385194022254,-0.1221303543424024,0.03362378137958675,-0.26013473863713443,0.5166550460754218,0.650897930390947,1.456981300180728,0.19405375932299126,2.3019329898946665,The Holy Virgins Greeted by Christ as They Enter the Gates of Paradise,Robert Lehman Collection,Manuscripts and Illuminations,,Tempera and gold leaf on parchment,Simon Marmion,male,15th c. CE,painting
466073,-0.0092901214957237,0.0055615855380892,-0.6217767000198364,-0.1574129303917288,-0.0199922136962413,0.0805550888180732,-0.6886171698570251,-0.1683634212240576,0.0079840766265988,0.0825759693980217,-0.0044098226353526,-0.1694677635096013,2.9427661895751953,-1.9276618957519531,-1.198503494262695,-0.183711290359497,-0.8572706025415571,-0.564260308706458,-1.0988284735810105,0.8244613301248027,-0.16973885137122116,-0.4239745136760557,0.8605125465286395,1.1494984989693724,0.28588164881935896,2.295892694317371,Right Wing of a Diptych with Crucifixion,Medieval Art,Ivories-Elephant,French (?),Elephant ivory,,unknown,13th c. CE,other
459254,-0.0009874033275991,0.0105571933090686,-0.0799955949187278,-0.0131525146425701,-0.1316864937543869,0.192546397447586,0.0057833474129438,0.074363965075463,0.0011242423206567,-0.536228358745575,0.0071095931343734,-0.1375800805399194,3.047374725341797,-1.827524185180664,-1.9535408020019531,-0.4156122207641601,0.9644119454506845,0.7546410365709294,-0.7556377622796492,0.6220878867475812,-0.12299521271779665,0.39637577662238643,0.7808329390366605,1.2305860274079647,0.2780499725449579,2.2894689389895833,Self-portrait,Robert Lehman Collection,Manuscripts and Illuminations,,Tempera and gold leaf on parchment,Simon Bening,male,16th c. CE,painting
323520,-0.001014080364257,0.0177653394639492,-0.5972020626068115,-0.140768073615618,-0.0350478291511535,0.1111260503530502,-0.6919646263122559,-0.1337327156215906,-1.047312434820924e-05,0.0008521694689989,-0.5388738512992859,-0.1394233665037063,2.928997039794922,-4.015176773071289,-1.249267578125,-0.6506600379943848,-0.6470837335698567,-0.3760883644387538,-0.7754760999113076,0.41696824342327027,-0.2661460484338249,-0.345419988624162,0.5348288322786389,1.5380270350455671,0.2161863158626533,2.2890421831868593,Furniture support: female sphinx with Hathor-style curls,Ancient West Asian Art,,Old Assyrian Trading Colony,"Ivory (hippopotamus), gold foil",,unknown,18th c. BCE,painting
313262,-0.0008657496655359,0.0288416780531406,-0.4076901078224182,-0.0880066509416792,-0.0349680259823799,0.0683950558304786,-0.6579013466835022,-0.1628223210573196,-6.788964674342424e-05,9.369839972350746e-05,-0.053057961165905,-0.0184443835314596,0.8108501434326172,-4.848636627197266,-1.9668216705322263,-1.9334282875061035,0.019173620488246983,-0.5341517800577403,0.5265583959232076,-0.7024676607607399,-0.5506754107591405,-0.1727218561017564,0.5588914481043178,1.4920379864425573,0.23749453201589496,2.2884239665627697,Deity figure,The Michael C. Rockefeller Wing,Stone-Sculpture,Maya,Pyroxene jadeite,Maya artist(s),female,2th c. CE,other
467421,-0.0090859541669487,0.0190903320908546,-0.328860193490982,-0.0776373951230198,-0.6158373355865479,0.1192812696099281,0.0176859162747859,-0.0984333073720336,-0.0001040992210619,0.2809045910835266,-0.0001540793746244,-0.0209048244068981,2.1026535034179688,-4.827367782592773,-1.196507453918457,-1.806806564331055,0.1501138528619291,-0.18428290837708497,0.5000779377801835,-0.5919684312812508,-0.5009455228082516,-0.03151488725405578,0.4665569540633071,1.5981813027770513,0.20909747082162905,2.2738357276619876,Leaf from a Manuscript of Valerius Maximus,Medieval Art,Manuscripts and Illuminations,French,"Tempera, ink, and gold on parchment",Workshop of Pierre Remiet,unknown,14th c. CE,painting
10810,-0.0011845789849758,0.0183164402842521,0.0053650797344744,0.0086773821385577,0.3135896623134613,-0.2570048570632934,0.0063042384572327,0.0399186901049688,0.0924492627382278,-0.5939363241195679,0.0005321531789377,-0.1425828665669541,0.1303424835205078,-3.2232437133789062,-0.6683464050292969,-1.834336757659912,1.2400741344450652,0.567476661797929,-0.8094801721135323,-0.615993259517513,-0.48208088799583493,0.09551934115298721,0.9760504917410369,0.9498929431469125,0.34042471573132843,2.266368150619278,Arcadia,The American Wing,,American,Oil on canvas,Thomas Eakins,male,19th c. CE,painting
322891,-0.0004790145903825,0.006192029453814,-0.5828072428703308,-0.142828035634011,-0.012606524862349,0.0501920655369758,-0.6879567503929138,-0.1987558084074407,-6.266273703658953e-05,0.0003227046399842,-0.4775401949882507,-0.1241957717884361,2.5520782470703125,-6.260309219360352,-2.0912532806396484,-2.1299233436584473,-0.6730963915741041,-0.7294026148691902,-0.6115893394116138,-0.8739433898609223,-0.6489257398720838,-0.7220079339289576,0.1121363293290479,2.0544593769422885,0.09924174927447298,2.2658374555458094,Furniture support: female sphinx with Hathor-style curls,Ancient West Asian Art,,Old Assyrian Trading Colony,"Ivory (hippopotamus), gold foil",,unknown,18th c. BCE,painting
325978,-0.0052182124927639,0.0084748538210988,-0.0924071669578552,-0.0210925039136782,-0.0003445874899625,0.0020211285445839,-0.2137347161769867,-0.2478658826439641,-0.0001558261574245,0.0150238331407308,-0.1661290973424911,-0.1046605555020505,0.5983333587646484,-3.97490119934082,-1.0566139221191406,-1.5324478149414062,0.8641478514418772,-0.996250719504967,-0.4013418661434895,-0.3525432390762656,-0.4765166892502748,-0.22149699332071124,0.780680336203246,1.181958783617229,0.2742463169794706,2.2368854367999456,Drachm,Ancient West Asian Art,,Parthian,Silver,,unknown,2th c. BCE,other
328186,-0.0012785193976014,0.0252979937940835,-0.3798531293869018,-0.0828442046768032,-0.0001206444139825,0.007406170014292,-0.9666317701339722,-0.2424678587012749,-0.0002219688612967,0.0018573433626443,-0.009261904284358,-0.0573917170986533,2.9064197540283203,-3.4989519119262695,-1.4056987762451172,-0.7396752834320068,0.08436363270909546,-0.9669196203307394,0.10738830059439249,0.339287133214504,-0.2805947659771846,-0.10897013845318687,0.5834383190123466,1.4405261992235414,0.21090399447855226,2.2348685127144403,Plate with reclining zebu,Ancient West Asian Art,,,Copper alloy,,unknown,23th c. BCE,other
13640,-0.0042215907014906,0.0195681750774383,-0.3256456851959228,-0.0791654383065179,-0.0671240389347076,0.2789166569709778,-0.2580875158309936,0.0368878170847892,0.0023785603698343,0.0540944039821624,0.0038033556193113,-0.1910644942545332,1.6369380950927734,-2.5628528594970703,-1.122598648071289,-0.2367362976074218,0.13081812585669741,0.5510078876533129,-1.331262965393543,0.778187892225526,-0.11751960327092092,0.0321877350854983,0.9477018433705655,0.9680403935938506,0.30463048218084887,2.220372719145265,Coverlet,The American Wing,,American,"Wool, woven",,unknown,19th c. CE,other
464179,-0.0014684899942949,0.0166663322597742,-0.561701238155365,-0.1335821114771533,0.026876263320446,0.4061524569988251,-0.0947537422180175,0.1714943703263998,0.0128231365233659,0.1243266090750694,-0.034920509904623,-0.0859775622375309,2.388956069946289,-2.3217859268188477,-2.3287315368652344,-0.9465711116790771,-0.5563412956655038,1.282415937070698,-0.20026643040909484,0.15873494176930797,-0.2486591037668404,0.17113578819135183,0.7962955619206338,1.2270055660269035,0.19639472374328887,2.219695851690826,Triptych with the Coronation of the Virgin,Medieval Art,Ivories-Elephant,German,"Elephant ivory with polychromy, gilded decoration, and metal mounts",,unknown,14th c. CE,other
464441,-0.0018852478824555,0.0509677082300186,-0.2404104471206665,-0.0355578301241621,5.543221050174907e-06,0.0021675564348697,-0.9927940964698792,-0.2478104010251627,-6.027496056049131e-05,0.0096583878621459,-0.0853097215294838,-0.0355847498276489,0.1285629272460937,-3.974803924560547,-1.2318229675292969,-1.605031967163086,0.6814835206078872,-0.9959492505080362,0.3420854598761465,-0.4158853946859282,-0.48099623703501493,-0.09706641617748267,0.7546810066116728,1.16935412037588,0.2851631382245884,2.2091982652121414,Half of a Prayer Bead with the Lamentation,Medieval Art,Sculpture-Miniature-Wood,Netherlandish,"Boxwood, silver",,unknown,15th c. CE,other
459253,-0.0100101344287395,0.0108436271548271,-0.0395879819989204,-0.0005157170817255,0.0255249626934528,0.3167693316936493,0.31419637799263,0.2430309550836682,0.0373958609998226,-0.0421991944313049,0.0247683338820934,-0.0855158474296331,1.3753585815429688,-0.0325336456298828,-3.3227710723876953,-0.983412265777588,1.123986097927337,1.6711223756448998,-0.19529723169084753,0.1265846989915129,-0.2066032188013196,0.6815989852182256,0.8663815038880189,1.0866392528677156,0.2560417526865455,2.2090625094422798,Holy Face,Robert Lehman Collection,Manuscripts and Illuminations,,Tempera and gold leaf on parchment that has been trimmed and laid down on thin walnut,Gerard David,male,15th c. CE,painting
312928,-0.003257852513343,0.0261922776699066,-0.5703356862068176,-0.1306555789196863,-0.0022917331662029,0.1255893409252166,-0.6320464611053467,-0.1019576754770241,-0.0010085399262607,0.003161652944982,-0.037725530564785,-0.0382868108572438,3.4969654083251953,-4.437784194946289,-1.004533767700195,-1.4096145629882812,-0.5193858130517652,-0.20343317364294497,0.3130045684357731,-0.24535010226737655,-0.42012865706055885,-0.16379113013157842,0.34737351378741294,1.729577088740159,0.1310374441378919,2.2079880466654638,Neckless jar with complex scene,The Michael C. Rockefeller Wing,Ceramics-Containers,Paracas,"Ceramic, post-fire paint",Paracas artist(s),unknown,4th c. BCE,other
464148,-0.0102972071617841,0.2063617408275604,-0.1481232941150665,0.0618549776263535,0.0028508165851235,0.4685892164707184,-0.0270273890346288,0.2217457208316773,0.0052153142169117,0.0161258149892091,-0.0248055849224329,-0.0394532743375748,1.857034683227539,-2.6553001403808594,-3.1465349197387695,-0.1206939220428466,1.9115868092230979,1.5554653642236445,0.30045052266510763,0.8794548215116518,0.03086337551940236,1.1617393794058755,0.7161923357812883,1.3379241272827744,0.14382461369707544,2.197941076761138,Virgin and Child,Medieval Art,Ivories-Elephant,North French,Elephant Ivory with paint and gilding,,unknown,13th c. CE,other
308532,-0.0005323753575794,0.0102424845099449,-0.7276038527488708,-0.1770250512490747,-0.0110045056790113,0.0216737408190965,-0.9095478653907776,-0.220661208499223,-0.00032856859616,0.0007807301008142,-0.3126091659069061,-0.0831567731875111,2.468395233154297,-3.493654251098633,-3.867523193359375,-2.00748348236084,-1.1049273010850036,-0.8484294049250932,-0.16990773042365503,-0.767093554053071,-0.6220816288241622,-0.7225894976217058,0.3955821132876085,1.6742286570340381,0.12351205899390089,2.1933228293155476,Tuber-inspired stirrup-spout bottle,The Michael C. Rockefeller Wing,Ceramics-Containers,Moche,"Ceramic, slip",Moche artist(s),unknown,5th c. CE,other
464294,-0.0044198194518685,0.1304173022508621,-0.3502113223075866,-0.0264068583492189,0.0352243073284626,0.4595170021057129,-0.0123701766133308,0.2321781544014811,0.0791143700480461,0.3938126564025879,-0.0005971328355371,0.1445107929175719,0.9914093017578124,-3.11538028717041,-0.6048984527587891,-1.0786526203155518,0.797039582837528,1.6121518011333733,2.2803610465878528,0.04347111051783969,-0.1820926328364294,1.1832558852691484,0.9722591915492489,1.0106329361612547,0.20450261332571443,2.187394741036218,Virgin and Child,Medieval Art,Ivories-Elephant,French,Elephant ivory with paint,,unknown,13th c. CE,other
322973,-0.0032782510388642,0.0336136706173419,-0.6606926321983337,-0.1498082646285183,0.0004691680078394,0.0130591550841927,-0.537437915802002,-0.2358330399001715,-0.0004948324058204,0.0073448834009468,-0.0605503506958484,-0.0313558917841874,2.8368911743164062,-2.6110525131225586,-1.3227596282958984,-0.7535150051116943,-0.7612408855037046,-0.9308681818183628,0.3875984813555655,0.32720959593678195,-0.29262805035614287,-0.24432524750742995,0.6986946528654402,1.2396083289851043,0.24027435958592552,2.17857734143647,Plate with king hunting rams,Ancient West Asian Art,,Sasanian,"Silver, mercury gilding, niello inlay",,unknown,5th c. CE,other
322244,-0.0057801692746579,0.0282524935901165,-0.3401231467723846,-0.0732247926061973,-0.000343252409948,0.0033224006183445,-0.990475594997406,-0.2466005011156085,-0.0001532231108285,0.1089367344975471,-0.2645224034786224,-0.0471559506986523,1.349874496459961,-2.763641357421875,-3.825680732727051,-1.40813946723938,0.20583503565748798,-0.989375049538423,0.2175505834692828,-0.24406282754409142,-0.44378017791495955,-0.2025130644889359,0.5668861748049953,1.3991526496871587,0.20989694338949694,2.1759357678816507,Square plaque seal with stalk handle,Ancient West Asian Art,,Old Assyrian Trading Colony,"Hematite, black",,unknown,19th c. BCE,other
701203,-0.0040034796111285,0.0236443318426609,-0.5186563730239868,-0.1183642371324822,-0.0124788489192724,0.285860925912857,-0.2934944331645965,0.0532134198583662,0.0027737580239772,0.0836088582873344,-0.3773678243160248,-0.088766380213201,2.8955554962158203,-3.0238037109375,2.4158859252929688,-0.5405192375183105,-0.3641739851301613,0.6397158813774536,-0.23028104218475223,0.5130850335101911,-0.1736091087514069,0.1395864718931828,0.5099696650428074,1.4699785825466207,0.17020895836853123,2.1501572059579592,Sampler,The American Wing,,,Silk embroidery on linen,Ann Magdalen Yates,female,18th c. CE,other
464447,-0.0015170382102951,0.0170147661119699,-0.7840220332145691,-0.1882077058253344,-0.0045119421556591,0.0200752671808004,-0.9403778910636902,-0.2296058915089815,-0.0008509857580065,0.1115887016057968,-0.3763347566127777,-0.1233903157990425,0.5319843292236328,0.6016130447387695,-1.926227569580078,0.2739689350128174,-1.2461389188112382,-0.8970318911731543,-0.6029206313657908,1.223866037180672,-0.06680874453013524,-0.38055635104237784,1.1014531671347954,0.6992313188974187,0.3443436812304674,2.1450281672626814,Prayer Bead with the Crucifixion and Jesus before Pilate,Medieval Art,Sculpture-Miniature-Wood,Netherlandish,Boxwood,,unknown,15th c. CE,other
474207,-0.0017483711708337,0.0274554751813411,-0.5052483677864075,-0.1135934244957752,0.0036486480385065,0.026273313909769,-0.2752273082733154,-0.2204420384950935,0.000374592578737,0.0169999953359365,-0.015991861000657,-0.2220696611984749,2.113109588623047,-3.933342933654785,0.6032800674438477,-1.6881380081176758,-0.30392941925325556,-0.8472385067009671,-1.6649556111598014,-0.4884097077366815,-0.5610607830767549,-0.8261333112126764,0.6029987333562046,1.359131698112091,0.1714406946895885,2.133571126157884,The Crucifixion,Medieval Art,Enamels-Champlevé & Cloisonné,French,"Gilded copper, cloisonné and champlevé enamel",,unknown,11th c. CE,other
459186,-0.0038503645919263,0.006210105959326,-0.0185589976608753,-0.0110690889414399,0.0180093962699174,0.4564153850078583,0.0355264693498611,0.2375396233983338,0.0026086962316185,0.0722248628735542,0.0022933590225875,-0.1024752860539592,0.2064056396484375,-3.01912784576416,0.1510772705078125,-1.2265655994415283,0.9907208966628226,1.6412842726703356,-0.3778229363740033,-0.08560840138266557,-0.2756425877596484,0.5421434578941223,0.9398125367482186,0.9061312949196116,0.28252115809638884,2.128464989764219,Study for the Equestrian Monument to Francesco Sforza,Robert Lehman Collection,Drawings,,"Pen and brown ink, light and dark brown wash; outlines of the horse and rider pricked for transfer.",Antonio Pollaiuolo,male,15th c. CE,drawing_paper
310498,-0.0004022851935587,0.0025088884867727,-0.312121570110321,-0.0770783013285836,-0.0128715094178915,0.1772110313177108,-0.5058976411819458,-0.0573891433887183,-0.0031529301777482,0.000459093163954,-0.0249443426728248,-0.0226874028958263,4.536216735839844,-2.1587352752685547,-1.960365295410156,-0.1442327499389648,0.15717394209518168,0.03873767417300679,0.48089296343923105,0.85891314603804,-0.07534689938802325,0.38392943143636493,0.36768956875068814,1.636522599888805,0.12150773270980561,2.125719901349299,Standing figure,The Michael C. Rockefeller Wing,Stone-Sculpture,Mezcala,Greenstone,Mezcala artist(s),unknown,3th c. BCE,other
326158,-0.0132282543927431,0.0136388912796974,-0.6683685183525085,-0.1630617440678179,0.000322597392369,0.0608586035668849,-0.1727717220783233,-0.1855151396448491,-7.139681838452816e-05,0.0678004845976829,-0.5453561544418335,-0.1433071712381206,-1.2896347045898438,-5.544797897338867,-2.2394256591796875,-2.775242567062378,-0.9286023343763271,-0.6574571450580285,-0.8172754903099928,-1.437095392269369,-0.8167816555032914,-0.9601075905034293,0.33690168950358257,1.632383148683598,0.15215767784684678,2.1214425160340276,Tetradrachm of Alexander the Great,Ancient West Asian Art,,Seleucid,"Silver, bronze",,unknown,4th c. BCE,sculpture
23944,-0.0048230700194835,0.0410762093961238,-0.2356930524110794,-0.04055717587471,0.0621547736227512,0.107046753168106,-0.028908371925354,-0.0988986855372786,-0.000609225127846,0.0031319893896579,-0.0010371156968176,-0.2148824625182896,0.2066249847412109,-1.3368816375732422,-3.0019969940185547,-1.595250129699707,0.6183530987395072,-0.1868116213400588,-1.587603492799174,-0.40734905924921416,-0.4873971134074963,-0.39085276866223495,0.9115213831691993,0.9269899699879726,0.27781907140222317,2.1163304245593952,Armor of Emperor Ferdinand I (1503–1564),Arms and Armor,Armor,"German, Nuremberg","Steel, brass, leather",Kunz Lochner,unknown,16th c. CE,other
308458,-0.0019454200519248,0.0162589270621538,-0.7212235927581787,-0.1728320314723532,-0.015709014609456,0.0609485991299152,-0.7691270709037781,-0.1729609700851142,-6.501997995655984e-05,4.018061372335069e-05,-0.0612491108477115,-0.0176264492483824,2.251291275024414,-2.8139514923095703,0.4261589050292969,-0.908259391784668,-1.051978951317861,-0.5892418877127248,0.5353614014182736,0.19216850610734598,-0.31791971064762947,-0.2284227328762416,0.7231179022217021,1.1308455023574207,0.2585238378932961,2.112487242472419,Spout-and-bridge bottle with fox,The Michael C. Rockefeller Wing,Ceramics-Containers,Topará,"Ceramic, slip",Topará artist(s),unknown,2th c. BCE,other
57573,-0.000164321550983,0.0034910745453089,-0.5516560673713684,-0.1366987947658344,-0.0013442126801237,0.0015145594952628,-0.7361443042755127,-0.2481570400996133,9.222785593010483e-06,0.0016684376168996,-0.0696043148636818,-0.0242902976133336,1.7583255767822266,-2.246950149536133,-1.6074886322021484,-0.539515495300293,-0.5956979516485403,-0.9978327740304067,0.4636418330022674,0.5139609712158694,-0.23716540694476856,-0.15398198036520258,0.7604393735776677,0.9809405363819238,0.31154948444955505,2.0529293944091465,Statuette of Buddha Sitting on Engraved Throne,Asian Art,Sculpture,Korea,Gilt bronze,,unknown,9th c. CE,sculpture
470298,-0.0007106596603989,0.0029996326193213,-0.5570076107978821,-0.13820535922423,-0.0066711013205349,0.0057086609303951,-0.8443241119384766,-0.2396999384509399,-6.619462510570884e-06,0.0011338931508362,-0.2822502851486206,-0.1015992199754691,1.992460250854492,-5.4095611572265625,-0.3806972503662109,-2.0661354064941406,-0.6147224509682757,-0.951879645660215,-0.3683942882997651,-0.8182774446344646,-0.636409981036195,-0.6883184573906801,0.25437615484246834,1.7050598793455602,0.08916139197523922,2.048597426163268,Sword and Scabbard,Medieval Art,Metalwork-Bronze,Celtic,"Iron blade, copper alloy hilt and scabbard",,unknown,1th c. BCE,other
459061,-0.0172905102372169,0.1224454566836357,0.0060724886134266,0.0574601136613637,0.0537736602127552,0.4657151401042938,0.003582407021895,0.246843138767872,0.1700117886066436,-0.0281455181539058,0.02318293787539,-0.1323465970344841,-0.4795551300048828,1.002361297607422,-1.0405826568603516,-0.6644625663757324,1.856089624189728,1.6918365367710637,-0.6993124742829652,0.40492316369473724,-0.1231264777452452,0.813384212593141,1.1991670381532251,0.48394816362156473,0.35601905659269995,2.03913425836749,"Christ Carrying the Cross, with the Crucifixion; The Resurrection, with the Pilgrims of Emmaus",Robert Lehman Collection,Paintings,,Oil on oak panel,Gerard David,male,16th c. CE,painting
464295,-0.0055672451853752,0.0822076946496963,-0.3750905990600586,-0.0573450587689876,0.0016926545649766,0.4543625116348266,-0.0464615672826767,0.2136732605285942,0.0518616661429405,0.2164630591869354,0.0016072401776909,-0.0372932718601077,0.0633678436279296,-3.759124755859375,-0.5550594329833984,-1.3669500350952148,0.40636013360470835,1.511602251306107,0.3236975170409436,-0.2081179643681586,-0.311978776298929,0.5083854843959,0.7221126160995319,1.1119538432570821,0.18437011968966438,2.0184365790462784,Enthroned Virgin and Child,Medieval Art,Ivories-Elephant,French,Elephant ivory with traces of paint and gilding,,unknown,13th c. CE,other
323955,-0.0018437380203977,0.0317673683166503,-0.5181074738502502,-0.1142034424992743,-0.002843951806426,0.1443384438753128,-0.6950305700302124,-0.1033262214623391,-0.0001037881593219,0.009122272953391,-0.0734808519482612,-0.0274817710014758,3.271068572998047,-2.7591381072998047,1.1571159362792969,-0.3188676834106445,-0.3116325659908032,-0.21086940557632314,0.42929364836880696,0.7065141334124954,-0.14096977959343343,0.153326452553544,0.4936260444995845,1.3619534236364943,0.15397631900104908,2.009555787137128,Jar with ibexes,Ancient West Asian Art,,Iran,"Ceramic, paint",,unknown,26th c. BCE,other
325660,-0.0015273380558937,0.0232624150812625,-0.6901990175247192,-0.1619340769830159,0.0004937356570735,0.0049405554309487,-0.9791099429130554,-0.2445938326127361,-0.0002321292558917,0.0065453527495265,-0.3876837193965912,-0.1054412508128734,1.7096633911132812,-3.9328861236572266,-4.051443099975586,-1.8269293308258057,-0.9143624513310638,-0.978471468247854,-0.40974408775631993,-0.6095290056985779,-0.5847246228086078,-0.7280267532584539,0.266326315496758,1.6693048012824565,0.07030033382262212,2.0059314506018366,Openwork plaque with a striding sphinx,Ancient West Asian Art,,Assyrian,Ivory,,unknown,9th c. BCE,other
459028,-0.0032865274697542,0.0182207021862268,7.195747457444668e-05,0.0099414414144121,0.0664404556155204,0.2486310005187988,0.0394088700413703,0.1808531805872917,0.0434217154979705,-0.1961319744586944,0.0196859184652566,-0.0363232020754367,3.526403427124023,-0.926025390625,-2.645832061767578,-0.6002101898193359,1.2560363421684622,1.333268655552389,0.3341378785977784,0.46099441216363235,-0.1114346924732672,0.8461093221205654,0.5214699194805105,1.3617935837855375,0.10544251901339541,1.9887060222794433,Portrait of Alvise Contarini(?); (verso) A Tethered Roebuck,Robert Lehman Collection,Paintings,,Oil on wood; verso: oil and gold on wood,Jacometto (Jacometto Veneziano),unknown,15th c. CE,painting
458971,-0.0429604314267635,0.1900634914636612,-0.256955087184906,0.0143895344808697,0.8798810839653015,0.0235510524362325,0.0527219474315643,0.2449105880223214,0.0875795483589172,0.0071480418555438,0.1013567969202995,-0.1030710322083905,0.6952972412109375,-0.6577930450439453,-1.6115589141845703,-1.0863075256347656,1.3122056902805646,1.6813356871678042,-0.3842346454558053,0.03679088916006988,-0.23251960883499126,0.6615244052881584,0.9911786155338932,0.631679668836975,0.3117277311124006,1.9345860154832688,The Creation of the World and the Expulsion from Paradise,Robert Lehman Collection,Paintings,,Tempera and gold on wood,Giovanni di Paolo (Giovanni di Paolo di Grazia),male,15th c. CE,painting
459058,-0.0025331277865916,0.0314139015972614,-0.0412422865629196,0.0040500468458049,0.2785965800285339,0.3472740948200226,0.0018584636272862,0.2433142713562119,0.1428111642599105,-0.0205830484628677,0.0011068161111325,-0.064553792879451,0.0213565826416015,-2.5072593688964844,0.0744876861572265,-1.2817158699035645,1.1816413626916988,1.672661823742181,0.030306567062884853,-0.1337364969323973,-0.27472633614524966,0.6877183141410919,0.8795930700854493,0.7556407889630249,0.257614747072746,1.8928486061212202,The Adoration of the Christ Child,Robert Lehman Collection,Paintings,Netherlandish,Oil on oak panel,Master of Frankfurt,unknown,15th c. CE,painting
891658,-0.0021748999133706,0.010289866477251,-0.4957074224948883,-0.1205210484331473,-0.0003270781016908,0.0357096791267395,-0.7518910765647888,-0.2138004595035454,3.5828707041218877e-06,0.1509067863225937,-0.2240485697984695,-0.0279147720248147,0.7407217025756836,-2.8630828857421875,0.0088386535644531,-0.0897936820983886,-0.3914096303716521,-0.811150335521512,0.42463348132765877,0.9064205949901379,-0.113007490514974,0.032123527606158164,0.7765201370961785,0.8879653732571298,0.2237732905079479,1.8882588008612562,Brooch with Assyrian divine archer in a winged disc,Ancient West Asian Art,,British,"Gold, glass",,unknown,19th c. CE,other
459080,-0.0034942775964736,-0.0001499969512224,-0.0063574141822755,-0.0002791270380839,0.0069409273564815,0.4849695861339569,0.0009690540027804,0.241162895646994,0.0071430997923016,-0.0276958085596561,0.005902777891606,-0.0355722241802141,-1.9337177276611328,-1.7732772827148438,-1.3728923797607422,-1.3755097389221191,1.1269736947070388,1.6609719507519811,0.3422202669694291,-0.2155877780283153,-0.2925495486233558,0.7286445336000335,0.8304213600186049,0.8108624297139606,0.23645301477268846,1.877736804505254,Erasmus of Rotterdam,Robert Lehman Collection,Paintings,,Oil on linden panel,Hans Holbein the Younger,male,16th c. CE,painting
458998,-0.0101304398849606,0.1060403138399124,-0.1313391625881195,0.0119945656042546,0.1611577272415161,0.3990844190120697,0.0069813886657357,0.2411320025566965,0.0549777783453464,0.0917884409427642,0.0117043647915124,-0.1023779180832207,2.059375762939453,-0.3406152725219726,-1.0569963455200195,-0.226201057434082,1.2819626538740945,1.66080408778862,-0.3767750150443952,0.7873817010945305,-0.01886310183908791,0.8383433569282124,0.8855035258165953,0.7101489889067774,0.28156027004318795,1.8772127847665607,The Assumption of the Virgin,Robert Lehman Collection,Paintings,,"Tempera on wood, gold ground",Bernardo Daddi,male,14th c. CE,painting
53427,-0.0029358929023146,0.0184569135308265,-0.0614757239818573,-0.0107173097785562,0.3068841099739074,0.0093703903257846,0.3838192522525787,0.1608235081657767,0.0383573435246944,-0.0111675392836332,0.0041027944535017,-0.1361744748428464,-0.4547405242919922,-1.5967178344726562,-0.11553955078125,-1.83854341506958,0.9951630713123595,1.2244339570663958,-0.7405099519760162,-0.619664291555277,-0.4561529228813015,0.2148556962118655,1.0387933699163665,0.5075830078329927,0.3300847465524232,1.8764611243017826,Six Jewel Rivers,Asian Art,Paintings,Japan,"Six handscrolls; ink, color, and gold on silk",Sakai Ōho,unknown,19th c. CE,drawing_paper
459064,-0.0065223136916756,0.0998483896255493,-0.1121100261807441,0.0199332067277282,0.1540855020284652,0.4144253134727478,0.0008205213816836,0.2433745311864186,0.0783156082034111,0.1403516829013824,0.0002590199001133,0.0482848660321906,2.326152801513672,-1.2829694747924805,-2.712556838989258,-0.7124233245849609,1.3822097238295248,1.6729892559793813,1.2447309468774053,0.363069154015487,-0.10020768015965588,1.1657497701754496,0.5641161243711925,1.1517331371981638,0.13838482504615587,1.8542340866155123,Adoration of the Magi,Robert Lehman Collection,Paintings,Netherlandish,Oil on oak panel,Imitator of Netherlandish (Antwerp Mannerist) Painter,unknown,16th c. CE,painting
309385,-0.0003727231523953,0.0055611166171729,-0.8618305921554565,-0.212848358307383,-0.0131765054538846,0.0380912758409976,-0.8865557909011841,-0.2100056356284767,-0.0032378525938838,0.0009253904572688,-0.3647771179676056,-0.1356734436267288,0.9777164459228516,-3.195341110229492,-3.397397994995117,-2.1297550201416016,-1.5572945907575908,-0.7905305019286814,-0.7351176110020087,-0.8737964986447208,-0.6720706144260475,-0.9891848005832504,0.3830042911473446,1.3290655979597656,0.1413692725452169,1.8534391616523271,Double-chambered bottle with mouse,The Michael C. Rockefeller Wing,Ceramics-Containers,Recuay,"Ceramic, slip",Recuay artist(s),unknown,2th c. CE,other
327799,-0.0015243131201714,0.0275089982897043,-0.3572556674480438,-0.0762617566506378,-0.0003919723967555,0.0009650966385379,-0.9921263456344604,-0.2490224982684594,-3.993333666585386e-05,0.0337292812764644,-0.2367038279771804,-0.0823338111149496,0.3214054107666015,-3.444915771484375,-2.227029800415039,-1.359628200531006,0.16748505330157307,-1.0025353910715835,-0.16105061341942012,-0.201728404524601,-0.4418115666412632,-0.2994573389285079,0.4970115060213138,1.1345763524075299,0.21128674980963802,1.8428746082384817,Stamp seal,Ancient West Asian Art,,Hittite,Hematite,,unknown,17th c. BCE,other
329077,-0.0035369270481169,0.0505559258162975,-0.3609192371368408,-0.0669022180372849,-0.0092985220253467,0.0611247420310974,-0.0250886026769876,-0.18700050143525,0.0005974337691441,0.0093427160754799,-0.0120443645864725,-0.1047377640788909,2.260046005249023,-3.0243968963623047,-1.5840721130371094,-0.9310498237609864,0.28567484265343074,-0.6655281159255925,-0.40217282229761386,0.17227993478055686,-0.32242257682810305,-0.15243654019730468,0.4557095378220848,1.2181133313955865,0.13011734027583663,1.803940209493508,Head of a ruler,Ancient West Asian Art,,,Copper alloy,,unknown,23th c. BCE,other
13756,-0.0106860715895891,0.0113718826323747,-0.2348720878362655,-0.0608632760122418,-0.0901970714330673,0.037722710520029,-0.4194501638412475,-0.1380722736939788,-0.0006534145213663,0.0035639572888612,-0.0250851456075906,-0.0639634184772148,2.900270462036133,-1.8235855102539065,0.6930637359619141,-0.0127539634704589,0.361933012562539,-0.39966810575611605,0.03666046274198431,0.9736509985436758,-0.06891323291347357,0.24314409202302076,0.5783868828883868,1.0603828990259074,0.15021341548995357,1.7889831974042476,Sampler,The American Wing,,American,Silk embroidery on linen,Mary Waine,female,18th c. CE,other
322357,-0.001199040794745,0.0059178117662668,-0.5013419389724731,-0.1228453599032946,-0.0012820716947317,0.0045074634253978,-0.6532227993011475,-0.2453182772733271,-3.93615810025949e-05,0.0112045276910066,-0.3582229018211365,-0.1012821565791455,1.2632484436035156,-3.819732666015625,-2.448638916015625,-1.471418857574463,-0.4207604236525193,-0.9824078639385054,-0.3649818982363233,-0.2992849782037529,-0.48521616283255753,-0.5168587910077752,0.31431183565105053,1.3303794114450183,0.11907992179318447,1.7637711688892532,Drachm,Ancient West Asian Art,,Parthian,Silver,,unknown,1th c. CE,other
459001,-0.0031731720082461,0.0032712928950786,-0.0014811049913987,-0.0001182956330012,0.1732274442911148,0.399588793516159,0.0208240207284688,0.2482627755962312,0.0929673612117767,-0.0064470060169696,0.0010637661907821,-0.0762639459571801,0.9649314880371094,-1.8455657958984375,1.206991195678711,-0.4905405044555664,1.1290046313453865,1.6995503796598832,-0.09572378039179467,0.5567000732941588,-0.07966499261237912,0.8223828259769085,0.7696204507185211,0.732894958916672,0.2293704023342735,1.7318858119694667,Madonna Adoring the Child,Robert Lehman Collection,Paintings,,Tempera and gold on wood,Botticelli (Alessandro di Mariano Filipepi),unknown,15th c. CE,painting
308565,-0.001999279949814,0.0190176516771316,-0.8690966367721558,-0.2088626712793484,-0.0661854073405265,0.0440810173749923,-0.8166037201881409,-0.1991834975779056,-0.0791415199637413,0.0208780728280544,-0.0591811537742614,-0.1434317817911505,0.193572998046875,-1.156291961669922,-0.7579803466796875,-0.3006958961486816,-1.506964384352567,-0.731726538143306,-0.8186166095242877,0.722372142925888,-0.21304346169927152,-0.5837338472735683,0.9372547200527492,0.46223747605779675,0.3170444615356238,1.7165366576461698,Stirrup-spout bottle with mountain sacrifice scene,The Michael C. Rockefeller Wing,Ceramics-Containers,Moche,"Ceramic, slip",Moche artist,unknown,5th c. CE,other
459071,-0.0019654897041618,0.0265052616596221,-0.0364177376031875,0.002525127842091,0.1196829378604888,0.4160813391208648,0.0019032869022339,0.2401173242251388,0.2494280487298965,-0.0033304803073406,0.0333028137683868,0.0456443550065159,0.1380176544189453,-1.7098655700683594,-1.5492820739746094,-1.3265745639801023,1.1623850870062218,1.6552906571167967,1.2163124864341681,-0.1728834221725549,-0.25957193922658917,0.9652762020961579,0.7902316974612889,0.6841595849893521,0.23535146626048256,1.7097427487111234,Portrait of a Woman,Robert Lehman Collection,Paintings,Franco-Flemish,Oil on oak panel,Netherlandish or French,unknown,15th c. CE,painting
503046,-0.0008039316162467,0.0375794060528278,-0.326591283082962,-0.0633409002330154,0.0934971943497657,0.3897816836833954,-0.0007644263096153,0.1889237117720767,0.0270880106836557,0.2037505656480789,-0.0340658649802207,0.0355026950128376,1.0295085906982422,-1.990806579589844,2.956785202026367,0.0331735610961914,0.3306462262322253,1.3771212862711215,1.1071630223506153,1.0137306622005926,0.04856476691202258,0.9571652992636388,0.4451921447012279,1.1120795653843079,0.14580789391018728,1.703079603995723,Grand Pianoforte,Musical Instruments,Chordophone-Zither-struck-piano,British,"Satinwood veneer, oak, spruce, iron, steel, ebony, ivory, gilding, mother-of-pearl, holly, mahogany, burl walnut, tulipwood, silver wire",Érard,unknown,19th c. CE,other
458958,-0.0026862509548664,-0.0353693813085556,-0.1498503684997558,-0.0467338957823812,0.0060382075607776,0.1355902105569839,-0.003189168870449,0.0884675560519099,0.0016579724615439,-0.0005776579491794,-0.0083043714985251,-0.0052531857800204,4.121889114379883,-1.0179195404052734,-1.8469390869140625,-0.0582489967346191,0.5403551060038839,0.8312753438720607,0.6685284645399082,0.9339487579266879,-0.005442130561277701,0.7435269180856352,0.17403430368300035,1.393473841961459,0.09831300159203304,1.6658211472364923,Head of the Virgin,Robert Lehman Collection,Paintings,,Tempera on wood (paint around head scraped away and vacant area gessoed),Taddeo di Bartolo,male,15th c. CE,painting
888663,0.0040537612512707,0.0136767784133553,-0.2043363898992538,-0.0522298570722341,0.1826064884662628,-0.0141188502311706,0.0734952986240387,-0.0633008331060409,0.0463686250150203,0.1465320885181427,0.0004230909980833,0.0308221463346853,1.5850677490234375,-3.0036096572875977,0.164041519165039,-0.8689830303192139,0.4709535538582508,0.006615482936546883,1.0567886871672472,0.22644388611217123,-0.2384228935407009,0.440200402518554,0.45270100503476834,1.0260800253439226,0.15635212649495964,1.6351331568736507,Handscroll of Ten Homoerotic (Nanshoku) Scenes,Asian Art,Paintings,Japan,Handscroll; ink and colors on silk,Miyagawa Chōshun 宮川長春,unknown,17th c. CE,drawing_paper
310568,-0.001216794247739,0.0179620496928691,-0.5122813582420349,-0.1196986862632911,-0.030132345855236,0.1684777289628982,-0.5809828639030457,-0.0737997200340032,-0.001482666353695,0.0003399870183784,-0.1147272214293479,-0.0367443539653322,2.023231506347656,-3.142688751220703,1.4468441009521484,-1.0901284217834473,-0.38102505740909415,-0.05043203981853998,0.3296052376781929,0.033456500164535614,-0.33009279551151843,-0.017098839846226413,0.29229719683093797,1.2307450968068387,0.10721362209406966,1.6302559157318464,Bottle with deity,The Michael C. Rockefeller Wing,Ceramics-Containers,Wari,"Ceramic, slip",Wari artist(s),unknown,7th c. CE,other
309468,-0.0018173893913626,0.0415276288986206,-0.4515653252601623,-0.0925227606203407,-0.021337304264307,0.0687494203448295,-0.602561891078949,-0.1465967046096921,-0.0012239028001204,0.0005269550601951,-0.0279038194566965,-0.0167040638480102,1.6623764038085938,-2.727142333984375,1.1314010620117188,-0.8811435699462891,-0.037854623494784065,-0.44598707937446563,0.5452885605018828,0.21583172395584865,-0.28424177475608303,0.06931964539712043,0.41834576680736907,1.0437535215045708,0.15099719035804354,1.6130964786699835,Jar with flying figure (the Oculate Being),The Michael C. Rockefeller Wing,Ceramics-Containers,Paracas,"Ceramic, post-fire paint",Paracas artist(s),unknown,4th c. BCE,other
315052,-0.0004659912665374,0.0093826400116086,-0.7232365012168884,-0.1762677299120696,-0.0074222339317202,0.0633097290992736,-0.8100247383117676,-0.1801706261467188,-0.0003769623872358,0.0002090066409436,-0.1832798421382904,-0.0518658475739357,0.7146282196044922,-1.5074520111083984,-2.6096935272216797,-1.4013957977294922,-1.0953640466351955,-0.6284168041636599,0.16686038875299064,-0.2381778161414526,-0.45242500034055405,-0.4487745695468293,0.5396624496742513,0.8883911727784242,0.17052389624923897,1.5985775187019144,Effigy bottle,The Michael C. Rockefeller Wing,Ceramics-Containers,Wari,"Ceramic, slip",Wari artist(s),unknown,7th c. CE,other
474336,-0.0037196937482804,0.0106195518746972,-0.5197027325630188,-0.1238958485773764,-0.0046547204256057,0.0523558184504509,-0.858493983745575,-0.1925212852656841,0.0003696668427437,0.0498809553682804,-0.0565551072359085,-0.0536646613036282,0.7748908996582031,-3.412199020385742,-1.6598634719848633,-1.7792658805847168,-0.43402571804738516,-0.6955262522379084,0.1475006828759981,-0.5679344483516271,-0.5373369189328514,-0.38749643394023064,0.372302357090949,1.1027124547726257,0.11752902084262593,1.5925438327062005,Portable Icon with the Virgin Eleousa,Medieval Art,Mosaics,Byzantine,"Miniature mosaic set in wax on wood panel, with gold, multicolored stones, and gilded copper",,unknown,13th c. CE,painting
459027,-0.0020296163856983,0.033060435205698,-0.0012287246063351,0.01522275689058,0.0989679098129272,0.3307303190231323,0.007395249325782,0.2100251197116449,0.001547684893012,-0.0504766665399074,0.0032386265229433,-0.012354738661088,1.9558601379394531,-2.011474609375,-0.0146961212158203,-0.8656868934631348,1.3227274034926253,1.4917794455461566,0.5920981078120443,0.22932033237844235,-0.16319843888049945,0.9089813223073172,0.5981063185886124,0.8519638091459771,0.1371507761383892,1.5872209038729788,"Portrait of a Woman, Possibly a Nun of San Secondo; (verso) Scene in Grisaille",Robert Lehman Collection,Paintings,,Oil on wood; (verso: oil and gold on wood),Jacometto (Jacometto Veneziano),unknown,15th c. CE,painting
458969,-0.0005356855690479,-0.011277787387371,-0.0167201086878776,-0.0073171723634004,0.0140395611524581,0.4894974827766418,0.0018005305901169,0.2483414357993751,0.0626764893531799,0.0316954292356967,0.001038177520968,-0.0049378400144632,2.910421371459961,-0.4409294128417969,-1.7083024978637695,0.3832380771636963,1.0380991113743465,1.6999777935142812,0.6719223686279019,1.3192221554737782,0.15483112514630193,1.1823053572475768,0.43513109033486347,1.0304568348439056,0.07290971901059973,1.538497644189369,The Virgin Annunciate,Robert Lehman Collection,Paintings,,"Tempera on wood, gold ground",Andrea Delitio,female,15th c. CE,painting
472562,-0.0007226903107948,0.0113412113860249,-0.6362338066101074,-0.1536883005901472,-0.0031230924651026,0.0270643588155508,-0.8789859414100647,-0.2225367345381528,0.0005252555129118,0.0194009747356176,-0.2282481342554092,-0.0917608414747519,0.3128318786621094,-1.47149658203125,-3.939276695251465,-1.6897342205047607,-0.8102369580588533,-0.8586204008961652,-0.2625088867507281,-0.4898026775560439,-0.5394300242769532,-0.6052922308154477,0.28107873206723144,1.1744745277707835,0.04681498124943742,1.5023682410874524,The Fieschi Morgan Staurotheke,Medieval Art,Enamels-Cloisonné,Byzantine,"Gilded silver, gold, enamel worked in cloisonné, and niello",,unknown,8th c. CE,other
459078,0.020026359707117,0.1698487699031829,0.0039693936705589,0.0863678185269236,0.8024186491966248,0.0431492552161216,0.0059876544401049,0.2304530541878193,0.58697909116745,-0.1548096239566803,0.0064493394456803,0.0944017817964777,2.562583923339844,3.2376937866210938,-0.8826770782470703,0.9907326698303224,2.2211285101698417,1.6027781699695243,1.7410635634309037,1.8493656626018355,0.35048883108538575,1.8535839765430264,0.2649975939194966,1.185409253681053,0.03483146067415729,1.485238308274707,Nymph of the Spring,Robert Lehman Collection,Paintings,,Oil on beech panel,Lucas Cranach the Younger,male,16th c. CE,painting
853449,-2.2290507331490517e-05,-0.0079567870125174,-0.0110296355560421,-0.0068835472338832,0.3058878779411316,0.0534353144466877,0.1529328525066375,0.0345689849928021,0.1084116622805595,0.1147623509168624,0.0059182723052799,-0.0101857668487355,-1.151763916015625,-1.2076530456542969,-1.5260658264160156,-1.5418634414672852,1.043574815341441,0.5384081113684058,0.61544163452051,-0.3607599924901954,-0.38109094263927545,0.4591661421850404,0.5900603592765316,0.6342517426155764,0.23221940296425478,1.4565315048563627,Portrait of Sor Juana de Nuestra Señora de Guadalupe,The American Wing,,New Spain (present-day Mexico),Oil on canvas,Domingo Ortiz,male,18th c. CE,painting
459055,-0.0024012369103729,0.0368087477982044,-0.014157298952341,0.0146451535401865,0.6743018627166748,0.1596246212720871,0.0012744469568133,0.2487016569357365,0.3896366059780121,0.1173231154680252,0.0205508600920438,0.1005930225364863,-0.8002300262451172,0.7803287506103516,-1.753316879272461,-0.5623469352722168,1.3154335804600945,1.7019351175253352,1.8076966993480448,0.4940366133604873,-0.04960177556495188,1.3297755026734905,0.5959800418919017,0.6713919679270578,0.12812766379021426,1.3954996736091736,The Annunciation,Robert Lehman Collection,Paintings,,"Oil on panel, transferred to canvas",Hans Memling,male,15th c. CE,painting
323971,-0.0015200930647552,0.0197260584682226,-0.56000155210495,-0.1307443481637165,-0.0015595528529956,0.0238541662693023,-0.9268759489059448,-0.2253450134594459,7.331433153012768e-06,0.0050375089049339,-0.2020882666110992,-0.0977384019488454,-0.7407493591308594,-3.959659576416016,-1.1575279235839844,-1.67155122756958,-0.52050676769347,-0.8738796714040147,-0.3268422920000689,-0.47393488916565196,-0.531344747785397,-0.5487909050658014,0.23191040538998675,1.1318856549070784,0.031380314705098736,1.395176375002164,Boss from a disc-headed pin,Ancient West Asian Art,,Iran,Bronze,,unknown,8th c. BCE,sculpture
917782,-0.0057839029468595,0.009327040053904,-0.6219488978385925,-0.1549579886486753,0.0579537786543369,0.0010106896515935,0.1635671108961105,-0.1261100117699243,-0.0001189842587336,-0.0001622019481146,0.0697920173406601,-0.0696900601942616,0.8364791870117188,-1.6505870819091797,-1.9627132415771484,-1.9370174407958984,-0.8262702445678606,-0.3346690811931136,-0.02497243313539673,-0.705599814257481,-0.5719438753521899,-0.47287789328846297,0.36458498022547436,0.7917658414126241,0.15311024501282694,1.3094610666509254,"[Merchants' Carnival Portrait: Hiram Jennings Fancy Groceries, Moberly, Missouri]",Photographs,Photographs,,Albumen silver print,True,unknown,19th c. CE,print
459079,-0.0007684014271944,-0.0432399585843086,-0.0954135209321975,-0.0372623495641164,0.1613423377275467,0.2359765172004699,0.0163662880659103,0.1721820384263992,0.0525466501712799,0.0084663704037666,0.0332476235926151,0.0292129768058657,0.4457645416259765,-1.3341693878173828,0.4255199432373047,-0.7241611480712891,0.6599592979002706,1.2861525009418815,1.0394700241673314,0.35282588438937046,-0.14000712060078513,0.8346019268497135,0.41169449077223536,0.4528631726957692,0.11378126748074523,0.9783389309487498,Mary of Burgundy,Robert Lehman Collection,Paintings,,Oil on fir panel,Master H.A. or A.H.,unknown,16th c. CE,painting
