objectID,title,department,classification,culture,medium,objectDate,objectBeginDate,objectEndDate,artistDisplayName,artistNationality,artistGender,artistBeginDate,artistEndDate,primaryImage,primaryImageSmall,tags,creditLine,isHighlight,source_harvest
322361,Drachm,Ancient West Asian Art,,Parthian,Silver,ca. 147–191 CE,147,191,,,,,,https://images.metmuseum.org/CRDImages/an/original/DP-13132-039.jpg,https://images.metmuseum.org/CRDImages/an/web-large/DP-13132-039.jpg,Men;Profiles,"Bequest of Joseph H. Durkee, 1898",False,results_harvest_17_departments/met_metadata.csv
322612,Relief fragment: Assyrian soldier conducting captives across the water,Ancient West Asian Art,,Assyrian,Gypsum alabaster,ca. 668–627 BCE,-668,-627,,,,,,https://images.metmuseum.org/CRDImages/an/original/DP-12499-020.jpg,https://images.metmuseum.org/CRDImages/an/web-large/DP-12499-020.jpg,Soldiers;Men;Boats,"Gift of John D. Rockefeller Jr., 1932",False,results_harvest_17_departments/met_metadata.csv
322362,Tetradrachm,Ancient West Asian Art,,Parthian,Silver,ca. 212–213 CE,212,213,,,,,,https://images.metmuseum.org/CRDImages/an/original/DP-13132-041.jpg,https://images.metmuseum.org/CRDImages/an/web-large/DP-13132-041.jpg,Men;Profiles,"Bequest of Joseph H. Durkee, 1898",False,results_harvest_17_departments/met_metadata.csv
322620,Assyrian Crown-Prince,Ancient West Asian Art,,Assyrian,Gypsum alabaster,ca. 704–681 BCE,-704,-681,,,,,,https://images.metmuseum.org/CRDImages/an/original/DP-13006-005.jpg,https://images.metmuseum.org/CRDImages/an/web-large/DP-13006-005.jpg,Princes;Men,"Gift of John D. Rockefeller Jr., 1932",False,results_harvest_17_departments/met_metadata.csv
325979,Drachm,Ancient West Asian Art,,Parthian,Silver,ca. 100–50 BCE,-105,-50,,,,,,https://images.metmuseum.org/CRDImages/an/original/DP-13132-003.jpg,https://images.metmuseum.org/CRDImages/an/web-large/DP-13132-003.jpg,Men;Profiles,"Purchase, H. Dunscombe Colt Gift, 1969",False,results_harvest_17_departments/met_metadata.csv
701203,Sampler,The American Wing,,,Silk embroidery on linen,ca. 1802,1799,1805,Ann Magdalen Yates,American,Female,1790.0,,https://images.metmuseum.org/CRDImages/ad/original/DP701374.jpg,https://images.metmuseum.org/CRDImages/ad/web-large/DP701374.jpg,Houses;Women;Trees,"Friends of the American Wing Fund, 2015",False,results_harvest_17_departments/met_metadata.csv
324923,Chair back carved in relief,Ancient West Asian Art,,Assyrian,Ivory,ca. 8th century BCE,-800,-700,,,,,,https://images.metmuseum.org/CRDImages/an/original/MMA  59-107-3  01b.jpg,https://images.metmuseum.org/CRDImages/an/web-large/MMA  59-107-3  01b.jpg,,"Rogers Fund, 1959",False,results_harvest_17_departments/met_metadata.csv
323955,Jar with ibexes,Ancient West Asian Art,,Iran,"Ceramic, paint",ca. 2600–2500 BCE,-2600,-2500,,,,,,https://images.metmuseum.org/CRDImages/an/original/DP-31256-001.jpg,https://images.metmuseum.org/CRDImages/an/web-large/DP-31256-001.jpg,Ibex,"Rogers Fund, 1943",False,results_harvest_17_departments/met_metadata.csv
325978,Drachm,Ancient West Asian Art,,Parthian,Silver,ca. 100–50 BCE,-105,-50,,,,,,https://images.metmuseum.org/CRDImages/an/original/DP-13132-001.jpg,https://images.metmuseum.org/CRDImages/an/web-large/DP-13132-001.jpg,Men;Profiles,"Purchase, H. Dunscombe Colt Gift, 1969",False,results_harvest_17_departments/met_metadata.csv
325567,Furniture plaque carved in relief with a female figure,Ancient West Asian Art,,Assyrian,Ivory,ca. 9th–8th century BCE,-900,-700,,,,,,https://images.metmuseum.org/CRDImages/an/original/DP110693.jpg,https://images.metmuseum.org/CRDImages/an/web-large/DP110693.jpg,Women,"Rogers Fund, 1962",False,results_harvest_17_departments/met_metadata.csv
327315,Miniature vessel,Ancient West Asian Art,,,Ceramic,ca. 1600–1400 BCE,-1600,-1400,,,,,,https://images.metmuseum.org/CRDImages/an/original/vs1987_115.jpg,https://images.metmuseum.org/CRDImages/an/web-large/vs1987_115.jpg,Birds,"Bequest of Charles K. Wilkinson, 1986",False,results_harvest_17_departments/met_metadata.csv
326387,Bulla,Ancient West Asian Art,,Achaemenid,Unbaked clay,mid 6th–late 4th century BCE,-546,-330,,,,,,https://images.metmuseum.org/CRDImages/an/original/DP-40305-001.jpg,https://images.metmuseum.org/CRDImages/an/web-large/DP-40305-001.jpg,,"Purchase, H. Dunscombe Colt Gift, 1978",False,results_harvest_17_departments/met_metadata.csv
322143,Relief fragment,Ancient West Asian Art,,,Basalt,ca. early 1st millennium BCE,-1000,-750,,,,,,https://images.metmuseum.org/CRDImages/an/original/DP-16504-001.jpg,https://images.metmuseum.org/CRDImages/an/web-large/DP-16504-001.jpg,Men;Horses,"Purchase, 1891",False,results_harvest_17_departments/met_metadata.csv
328096,Drachm,Ancient West Asian Art,,Parthian,Silver,ca. 78–110 CE,77,110,,,,,,https://images.metmuseum.org/CRDImages/an/original/DP-40316-001.jpg,https://images.metmuseum.org/CRDImages/an/web-large/DP-40316-001.jpg,,"Bequest of Charles K. Wilkinson, 1986",False,results_harvest_17_departments/met_metadata.csv
324331,Furniture or cosmetic box plaque carved in the round with striding bull,Ancient West Asian Art,,Assyrian,"Ivory, gold foil",ca. 8th–7th century BCE,-800,-600,,,,,,https://images.metmuseum.org/CRDImages/an/original/DP-38929-001.jpg,https://images.metmuseum.org/CRDImages/an/web-large/DP-38929-001.jpg,Bulls,"Rogers Fund, 1954",False,results_harvest_17_departments/met_metadata.csv
325082,Horse blinker carved in relief with a wedjat eye,Ancient West Asian Art,,Assyrian,Ivory,ca. 8th century BCE,-800,-700,,,,,,https://images.metmuseum.org/CRDImages/an/original/DP110665.jpg,https://images.metmuseum.org/CRDImages/an/web-large/DP110665.jpg,Eyes,"Rogers Fund, 1960",False,results_harvest_17_departments/met_metadata.csv
322360,Drachm,Ancient West Asian Art,,Parthian,Silver,ca. 110–129 CE,110,129,,,,,,https://images.metmuseum.org/CRDImages/an/original/DP-13132-037.jpg,https://images.metmuseum.org/CRDImages/an/web-large/DP-13132-037.jpg,Men;Profiles,"Bequest of Joseph H. Durkee, 1898",False,results_harvest_17_departments/met_metadata.csv
324203,Reclining calf: lid attachment,Ancient West Asian Art,,Assyrian,Ivory,ca. 9th–8th century BCE,-900,-700,,,,,,https://images.metmuseum.org/CRDImages/an/original/DP110565.jpg,https://images.metmuseum.org/CRDImages/an/web-large/DP110565.jpg,Animals,"Rogers Fund, 1952",False,results_harvest_17_departments/met_metadata.csv
322355,Drachm,Ancient West Asian Art,,Parthian,Silver,ca. 38–2 BCE,-38,-2,,,,,,https://images.metmuseum.org/CRDImages/an/original/DP-13132-027.jpg,https://images.metmuseum.org/CRDImages/an/web-large/DP-13132-027.jpg,Men;Profiles,"Bequest of Joseph H. Durkee, 1898",False,results_harvest_17_departments/met_metadata.csv
764095,"Christ Carrying the Cross, called ""The Lord of the Fall""",The American Wing,,Peru (Cuzco),Oil and gold on canvas,ca. 1770–75,1770,1775,Unknown,,,,,https://images.metmuseum.org/CRDImages/ad/original/DP-18755-007.jpg,https://images.metmuseum.org/CRDImages/ad/web-large/DP-18755-007.jpg,Angels;Christ,"Gift of James Kung Wei Li, in memory of Ambassador and Mme Ti-Tsun Li, Republic of China, 2018",False,results_harvest_17_departments/met_metadata.csv
324199,Fan or fly-whisk handle in the form of four female figures,Ancient West Asian Art,,Assyrian,"Ivory, gold leaf",ca. 8th–7th century BCE,-800,-600,,,,,,https://images.metmuseum.org/CRDImages/an/original/DP110557.jpg,https://images.metmuseum.org/CRDImages/an/web-large/DP110557.jpg,Female Nudes,"Rogers Fund, 1952",False,results_harvest_17_departments/met_metadata.csv
322354,Drachm,Ancient West Asian Art,,Parthian,Silver,ca. 57–38 BCE,-57,-38,,,,,,https://images.metmuseum.org/CRDImages/an/original/DP-13132-025.jpg,https://images.metmuseum.org/CRDImages/an/web-large/DP-13132-025.jpg,Men;Profiles,"Bequest of Joseph H. Durkee, 1898",False,results_harvest_17_departments/met_metadata.csv
325572,Ivory fragment,Ancient West Asian Art,,Assyrian,Ivory,ca. 9th–7th century BCE,-900,-600,,,,,,https://images.metmuseum.org/CRDImages/an/original/DP110697.jpg,https://images.metmuseum.org/CRDImages/an/web-large/DP110697.jpg,,"Rogers Fund, 1962",False,results_harvest_17_departments/met_metadata.csv
327376,Sherd,Ancient West Asian Art,,Halaf,"Ceramic, paint",ca. 5600–5000 BCE,-5600,-5000,,,,,,https://images.metmuseum.org/CRDImages/an/original/DP-28472-001.jpg,https://images.metmuseum.org/CRDImages/an/web-large/DP-28472-001.jpg,Birds,"Purchase, Colt Archaeological Institute Inc. Gift, 1988",False,results_harvest_17_departments/met_metadata.csv
327685,Cylinder seal and modern impression: winged horse with claws and horns,Ancient West Asian Art,,Assyrian,Chalcedony,ca. 14th–13th century BCE,-1400,-1200,,,,,,https://images.metmuseum.org/CRDImages/an/original/DP-41788-001.jpg,https://images.metmuseum.org/CRDImages/an/web-large/DP-41788-001.jpg,Horses,"Gift of Nanette B. Kelekian, in memory of Charles Dikran and Beatrice Kelekian, 1999",False,results_harvest_17_departments/met_metadata.csv
324383,Plaque fragment,Ancient West Asian Art,,Assyrian,Ivory,ca. 8th–7th century BCE,-800,-600,,,,,,https://images.metmuseum.org/CRDImages/an/original/DP110661.jpg,https://images.metmuseum.org/CRDImages/an/web-large/DP110661.jpg,,"Rogers Fund, 1959",False,results_harvest_17_departments/met_metadata.csv
322356,Tetradrachm,Ancient West Asian Art,,Parthian,Silver,ca. 49–50 CE,49,50,,,,,,https://images.metmuseum.org/CRDImages/an/original/DP-13132-029.jpg,https://images.metmuseum.org/CRDImages/an/web-large/DP-13132-029.jpg,Men;Profiles,"Bequest of Joseph H. Durkee, 1898",False,results_harvest_17_departments/met_metadata.csv
853449,Portrait of Sor Juana de Nuestra Señora de Guadalupe,The American Wing,,New Spain (present-day Mexico),Oil on canvas,1797,1797,1797,Domingo Ortiz,Mexican,,,,https://images.metmuseum.org/CRDImages/ad/original/DP-25528-001.jpg,https://images.metmuseum.org/CRDImages/ad/web-large/DP-25528-001.jpg,,"Purchase, Mary Trumbull Adams Trust Fund, 2021",True,results_harvest_17_departments/met_metadata.csv
4895,Vase,The American Wing,,American,Porcelain,1902,1902,1902,M. Louise McLaughlin,American,Female,1847.0,1939.0,https://images.metmuseum.org/CRDImages/ad/original/DP-26109-003.jpg,https://images.metmuseum.org/CRDImages/ad/web-large/DP-26109-003.jpg,,"Gift of Betty G. Hut and Robert A. Hut, 2021",False,results_harvest_17_departments/met_metadata.csv
324751,Border strip,Ancient West Asian Art,,Assyrian,Ivory,ca. 9th–8th century BCE,-900,-700,,,,,,https://images.metmuseum.org/CRDImages/an/original/DP110634.jpg,https://images.metmuseum.org/CRDImages/an/web-large/DP110634.jpg,,"Rogers Fund, 1958",False,results_harvest_17_departments/met_metadata.csv
322973,Plate with king hunting rams,Ancient West Asian Art,,Sasanian,"Silver, mercury gilding, niello inlay",ca. mid-5th–mid-6th century CE,459,531,,,,,,https://images.metmuseum.org/CRDImages/an/original/DP-42233-001.jpg,https://images.metmuseum.org/CRDImages/an/web-large/DP-42233-001.jpg,Kings;Men;Hunting;Horses;Rams,"Fletcher Fund, 1934",False,results_harvest_17_departments/met_metadata.csv
322357,Drachm,Ancient West Asian Art,,Parthian,Silver,ca. 40–51 CE,40,51,,,,,,https://images.metmuseum.org/CRDImages/an/original/DP-13132-031.jpg,https://images.metmuseum.org/CRDImages/an/web-large/DP-13132-031.jpg,Men,"Bequest of Joseph H. Durkee, 1898",False,results_harvest_17_departments/met_metadata.csv
324747,Plaque fragment,Ancient West Asian Art,,Assyrian,Ivory,ca. 8th–7th century BCE,-800,-600,,,,,,https://images.metmuseum.org/CRDImages/an/original/DP110630.jpg,https://images.metmuseum.org/CRDImages/an/web-large/DP110630.jpg,,"Rogers Fund, 1958",False,results_harvest_17_departments/met_metadata.csv
323943,Jug in the form of a recumbent bull,Ancient West Asian Art,,Iran,"Ceramic, paint",ca. 7th–6th century BCE,-700,-550,,,,,,https://images.metmuseum.org/CRDImages/an/original/DP-25538-001.jpg,https://images.metmuseum.org/CRDImages/an/web-large/DP-25538-001.jpg,Bulls,"Rogers Fund, 1943",False,results_harvest_17_departments/met_metadata.csv
328186,Plate with reclining zebu,Ancient West Asian Art,,,Copper alloy,ca. late 3rd–early 2nd millennium BCE,-2300,-1700,,,,,,https://images.metmuseum.org/CRDImages/an/original/DP701382.jpg,https://images.metmuseum.org/CRDImages/an/web-large/DP701382.jpg,Animals,"Gift of Evelyn Kranes Kossak, The Kronos Collections, 2015",False,results_harvest_17_departments/met_metadata.csv
324745,Border strip,Ancient West Asian Art,,Assyrian,Ivory,ca. 9th–8th century BCE,-900,-700,,,,,,https://images.metmuseum.org/CRDImages/an/original/DP110628.jpg,https://images.metmuseum.org/CRDImages/an/web-large/DP110628.jpg,,"Rogers Fund, 1958",False,results_harvest_17_departments/met_metadata.csv
326455,Bulla,Ancient West Asian Art,,Parthian,Un-baked clay,2nd century BC–1st century AD,-200,100,,,,,,https://images.metmuseum.org/CRDImages/an/original/DP-40307-001.jpg,https://images.metmuseum.org/CRDImages/an/web-large/DP-40307-001.jpg,,"Purchase, H. Dunscombe Colt Gift, 1978",False,results_harvest_17_departments/met_metadata.csv
324749,Border strip,Ancient West Asian Art,,Assyrian,Ivory,ca. 9th–8th century BCE,-900,-700,,,,,,https://images.metmuseum.org/CRDImages/an/original/DP110632.jpg,https://images.metmuseum.org/CRDImages/an/web-large/DP110632.jpg,,"Rogers Fund, 1958",False,results_harvest_17_departments/met_metadata.csv
324139,Jar with paired birds in panels,Ancient West Asian Art,,Iran,"Ceramic, paint",ca. 1600–1400 BCE,-1600,-1400,,,,,,https://images.metmuseum.org/CRDImages/an/original/hb51_25_25.jpg,https://images.metmuseum.org/CRDImages/an/web-large/hb51_25_25.jpg,Birds,"Rogers Fund and Gifts of Lucy W. Drexel, Theodore M. Davis, Helen Miller Gould, Albert Gallatin, Egypt Exploration Fund and Egyptian Research Account, by exchange, 1950",False,results_harvest_17_departments/met_metadata.csv
326457,Bulla,Ancient West Asian Art,,Parthian,Un-baked clay,2nd century BC–1st century AD,-200,100,,,,,,https://images.metmuseum.org/CRDImages/an/original/DP-40309-001.jpg,https://images.metmuseum.org/CRDImages/an/web-large/DP-40309-001.jpg,,"Purchase, H. Dunscombe Colt Gift, 1978",False,results_harvest_17_departments/met_metadata.csv
325566,"Furniture plaque carved in relief with a striding, ram-headed sphinx supported by two kneeling figures",Ancient West Asian Art,,Assyrian,Ivory,ca. 9th–8th century BCE,-900,-700,,,,,,https://images.metmuseum.org/CRDImages/an/original/DP110692.jpg,https://images.metmuseum.org/CRDImages/an/web-large/DP110692.jpg,Palmettes;Men;Sphinx,"Rogers Fund, 1962",False,results_harvest_17_departments/met_metadata.csv
329081,"Proto-Cuneiform tablet with seal impressions: administrative account of barley distribution with cylinder seal impression of a male figure, hunting dogs, and boars",Ancient West Asian Art,,Sumerian,Clay,ca. 3100–2900 BCE,-3100,-2900,,,,,,https://images.metmuseum.org/CRDImages/an/original/DP293243.jpg,https://images.metmuseum.org/CRDImages/an/web-large/DP293243.jpg,Men;Hunting;Boars;Dogs,"Purchase, Raymond and Beverly Sackler Gift, 1988",True,results_harvest_17_departments/met_metadata.csv
325869,"Furniture plaque carved in relief with two addorsed, ram-headed sphinxes",Ancient West Asian Art,,Assyrian,Ivory,ca. 9th–8th century BCE,-900,-700,,,,,,https://images.metmuseum.org/CRDImages/an/original/DP115141.jpg,https://images.metmuseum.org/CRDImages/an/web-large/DP115141.jpg,Sphinx,"Harris Brisbane Dick Fund, 1967",False,results_harvest_17_departments/met_metadata.csv
327830,Panel with the god Zeus/Serapis/Ohrmazd and worshiper,Ancient West Asian Art,,Kushan,"Terracotta, gouache",ca. 3rd century CE,200,300,,,,,,https://images.metmuseum.org/CRDImages/an/original/DT918.jpg,https://images.metmuseum.org/CRDImages/an/web-large/DT918.jpg,Men;Zeus,"Purchase, Raymond and Beverly Sackler Gift, 2000",True,results_harvest_17_departments/met_metadata.csv
325584,Helmet with divine figures beneath a bird with outstretched wings,Ancient West Asian Art,,Elamite,"Bronze, gold foil over bitumen",ca. 1500–1100 BCE,-1500,-1100,,,,,,https://images.metmuseum.org/CRDImages/an/original/DT874.jpg,https://images.metmuseum.org/CRDImages/an/web-large/DT874.jpg,Birds;Men;Women;Deities,"Fletcher Fund, 1963",True,results_harvest_17_departments/met_metadata.csv
324599,Incised furniture plaque with two ibexes flanking a stylized palmette tree,Ancient West Asian Art,,Assyrian,Ivory,ca. 9th–8th century BCE,-900,-700,,,,,,https://images.metmuseum.org/CRDImages/an/original/DP110594.jpg,https://images.metmuseum.org/CRDImages/an/web-large/DP110594.jpg,Ibex,"Rogers Fund, 1957",False,results_harvest_17_departments/met_metadata.csv
324291,Vessel terminating in the forepart of a fantastic leonine creature,Ancient West Asian Art,,Achaemenid,Gold,ca. 5th century BCE,-500,-400,,,,,,https://images.metmuseum.org/CRDImages/an/original/DP-19135-003.jpg,https://images.metmuseum.org/CRDImages/an/web-large/DP-19135-003.jpg,Lions,"Fletcher Fund, 1954",True,results_harvest_17_departments/met_metadata.csv
325571,Openwork furniture plaque with the head of a feline,Ancient West Asian Art,,Assyrian,Ivory,ca. 9th–8th century BCE,-900,-700,,,,,,https://images.metmuseum.org/CRDImages/an/original/DP110696.jpg,https://images.metmuseum.org/CRDImages/an/web-large/DP110696.jpg,Animals;Goddess,"Rogers Fund, 1962",False,results_harvest_17_departments/met_metadata.csv
326893,Openwork stamp seal: figure holding snakes,Ancient West Asian Art,,Bactria-Margiana Archaeological Complex,Copper alloy,ca. late 3rd–early 2nd millennium BCE,-2250,-1750,,,,,,https://images.metmuseum.org/CRDImages/an/original/ANE56.jpg,https://images.metmuseum.org/CRDImages/an/web-large/ANE56.jpg,Snakes,"Purchase, David L. Klein Jr. Memorial Foundation Inc. Gift and Gift of Lester Wolfe, by exchange, 1984",False,results_harvest_17_departments/met_metadata.csv
323525,Furniture plaque: hawk,Ancient West Asian Art,,Old Assyrian Trading Colony,Ivory (hippopotamus),ca. 18th century BCE,-1800,-1700,,,,,,https://images.metmuseum.org/CRDImages/an/original/DP110477.jpg,https://images.metmuseum.org/CRDImages/an/web-large/DP110477.jpg,Hawks,"Gift of Mrs. George D. Pratt, in memory of George D. Pratt, 1936",False,results_harvest_17_departments/met_metadata.csv
325838,Bowl,Ancient West Asian Art,,Iranian,Ceramic,ca. 4th–2nd century BCE,-400,-100,,,,,,https://images.metmuseum.org/CRDImages/an/original/ME66_205_1.jpg,https://images.metmuseum.org/CRDImages/an/web-large/ME66_205_1.jpg,Birds,"Gift of Mehdi Mahboubian, 1966",False,results_harvest_17_departments/met_metadata.csv
327799,Stamp seal,Ancient West Asian Art,,Hittite,Hematite,ca. 17th–16th century BCE,-1700,-1500,,,,,,https://images.metmuseum.org/CRDImages/an/original/DP-13441-023.jpg,https://images.metmuseum.org/CRDImages/an/web-large/DP-13441-023.jpg,Deer;Dogs,"Gift of Nanette B. Kelekian, in memory of Charles Dikran and Beatrice Kelekian, 1999",False,results_harvest_17_departments/met_metadata.csv
323588,Furniture plaque: wing of a hawk,Ancient West Asian Art,,Old Assyrian Trading Colony,Ivory (hippopotamus),ca. 18th century BCE,-1800,-1700,,,,,,https://images.metmuseum.org/CRDImages/an/original/DP110477.jpg,https://images.metmuseum.org/CRDImages/an/web-large/DP110477.jpg,Hawks,"Gift of Mrs. George D. Pratt, in memory of George D. Pratt, 1937",False,results_harvest_17_departments/met_metadata.csv
12791,Gabriel Manigault,The American Wing,,American,Oil on canvas,1757,1757,1757,Jeremiah Theus,American,,1716.0,1774.0,https://images.metmuseum.org/CRDImages/ad/original/DP239227.jpg,https://images.metmuseum.org/CRDImages/ad/web-large/DP239227.jpg,Men;Portraits,"Fletcher Fund, 1928",False,results_harvest_17_departments/met_metadata.csv
326456,Bulla,Ancient West Asian Art,,Parthian,Un-baked clay,2nd century BC–1st century AD,-200,100,,,,,,https://images.metmuseum.org/CRDImages/an/original/DP-40308-001.jpg,https://images.metmuseum.org/CRDImages/an/web-large/DP-40308-001.jpg,,"Purchase, H. Dunscombe Colt Gift, 1978",False,results_harvest_17_departments/met_metadata.csv
323523,Furniture plaque: deer,Ancient West Asian Art,,Old Assyrian Trading Colony,Ivory (hippopotamus),ca. 18th century BCE,-1800,-1700,,,,,,https://images.metmuseum.org/CRDImages/an/original/DP110474.jpg,https://images.metmuseum.org/CRDImages/an/web-large/DP110474.jpg,Deer,"Gift of Mrs. George D. Pratt, in memory of George D. Pratt, 1936",False,results_harvest_17_departments/met_metadata.csv
891628,Dish: The Walls and Hanging Gardens of Babylon,Ancient West Asian Art,,British,Porcelain,1898,1898,1898,,,,,,https://images.metmuseum.org/CRDImages/an/original/DP-33383-001.jpg,https://images.metmuseum.org/CRDImages/an/web-large/DP-33383-001.jpg,,"Henrietta and Christopher McCall Collection, Purchase, Henrie Jo Barth Bequest, and Museum Acquisitions and Josephine Lois Berger-Nadler Endowment Funds, 2023",False,results_harvest_17_departments/met_metadata.csv
322272,Stamp seal with a knob handle: bird of prey with two horned animals caught in its talons,Ancient West Asian Art,,Old Assyrian Trading Colony,Black steatite,ca. 18th century BCE,-1800,-1700,,,,,,https://images.metmuseum.org/CRDImages/an/original/DP-13441-018.jpg,https://images.metmuseum.org/CRDImages/an/web-large/DP-13441-018.jpg,Animals;Birds,"Purchase, 1899",False,results_harvest_17_departments/met_metadata.csv
323587,Furniture plaque: hawk,Ancient West Asian Art,,Old Assyrian Trading Colony,Ivory,ca. 18th century BCE,-1800,-1700,,,,,,https://images.metmuseum.org/CRDImages/an/original/DP110477.jpg,https://images.metmuseum.org/CRDImages/an/web-large/DP110477.jpg,Hawks,"Gift of Mrs. George D. Pratt, in memory of George D. Pratt, 1937",False,results_harvest_17_departments/met_metadata.csv
639782,War club,The American Wing,,"Pawnee, Native American",Wood and pigment,ca. 1800,1795,1805,,,,,,https://images.metmuseum.org/CRDImages/ad/original/DP-15301-006.jpg,https://images.metmuseum.org/CRDImages/ad/web-large/DP-15301-006.jpg,,"The Charles and Valerie Diker Collection of Native American Art, Gift of Charles and Valerie Diker, 2019",False,results_harvest_17_departments/met_metadata.csv
12793,Mrs. Gabriel Manigault,The American Wing,,American,Oil on canvas,1757,1757,1757,Jeremiah Theus,American,,1716.0,1774.0,https://images.metmuseum.org/CRDImages/ad/original/DP239228.jpg,https://images.metmuseum.org/CRDImages/ad/web-large/DP239228.jpg,Portraits;Women,"Fletcher Fund, 1928",False,results_harvest_17_departments/met_metadata.csv
322244,Square plaque seal with stalk handle,Ancient West Asian Art,,Old Assyrian Trading Colony,"Hematite, black",early 2nd millennium BCE,-1820,-1740,,,,,,https://images.metmuseum.org/CRDImages/an/original/DP-13441-015.jpg,https://images.metmuseum.org/CRDImages/an/web-large/DP-13441-015.jpg,Goats,"Purchase, 1893",False,results_harvest_17_departments/met_metadata.csv
323571,Furniture plaque: deer,Ancient West Asian Art,,Old Assyrian Trading Colony,Ivory (hippopotamus),ca. 18th century BCE,-1800,-1700,,,,,,https://images.metmuseum.org/CRDImages/an/original/DP110495.jpg,https://images.metmuseum.org/CRDImages/an/web-large/DP110495.jpg,Deer,"Gift of Mrs. George D. Pratt, in memory of George D. Pratt, 1936",False,results_harvest_17_departments/met_metadata.csv
4832,Sugar bowl,The American Wing,,American,Silver,1862–63,1862,1863,Wood and Hughes,American,,1845.0,1899.0,https://images.metmuseum.org/CRDImages/ad/original/DP157655.jpg,https://images.metmuseum.org/CRDImages/ad/web-large/DP157655.jpg,Factories;Men,"Friends of the American Wing Fund, 2006",False,results_harvest_17_departments/met_metadata.csv
321904,Corner fragment of inscribed prism (kudurru),Ancient West Asian Art,,Babylonian,Clay,ca. 7th–6th century BCE,-700,-500,,,,,,https://images.metmuseum.org/CRDImages/an/original/DP273239.jpg,https://images.metmuseum.org/CRDImages/an/web-large/DP273239.jpg,,"Purchase, 1886",False,results_harvest_17_departments/met_metadata.csv
325717,Head of a king,Ancient West Asian Art,,Sasanian,"Silver, mercury gilding",ca. 4th century,300,400,,,,,,https://images.metmuseum.org/CRDImages/an/original/DT209307-001.jpg,https://images.metmuseum.org/CRDImages/an/web-large/DT209307-001.jpg,Kings;Heads;Men,"Fletcher Fund, 1965",False,results_harvest_17_departments/met_metadata.csv
324045,Cup decorated with ibexes,Ancient West Asian Art,,Iran,"Ceramic, paint",ca. 4000 BCE,-4500,-3900,,,,,,https://images.metmuseum.org/CRDImages/an/original/DP-26823-001.jpg,https://images.metmuseum.org/CRDImages/an/web-large/DP-26823-001.jpg,Ibex,"Rogers Fund, 1948",False,results_harvest_17_departments/met_metadata.csv
326158,Tetradrachm of Alexander the Great,Ancient West Asian Art,,Seleucid,"Silver, bronze",ca. 311–305 BCE,-311,-305,,,,,,https://images.metmuseum.org/CRDImages/an/original/DP-13132-043.jpg,https://images.metmuseum.org/CRDImages/an/web-large/DP-13132-043.jpg,Alexander The Great;Men,"Purchase, H. Dunscombe Colt Gift, 1974",False,results_harvest_17_departments/met_metadata.csv
10771,Spring Landscape,The American Wing,,American,Oil on canvas,ca. 1853–56,1850,1856,Thomas Doughty,American,,1793.0,1856.0,https://images.metmuseum.org/CRDImages/ad/original/ap17.66.jpg,https://images.metmuseum.org/CRDImages/ad/web-large/ap17.66.jpg,Waterfalls;Hills;Landscapes,"Gift of George F. Shelton and Mrs. F. H. Markoe, in memory of their father, Theodore B. Shelton, 1917",False,results_harvest_17_departments/met_metadata.csv
324200,Head of a female figure,Ancient West Asian Art,,Assyrian,Ivory,ca. 8th–7th century BCE,-800,-600,,,,,,https://images.metmuseum.org/CRDImages/an/original/DP-41768-001.jpg,https://images.metmuseum.org/CRDImages/an/web-large/DP-41768-001.jpg,Heads;Women,"Rogers Fund, 1952",False,results_harvest_17_departments/met_metadata.csv
324110,Levantine vessel with rampant goats and olive trees,Ancient West Asian Art,,,Ivory,ca. late 2nd–early 1st millennium BCE,-1200,-800,,,,,,https://images.metmuseum.org/CRDImages/an/original/DP110529.jpg,https://images.metmuseum.org/CRDImages/an/web-large/DP110529.jpg,Goats;Olive Trees,"Purchase, Joseph Pulitzer Bequest, 1950",False,results_harvest_17_departments/met_metadata.csv
326157,Tetradrachm of Alexander the Great,Ancient West Asian Art,,Seleucid,Silver,ca. 318–316 BCE,-318,-316,,,,,,https://images.metmuseum.org/CRDImages/an/original/DP-36519-001.jpg,https://images.metmuseum.org/CRDImages/an/web-large/DP-36519-001.jpg,Alexander The Great,"Purchase, H. Dunscombe Colt Gift, 1974",False,results_harvest_17_departments/met_metadata.csv
324933,Female head,Ancient West Asian Art,,Assyrian,Ivory,ca. 8th–7th century BCE,-800,-600,,,,,,https://images.metmuseum.org/CRDImages/an/original/DP-28968-001.jpg,https://images.metmuseum.org/CRDImages/an/web-large/DP-28968-001.jpg,Women,"Rogers Fund, 1959",False,results_harvest_17_departments/met_metadata.csv
326395,Tetradrachm of Alexander the Great,Ancient West Asian Art,,Seleucid,Silver,ca. 325–319 BCE,-325,-319,,,,,,https://images.metmuseum.org/CRDImages/an/original/DP-16934-019.jpg,https://images.metmuseum.org/CRDImages/an/web-large/DP-16934-019.jpg,Alexander The Great;Profiles,"Purchase, H. Dunscombe Colt Gift, 1978",False,results_harvest_17_departments/met_metadata.csv
764091,Our Lady of Valvanera,The American Wing,,Peru (Cuzco),Oil and gold on canvas,ca. 1770–80,1765,1775,Unknown,,,,,https://images.metmuseum.org/CRDImages/ad/original/DP-17034-002.jpg,https://images.metmuseum.org/CRDImages/ad/web-large/DP-17034-002.jpg,Birds;Men;Madonna and Child,"Gift of James Kung Wei Li, in memory of Ambassador and Mme Ti-Tsun Li, Republic of China, 2018",True,results_harvest_17_departments/met_metadata.csv
323527,Furniture support: female sphinx with Hathor-style curls,Ancient West Asian Art,,Old Assyrian Trading Colony,"Ivory (hippopotamus), gold foil",ca. 18th century BCE,-1800,-1700,,,,,,https://images.metmuseum.org/CRDImages/an/original/DP110479.jpg,https://images.metmuseum.org/CRDImages/an/web-large/DP110479.jpg,Sphinx,"Gift of Mrs. George D. Pratt, in memory of George D. Pratt, 1936",False,results_harvest_17_departments/met_metadata.csv
14007,Water-lily textile,The American Wing,,American,"Silk, printed, woven",1883–1900,1883,1900,Associated Artists,American,,1883.0,1907.0,https://images.metmuseum.org/CRDImages/ad/original/DP8057.jpg,https://images.metmuseum.org/CRDImages/ad/web-large/DP8057.jpg,Flowers,"Gift of Mrs. Boudinot Keith, 1928",False,results_harvest_17_departments/met_metadata.csv
323478,Drachm,Ancient West Asian Art,,Parthian,Silver,ca. 200–150 BC,-205,-145,,,,,,https://images.metmuseum.org/CRDImages/an/original/DP-13132-005.jpg,https://images.metmuseum.org/CRDImages/an/web-large/DP-13132-005.jpg,Faces,"Rogers Fund, 1936",False,results_harvest_17_departments/met_metadata.csv
322891,Furniture support: female sphinx with Hathor-style curls,Ancient West Asian Art,,Old Assyrian Trading Colony,"Ivory (hippopotamus), gold foil",ca. 18th century BCE,-1800,-1700,,,,,,https://images.metmuseum.org/CRDImages/an/original/DP110464.jpg,https://images.metmuseum.org/CRDImages/an/web-large/DP110464.jpg,Sphinx,"Gift of George D. Pratt, 1932",False,results_harvest_17_departments/met_metadata.csv
323508,Obol,Ancient West Asian Art,,Parthian,Silver,ca. 1st century CE,0,0,,,,,,https://images.metmuseum.org/CRDImages/an/original/DP-29266-001.jpg,https://images.metmuseum.org/CRDImages/an/web-large/DP-29266-001.jpg,,"Rogers Fund, 1936",False,results_harvest_17_departments/met_metadata.csv
323520,Furniture support: female sphinx with Hathor-style curls,Ancient West Asian Art,,Old Assyrian Trading Colony,"Ivory (hippopotamus), gold foil",ca. 18th century BCE,-1800,-1700,,,,,,https://images.metmuseum.org/CRDImages/an/original/DP110470.jpg,https://images.metmuseum.org/CRDImages/an/web-large/DP110470.jpg,Sphinx,"Gift of Mrs. George D. Pratt, in memory of George D. Pratt, 1936",False,results_harvest_17_departments/met_metadata.csv
323512,Obol,Ancient West Asian Art,,Parthian,Silver,ca. 1st century BCE,-100,-1,,,,,,https://images.metmuseum.org/CRDImages/an/original/DP-13132-015.jpg,https://images.metmuseum.org/CRDImages/an/web-large/DP-13132-015.jpg,,"Rogers Fund, 1936",False,results_harvest_17_departments/met_metadata.csv
323573,Furniture plaque: incised waterbirds,Ancient West Asian Art,,Old Assyrian Trading Colony,Ivory,ca. 18th century BCE,-1800,-1700,,,,,,https://images.metmuseum.org/CRDImages/an/original/DP110497.jpg,https://images.metmuseum.org/CRDImages/an/web-large/DP110497.jpg,Birds,"Gift of Mrs. George D. Pratt, in memory of George D. Pratt, 1936",False,results_harvest_17_departments/met_metadata.csv
323509,Hemidrachm,Ancient West Asian Art,,Parthian,Silver,ca. 1st century CE,1,100,,,,,,https://images.metmuseum.org/CRDImages/an/original/DP-13132-009.jpg,https://images.metmuseum.org/CRDImages/an/web-large/DP-13132-009.jpg,Profiles,"Rogers Fund, 1936",False,results_harvest_17_departments/met_metadata.csv
324579,Top of standard with male figure and flanking ibexes attacked by dogs,Ancient West Asian Art,,Elamite,Bronze,ca. 1500–1100 BCE,-1500,-1100,,,,,,https://images.metmuseum.org/CRDImages/an/original/DP370180.jpg,https://images.metmuseum.org/CRDImages/an/web-large/DP370180.jpg,Men;Dogs;Ibex,"Harris Brisbane Dick Fund, 1957",False,results_harvest_17_departments/met_metadata.csv
325839,Bowl,Ancient West Asian Art,,Iranian,Ceramic,4th–2nd century BC,-400,-100,,,,,,https://images.metmuseum.org/CRDImages/an/original/ME66_205_2.jpg,https://images.metmuseum.org/CRDImages/an/web-large/ME66_205_2.jpg,,"Gift of Mehdi Mahboubian, 1966",False,results_harvest_17_departments/met_metadata.csv
323511,Obol,Ancient West Asian Art,,Parthian,Silver,ca. 1st century BCE,-100,-1,,,,,,https://images.metmuseum.org/CRDImages/an/original/DP-13132-013.jpg,https://images.metmuseum.org/CRDImages/an/web-large/DP-13132-013.jpg,Men;Profiles,"Rogers Fund, 1936",False,results_harvest_17_departments/met_metadata.csv
13863,George Washington Quilt,The American Wing,,American,Wholecloth printed cotton,about 1876,1873,1879,,,,,,https://images.metmuseum.org/CRDImages/ad/original/DT8212.jpg,https://images.metmuseum.org/CRDImages/ad/web-large/DT8212.jpg,George Washington;Flowers,"Gift of Helen W. Hughart, 1985",False,results_harvest_17_departments/met_metadata.csv
323479,Drachm,Ancient West Asian Art,,Parthian,Silver,ca. 1st century BCE,-100,-1,,,,,,https://images.metmuseum.org/CRDImages/an/original/DP-13132-007.jpg,https://images.metmuseum.org/CRDImages/an/web-large/DP-13132-007.jpg,Men;Profiles,"Rogers Fund, 1936",False,results_harvest_17_departments/met_metadata.csv
327483,Votive plaque inscribed with Sabaean dedication,Ancient West Asian Art,,,Copper alloy,ca. late 1st millennium BCE,-250,-1,,,,,,https://images.metmuseum.org/CRDImages/an/original/DP368662.jpg,https://images.metmuseum.org/CRDImages/an/web-large/DP368662.jpg,,"Pfeiffer Fund, 1993",False,results_harvest_17_departments/met_metadata.csv
329077,Head of a ruler,Ancient West Asian Art,,,Copper alloy,ca. 2300–2000 BCE,-2300,-2000,,,,,,https://images.metmuseum.org/CRDImages/an/original/DP-23662-001.jpg,https://images.metmuseum.org/CRDImages/an/web-large/DP-23662-001.jpg,Heads;Men,"Rogers Fund, 1947",True,results_harvest_17_departments/met_metadata.csv
13756,Sampler,The American Wing,,American,Silk embroidery on linen,1795,1795,1795,Mary Waine,American,Female,1783.0,1883.0,https://images.metmuseum.org/CRDImages/ad/original/197225.jpg,https://images.metmuseum.org/CRDImages/ad/web-large/197225.jpg,Birds;Men;Women;Cows;Deer;Dogs;Horses,"Bequest of Flora E. Whiting, 1971",False,results_harvest_17_departments/met_metadata.csv
323971,Boss from a disc-headed pin,Ancient West Asian Art,,Iran,Bronze,ca. 8th–7th century BCE,-800,-600,,,,,,https://images.metmuseum.org/CRDImages/an/original/DP-25848-001.jpg,https://images.metmuseum.org/CRDImages/an/web-large/DP-25848-001.jpg,Heads,"Rogers Fund, 1943",False,results_harvest_17_departments/met_metadata.csv
323972,Plaque with horned animal,Ancient West Asian Art,,Iran,Bronze,ca. 8th–7th century BCE,-800,-600,,,,,,https://images.metmuseum.org/CRDImages/an/original/DP-25850-001.jpg,https://images.metmuseum.org/CRDImages/an/web-large/DP-25850-001.jpg,Animals,"Rogers Fund, 1943",False,results_harvest_17_departments/met_metadata.csv
320347,Feathered serpent head,The Michael C. Rockefeller Wing,Stone-Sculpture,Teotihuacan,"Stone, pigment",100-500 CE,100,500,Teotihuacan artist(s),,,,,https://images.metmuseum.org/CRDImages/ao/original/DP-39201-004.jpg,https://images.metmuseum.org/CRDImages/ao/web-large/DP-39201-004.jpg,,"Museum Purchase, 1900",False,results_harvest_17_departments/met_metadata.csv
324324,Handle of a flywhisk or fan,Ancient West Asian Art,,Assyrian,Ivory,ca. 8th–7th century BC,-800,-600,,,,,,https://images.metmuseum.org/CRDImages/an/original/DP-38927-001.jpg,https://images.metmuseum.org/CRDImages/an/web-large/DP-38927-001.jpg,,"Rogers Fund, 1954",False,results_harvest_17_departments/met_metadata.csv
10810,Arcadia,The American Wing,,American,Oil on canvas,ca. 1883,1880,1883,Thomas Eakins,American,,1844.0,1916.0,https://images.metmuseum.org/CRDImages/ad/original/DT221513.jpg,https://images.metmuseum.org/CRDImages/ad/web-large/DT221513.jpg,Male Nudes;Female Nudes;Flutes,"Bequest of Miss Adelaide Milton de Groot (1876-1967), 1967",False,results_harvest_17_departments/met_metadata.csv
328593,Monstrous male figure,Ancient West Asian Art,,Bactria-Margiana Archaeological Complex,"Chlorite, calcite, gold, iron",ca. late 3rd–early 2nd millennium BCE,-2250,-1750,,,,,,https://images.metmuseum.org/CRDImages/an/original/dp22227.jpg,https://images.metmuseum.org/CRDImages/an/web-large/dp22227.jpg,Men,"Purchase, 2009 Benefit Fund, Friends of Inanna Gifts, and Mr. and Mrs. Horiuchi Gift, 2010",False,results_harvest_17_departments/met_metadata.csv
309468,Jar with flying figure (the Oculate Being),The Michael C. Rockefeller Wing,Ceramics-Containers,Paracas,"Ceramic, post-fire paint",350 BCE–60 CE,-350,60,Paracas artist(s),,,,,https://images.metmuseum.org/CRDImages/ao/original/DP-24297-001.jpg,https://images.metmuseum.org/CRDImages/ao/web-large/DP-24297-001.jpg,,"Gift of Nathan Cummings, 1974",False,results_harvest_17_departments/met_metadata.csv
324321,Incised cosmetic box fragments with a warrior and four women,Ancient West Asian Art,,Assyrian,Ivory,ca. 9th–8th century BCE,-900,-700,,,,,,https://images.metmuseum.org/CRDImages/an/original/DP-38930-001.jpg,https://images.metmuseum.org/CRDImages/an/web-large/DP-38930-001.jpg,Men;Women,"Rogers Fund, 1954",False,results_harvest_17_departments/met_metadata.csv
327438,Winged deity,Ancient West Asian Art,,Hittite,"Bronze, gold",ca. 14th–13th century BCE,-1400,-1200,,,,,,https://images.metmuseum.org/CRDImages/an/original/DP368657.jpg,https://images.metmuseum.org/CRDImages/an/web-large/DP368657.jpg,Deities,"Purchase, Rogers Fund and Michael Ward Gift, 1990",False,results_harvest_17_departments/met_metadata.csv
324138,Bowl with radial design of ibex horns,Ancient West Asian Art,,Iran,"Ceramic, paint",ca. 4500–4100 BCE,-4505,-4095,,,,,,https://images.metmuseum.org/CRDImages/an/original/DP-26826-003.jpg,https://images.metmuseum.org/CRDImages/an/web-large/DP-26826-003.jpg,,"Rogers Fund and Gifts of Lucy W. Drexel, Theodore M. Davis, Helen Miller Gould, Albert Gallatin, Egypt Exploration Fund and Egyptian Research Account, by exchange, 1950",False,results_harvest_17_departments/met_metadata.csv
317802,Pestle Finial,The Michael C. Rockefeller Wing,Stone-Implements,"Highlands, Mt. Hagen region",Stone,ca. 1500 BCE– ?1600 CE,-1500,1600,,,,,,https://images.metmuseum.org/CRDImages/ao/original/DT4055.jpg,https://images.metmuseum.org/CRDImages/ao/web-large/DT4055.jpg,Birds,"Purchase, Discovery Communications Inc. Gift, 1996",False,results_harvest_17_departments/met_metadata.csv
14972,Decanter,The American Wing,,American,Blown and cut glass; clay cameo,ca. 1826–35,1826,1835,"Bakewell, Page & Bakewell",American,,1808.0,1882.0,https://images.metmuseum.org/CRDImages/ad/original/DT188.jpg,https://images.metmuseum.org/CRDImages/ad/web-large/DT188.jpg,Benjamin Franklin;Men;Profiles,"Purchase, The Overbrook Foundation Gift, 1995",False,results_harvest_17_departments/met_metadata.csv
13875,"Quilt, Presentation pattern",The American Wing,,American,Cotton and silk velvet,ca. 1849,1846,1849,Mary Hergenroder Simon,American,Female,1808.0,1877.0,https://images.metmuseum.org/CRDImages/ad/original/DT1825.jpg,https://images.metmuseum.org/CRDImages/ad/web-large/DT1825.jpg,Flowers,"Sansbury-Mills Fund, 1974",False,results_harvest_17_departments/met_metadata.csv
325080,Plaque with falcon-headed Re wearing crown of Upper and Lower Egypt,Ancient West Asian Art,,Assyrian,Ivory,ca. 8th–7th century BCE,-800,-600,,,,,,https://images.metmuseum.org/CRDImages/an/original/DP110663.jpg,https://images.metmuseum.org/CRDImages/an/web-large/DP110663.jpg,Falcons,"Rogers Fund, 1960",False,results_harvest_17_departments/met_metadata.csv
325660,Openwork plaque with a striding sphinx,Ancient West Asian Art,,Assyrian,Ivory,ca. 9th–8th century BCE,-900,-700,,,,,,https://images.metmuseum.org/CRDImages/an/original/DP-38944-001.jpg,https://images.metmuseum.org/CRDImages/an/web-large/DP-38944-001.jpg,Sphinx,"Rogers Fund, 1964",False,results_harvest_17_departments/met_metadata.csv
307599,Eagle relief,The Michael C. Rockefeller Wing,Stone-Sculpture,Toltec,"Andesite or dacite, Maya blue, stucco, red pigment",900–1200 CE,900,1200,Toltec artist(s),,,,,https://images.metmuseum.org/CRDImages/ao/original/DP-20487-001.jpg,https://images.metmuseum.org/CRDImages/ao/web-large/DP-20487-001.jpg,Eagles,"Gift of Frederic E. Church, 1893",False,results_harvest_17_departments/met_metadata.csv
13607,Embroidered coverlet,The American Wing,,American,Wool embroidery on linen/cotton,1770,1770,1770,Mary Breed,American,Female,1751.0,1787.0,https://images.metmuseum.org/CRDImages/ad/original/DT11599.jpg,https://images.metmuseum.org/CRDImages/ad/web-large/DT11599.jpg,Birds;Flowers;Leaves,"Rogers Fund, 1922",False,results_harvest_17_departments/met_metadata.csv
325079,Incised furniture plaque with two figures in two registers,Ancient West Asian Art,,Assyrian,Ivory,ca. 9th century BCE,-900,-800,,,,,,https://images.metmuseum.org/CRDImages/an/original/DP110662.jpg,https://images.metmuseum.org/CRDImages/an/web-large/DP110662.jpg,Men,"Rogers Fund, 1960",False,results_harvest_17_departments/met_metadata.csv
327399,Vessel terminating in the forepart of a stag,Ancient West Asian Art,,Hittite,"Silver, gold inlay",ca. 14th–13th century BCE,-1400,-1200,,,,,,https://images.metmuseum.org/CRDImages/an/original/DP-42027-001.jpg,https://images.metmuseum.org/CRDImages/an/web-large/DP-42027-001.jpg,Birds;Men;Deer;Deities;Goddess,"Gift of Norbert Schimmel Trust, 1989",True,results_harvest_17_departments/met_metadata.csv
310073,Grere'o (shield),The Michael C. Rockefeller Wing,Textiles-Non-Woven,Solomon Islands,"Fiber, parinarium-nut paste, chambered-nautilus shell, pigment",Early to mid-19th century,1800,1865,Solomon Islands artist,,,,,https://images.metmuseum.org/CRDImages/ao/original/DP-23190-001.jpg,https://images.metmuseum.org/CRDImages/ao/web-large/DP-23190-001.jpg,,"The Michael C. Rockefeller Memorial Collection, Gift of Nelson A. Rockefeller, 1972",True,results_harvest_17_departments/met_metadata.csv
13877,"Quilt, Album pattern",The American Wing,,American,Cotton,begun 1846,1846,1846,Brown and Turner families,,,,,https://images.metmuseum.org/CRDImages/ad/original/DP332444.jpg,https://images.metmuseum.org/CRDImages/ad/web-large/DP332444.jpg,Eagles;Flowers,"Bequest of Margaret Brown Potvin, 1987",False,results_harvest_17_departments/met_metadata.csv
324198,Openwork plaque with a sphinx at a tree,Ancient West Asian Art,,Assyrian,Ivory,ca. 9th–8th century BCE,-900,-700,,,,,,https://images.metmuseum.org/CRDImages/an/original/DP110556.jpg,https://images.metmuseum.org/CRDImages/an/web-large/DP110556.jpg,Sphinx,"Rogers Fund, 1952",False,results_harvest_17_departments/met_metadata.csv
891654,Bracelet with Assyrian-inspired design,Ancient West Asian Art,,British,Gold,ca. 1850–1880,1845,1885,,,,,,https://images.metmuseum.org/CRDImages/an/original/DP-33402-002.jpg,https://images.metmuseum.org/CRDImages/an/web-large/DP-33402-002.jpg,,"Henrietta and Christopher McCall Collection, Purchase, Henrie Jo Barth Bequest, and Museum Acquisitions and Josephine Lois Berger-Nadler Endowment Funds, 2023",False,results_harvest_17_departments/met_metadata.csv
315052,Effigy bottle,The Michael C. Rockefeller Wing,Ceramics-Containers,Wari,"Ceramic, slip",650–1000 CE,650,1000,Wari artist(s),,,,,https://images.metmuseum.org/CRDImages/ao/original/DP-24258-001.jpg,https://images.metmuseum.org/CRDImages/ao/web-large/DP-24258-001.jpg,,"Purchase, Mary R. Morgan Gift, 1987",False,results_harvest_17_departments/met_metadata.csv
324937,Cloisonné furniture or cosmetic box plaque with three frontal heads,Ancient West Asian Art,,Assyrian,Ivory,ca. 8th–7th century BCE,-800,-600,,,,,,https://images.metmuseum.org/CRDImages/an/original/DP110654.jpg,https://images.metmuseum.org/CRDImages/an/web-large/DP110654.jpg,Heads,"Rogers Fund, 1959",False,results_harvest_17_departments/met_metadata.csv
10956,Gilbert Stuart,The American Wing,,American,Watercolor on ivory,ca. 1825,1822,1825,Sarah Goodridge,American,Female,1788.0,1853.0,https://images.metmuseum.org/CRDImages/ad/original/DP162116.jpg,https://images.metmuseum.org/CRDImages/ad/web-large/DP162116.jpg,Men;Portraits,"The Moses Lazarus Collection, Gift of Josephine and Sarah Lazarus, in memory of their father, 1888-95",False,results_harvest_17_departments/met_metadata.csv
322603,Molded plaque: king or a god carrying a mace,Ancient West Asian Art,,Isin-Larsa–Old Babylonian,Ceramic,ca. 2000–1700 BCE,-2000,-1700,,,,,,https://images.metmuseum.org/CRDImages/an/original/DP368640.jpg,https://images.metmuseum.org/CRDImages/an/web-large/DP368640.jpg,Weapons;Men,"Rogers Fund, 1932",False,results_harvest_17_departments/met_metadata.csv
310364,Vessel with mythological scene,The Michael C. Rockefeller Wing,Ceramics-Containers,Maya,"Ceramic, slip",600–800 CE,600,800,Metropolitan Painter,,,600.0,800.0,https://images.metmuseum.org/CRDImages/ao/original/DP-576-001.jpg,https://images.metmuseum.org/CRDImages/ao/web-large/DP-576-001.jpg,Men;Mythical Creatures;Dogs;Serpents;Deities,"The Michael C. Rockefeller Memorial Collection, Purchase, Nelson A. Rockefeller Gift, 1968",True,results_harvest_17_departments/met_metadata.csv
325875,Furniture element made from a hippopotamus incisor,Ancient West Asian Art,,Assyrian,Ivory (hippopotamus),ca. 9th–8th century BCE,-900,-700,,,,,,https://images.metmuseum.org/CRDImages/an/original/DP115147.jpg,https://images.metmuseum.org/CRDImages/an/web-large/DP115147.jpg,,"Harris Brisbane Dick Fund, 1967",False,results_harvest_17_departments/met_metadata.csv
891657,Brooch with Assyrian and Achaemenid Persian-inspired design,Ancient West Asian Art,,British,Gold,ca. 1870,0,0,,,,,,https://images.metmuseum.org/CRDImages/an/original/DP-33405-001.jpg,https://images.metmuseum.org/CRDImages/an/web-large/DP-33405-001.jpg,,"Henrietta and Christopher McCall Collection, Purchase, Henrie Jo Barth Bequest, and Museum Acquisitions and Josephine Lois Berger-Nadler Endowment Funds, 2023",False,results_harvest_17_departments/met_metadata.csv
327401,Seated goddess with a child,Ancient West Asian Art,,Hittite,Gold,ca. 14th–13th century BCE,-1400,-1200,,,,,,https://images.metmuseum.org/CRDImages/an/original/DT873.jpg,https://images.metmuseum.org/CRDImages/an/web-large/DT873.jpg,Children;Goddess,"Gift of Norbert Schimmel Trust, 1989",True,results_harvest_17_departments/met_metadata.csv
322610,Relief panel,Ancient West Asian Art,,Assyrian,Gypsum alabaster,ca. 883–859 BCE,-883,-859,,,,,,https://images.metmuseum.org/CRDImages/an/original/DP375419.jpg,https://images.metmuseum.org/CRDImages/an/web-large/DP375419.jpg,,"Gift of John D. Rockefeller Jr., 1932",False,results_harvest_17_departments/met_metadata.csv
325874,Incised furniture plaque with a frieze of lotus blossoms and buds,Ancient West Asian Art,,Assyrian,"Ivory, paint traces",ca. 9th–8th century BCE,-900,-700,,,,,,https://images.metmuseum.org/CRDImages/an/original/DP115146.jpg,https://images.metmuseum.org/CRDImages/an/web-large/DP115146.jpg,Lotuses,"Harris Brisbane Dick Fund, 1967",False,results_harvest_17_departments/met_metadata.csv
309385,Double-chambered bottle with mouse,The Michael C. Rockefeller Wing,Ceramics-Containers,Recuay,"Ceramic, slip",200–700 CE,200,700,Recuay artist(s),,,,,https://images.metmuseum.org/CRDImages/ao/original/DP102151.jpg,https://images.metmuseum.org/CRDImages/ao/web-large/DP102151.jpg,Mice,"Gift of Nathan Cummings, 1966",False,results_harvest_17_departments/met_metadata.csv
325995,Sealing on jar stopper (?),Ancient West Asian Art,,Parthian,Ceramic,ca. 1st century BCE–3rd century CE,-1,3,,,,,,https://images.metmuseum.org/CRDImages/an/original/vs69_24_38.jpg,https://images.metmuseum.org/CRDImages/an/web-large/vs69_24_38.jpg,,"Purchase, H. Dunscombe Colt Gift, 1969",False,results_harvest_17_departments/met_metadata.csv
329072,"Statue of Gudea, named “Gudea, the man who built the temple, may his life be long”",Ancient West Asian Art,,Neo-Sumerian,Diorite,ca. 2090 BCE,-2090,-2090,,,,,,https://images.metmuseum.org/CRDImages/an/original/DP-23786-001.jpg,https://images.metmuseum.org/CRDImages/an/web-large/DP-23786-001.jpg,Men,"Harris Brisbane Dick Fund, 1959",True,results_harvest_17_departments/met_metadata.csv
317877,Processional Cross,The Michael C. Rockefeller Wing,Metal-Sculpture,Northern Highlands region,Brass,14th–15th century,1300,1500,Northern Highlands artist,,,,,https://images.metmuseum.org/CRDImages/ao/original/DP100984.jpg,https://images.metmuseum.org/CRDImages/ao/web-large/DP100984.jpg,,"Purchase, Elaine Rosenberg Gift and funds from various donors, 1998",False,results_harvest_17_departments/met_metadata.csv
13576,Embroidered Carpet,The American Wing,,American,"Wool, embroidered in chain-stitch",1832–35,1832,1835,Zeruah H. Guernsey Caswell,American,Female,1805.0,1895.0,https://images.metmuseum.org/CRDImages/ad/original/DT823.jpg,https://images.metmuseum.org/CRDImages/ad/web-large/DT823.jpg,Birds;Cats;Dogs;Flowers;Plants,"Gift of Katharine Keyes, in memory of her father, Homer Eaton Keyes, 1938",False,results_harvest_17_departments/met_metadata.csv
323710,Cup,Ancient West Asian Art,,Iran,Ceramic,ca. 3980–3865 BC,-3980,-3865,,,,,,https://images.metmuseum.org/CRDImages/an/original/ME39_60_2.jpg,https://images.metmuseum.org/CRDImages/an/web-large/ME39_60_2.jpg,,"Gift of Museum of Tehran, 1939",False,results_harvest_17_departments/met_metadata.csv
324739,Openwork furniture plaque with a grazing oryx in a forest of fronds,Ancient West Asian Art,,Assyrian,Ivory,ca. 9th–8th century BCE,-900,-700,,,,,,https://images.metmuseum.org/CRDImages/an/original/DP110622.jpg,https://images.metmuseum.org/CRDImages/an/web-large/DP110622.jpg,Animals,"Rogers Fund, 1958",True,results_harvest_17_departments/met_metadata.csv
323709,Cup,Ancient West Asian Art,,Iran,Ceramic,ca. 3980–3865 BCE,-3980,-3865,,,,,,https://images.metmuseum.org/CRDImages/an/original/DP-25534-001.jpg,https://images.metmuseum.org/CRDImages/an/web-large/DP-25534-001.jpg,,"Gift of Museum of Tehran, 1939",False,results_harvest_17_departments/met_metadata.csv
322611,Relief panel,Ancient West Asian Art,,Assyrian,Gypsum alabaster,ca. 883–859 BCE,-883,-859,,,,,,https://images.metmuseum.org/CRDImages/an/original/DP375420.jpg,https://images.metmuseum.org/CRDImages/an/web-large/DP375420.jpg,,"Gift of John D. Rockefeller Jr., 1932",True,results_harvest_17_departments/met_metadata.csv
13638,"Coverlet, Agriculture & Manufactures pattern",The American Wing,,American,"Wool and cotton, woven",1837,1837,1837,,,,,,https://images.metmuseum.org/CRDImages/ad/original/TP563.jpg,https://images.metmuseum.org/CRDImages/ad/web-large/TP563.jpg,Eagles;Flowers,"Gift of Mrs. Laura Tillson Vail, 1925",False,results_harvest_17_departments/met_metadata.csv
323794,Vessel,Ancient West Asian Art,,Elamite,Ceramic,ca. late 3rd millennium BCE,-3000,-2000,,,,,,https://images.metmuseum.org/CRDImages/an/original/ME48_98_11.jpg,https://images.metmuseum.org/CRDImages/an/web-large/ME48_98_11.jpg,Birds,"Rogers Fund, 1948",False,results_harvest_17_departments/met_metadata.csv
329076,"Shaft-hole axe head with bird-headed demon, boar, and dragon",Ancient West Asian Art,,Bactria-Margiana Archaeological Complex,"Silver, gold foil",ca. late 3rd–early 2nd millennium BCE,-2250,-1750,,,,,,https://images.metmuseum.org/CRDImages/an/original/1982.5.jpg,https://images.metmuseum.org/CRDImages/an/web-large/1982.5.jpg,Birds;Dragons;Boars;Demons,"Purchase, Harris Brisbane Dick Fund, and James N. Spear and Schimmel Foundation Inc. Gifts, 1982",True,results_harvest_17_departments/met_metadata.csv
22912,Dirk with Sheath,Arms and Armor,Daggers,French,"Steel, wood",ca. 1650–1700,1650,1700,,,,,,https://images.metmuseum.org/CRDImages/aa/original/DT11928.jpg,https://images.metmuseum.org/CRDImages/aa/web-large/DT11928.jpg,Adam;Eve,"Gift of Jean Jacques Reubell, in memory of his mother, Julia C. Coster, and of his wife, Adeline E. Post, both of New York City, 1926",False,results_harvest_17_departments/met_metadata.csv
897907,Armchair,The American Wing,,American,"Cherry, white pine, modern upholstery",ca. 1781,1776,1786,Eliphalet Chapin,American,,1741.0,1807.0,https://images.metmuseum.org/CRDImages/ad/original/DP-29207-001.jpg,https://images.metmuseum.org/CRDImages/ad/web-large/DP-29207-001.jpg,,"Gift of Erving and Joyce Wolf, in memory of Diane R. Wolf, 2023",False,results_harvest_17_departments/met_metadata.csv
323944,Vessel in form of horned quadruped,Ancient West Asian Art,,Iran,Ceramic,ca. 700–550 BCE,-700,-550,,,,,,https://images.metmuseum.org/CRDImages/an/original/ME43_89_2.jpg,https://images.metmuseum.org/CRDImages/an/web-large/ME43_89_2.jpg,Animals,"Rogers Fund, 1943",False,results_harvest_17_departments/met_metadata.csv
322890,Furniture support: female sphinx with Hathor-style curls,Ancient West Asian Art,,Old Assyrian Trading Colony,"Ivory (Hippopotamus), gold foil",ca. 18th century BCE,-1800,-1700,,,,,,https://images.metmuseum.org/CRDImages/an/original/DP110463.jpg,https://images.metmuseum.org/CRDImages/an/web-large/DP110463.jpg,Sphinx,"Gift of George D. Pratt, 1932",True,results_harvest_17_departments/met_metadata.csv
35388,Two-Handed Sword,Arms and Armor,Swords,British or Western European,"Steel, latten or copper alloy",ca. 1400–1450,1375,1475,,,,,,https://images.metmuseum.org/CRDImages/aa/original/LC-L_2008_32_1-004-Edit.jpg,https://images.metmuseum.org/CRDImages/aa/web-large/LC-L_2008_32_1-004-Edit.jpg,,"Gift of Laird Landmann and Kathleen Kinney Landmann, in celebration of the Museum’s 150th Anniversary, 2023",False,results_harvest_17_departments/met_metadata.csv
325818,Necklace with the head of the Egyptian god Bes,Ancient West Asian Art,,Achaemenid,Gold,ca. 6th–4th century BCE,-600,-300,,,,,,https://images.metmuseum.org/CRDImages/an/original/DP-41780-001.jpg,https://images.metmuseum.org/CRDImages/an/web-large/DP-41780-001.jpg,Bes;Horses,"Dodge Fund, 1965",False,results_harvest_17_departments/met_metadata.csv
329073,Seated female,Ancient West Asian Art,,Bactria-Margiana Archaeological Complex,"Steatite or chlorite, alabaster",ca. late 3rd–early 2nd millennium BCE,-2250,-1750,,,,,,https://images.metmuseum.org/CRDImages/an/original/DT867.jpg,https://images.metmuseum.org/CRDImages/an/web-large/DT867.jpg,Women,"Gift of Norbert Schimmel Trust, 1989",True,results_harvest_17_departments/met_metadata.csv
788188,Gold-inlaid Colt Model 1849 Pocket Revolver (serial no. 63306),Arms and Armor,Firearms-Pistols-Revolvers,"American, Hartford, Connecticut","Steel, copper alloy, gold, wood (walnut)",ca. 1853,1848,1858,Samuel Colt,American,,1814.0,1862.0,https://images.metmuseum.org/CRDImages/aa/original/DP-17928-001.jpg,https://images.metmuseum.org/CRDImages/aa/web-large/DP-17928-001.jpg,,"Gift of The Robert M. Lee Foundation, in celebration of the Museum’s 150th Anniversary, 2018",False,results_harvest_17_departments/met_metadata.csv
325081,"Incised horse frontlet carved into the shape of a flowering, volute palmette tree",Ancient West Asian Art,,Assyrian,Ivory,ca. 9th–8th century BCE,-900,-700,,,,,,https://images.metmuseum.org/CRDImages/an/original/DP110664.jpg,https://images.metmuseum.org/CRDImages/an/web-large/DP110664.jpg,Trees,"Rogers Fund, 1960",False,results_harvest_17_departments/met_metadata.csv
325354,Furniture plaque carved in relief with a male figure slaying a griffin,Ancient West Asian Art,,Assyrian,Ivory,ca. 9th–8th century BCE,-900,-700,,,,,,https://images.metmuseum.org/CRDImages/an/original/DP-38939-001.jpg,https://images.metmuseum.org/CRDImages/an/web-large/DP-38939-001.jpg,Men;Griffins,"Rogers Fund, 1961",False,results_harvest_17_departments/met_metadata.csv
23944,Armor of Emperor Ferdinand I (1503–1564),Arms and Armor,Armor,"German, Nuremberg","Steel, brass, leather",dated 1549,1549,1549,Kunz Lochner,German,,1510.0,1567.0,https://images.metmuseum.org/CRDImages/aa/original/DP-12881-007.jpg,https://images.metmuseum.org/CRDImages/aa/web-large/DP-12881-007.jpg,Madonna and Child,"Purchase, Rogers Fund and George D. Pratt Gift, 1933",True,results_harvest_17_departments/met_metadata.csv
325564,Furniture plaque carved in high relief with two Egyptianizing figures flanking a volute tree,Ancient West Asian Art,,Assyrian,Ivory,ca. 9th–8th century BCE,-900,-700,,,,,,https://images.metmuseum.org/CRDImages/an/original/DP-38942-001.jpg,https://images.metmuseum.org/CRDImages/an/web-large/DP-38942-001.jpg,Men;Trees,"Rogers Fund, 1962",False,results_harvest_17_departments/met_metadata.csv
325355,Furniture plaque carved in relief with lion-headed figure,Ancient West Asian Art,,Assyrian,Ivory,ca. 8th–7th century BCE,-800,-600,,,,,,https://images.metmuseum.org/CRDImages/an/original/DP110684.jpg,https://images.metmuseum.org/CRDImages/an/web-large/DP110684.jpg,Sekhmet,"Rogers Fund, 1961",False,results_harvest_17_departments/met_metadata.csv
24007,Cuirass (<i>Char-aina</i>),Arms and Armor,Armor Parts-Cuirasses,"Persian, Safavid","Steel, iron, gold, leather, textile (wool)",17th–early 18th century,1601,1750,,,,,,https://images.metmuseum.org/CRDImages/aa/original/DP147307.jpg,https://images.metmuseum.org/CRDImages/aa/web-large/DP147307.jpg,,"Bequest of George C. Stone, 1935",False,results_harvest_17_departments/met_metadata.csv
13640,Coverlet,The American Wing,,American,"Wool, woven",ca. 1840–50,1837,1850,,,,,,https://images.metmuseum.org/CRDImages/ad/original/DT5097.jpg,https://images.metmuseum.org/CRDImages/ad/web-large/DT5097.jpg,Animals;Birds;Giraffes,"Rogers Fund, 1956",False,results_harvest_17_departments/met_metadata.csv
324381,Plaque,Ancient West Asian Art,,Assyrian,Ivory,ca. 9th–8th century BCE,-900,-700,,,,,,https://images.metmuseum.org/CRDImages/an/original/DP110659.jpg,https://images.metmuseum.org/CRDImages/an/web-large/DP110659.jpg,Kings;Men;Banquets,"Rogers Fund, 1959",False,results_harvest_17_departments/met_metadata.csv
781871,Persian Travelogue: A Diary of a Journey through the region of Fars,Ancient West Asian Art,,Qajar,"Black ink on paper; blue velvet binding with a flap, tight back case binding sewn onto two cotton/hemp cords (laced in), with marbled paper doublures",1838 CE,1838,1838,,,,,,https://images.metmuseum.org/CRDImages/an/original/TR_18774E.jpg,https://images.metmuseum.org/CRDImages/an/web-large/TR_18774E.jpg,,"Purchase, Friends of Ancient Near Eastern Art and The Ishtar Society Gifts, 2019",False,results_harvest_17_departments/met_metadata.csv
788195,"Gold-inlaid Colt Model 1851 Navy Revolver (serial no. 20133), with Case and Accessories",Arms and Armor,Firearms-Pistols-Revolvers,"American, Hartford, Connecticut","Steel, copper alloy, gold, wood (walnut), textile, glass, cork, bone, pewter, paper",ca. 1853,1848,1858,Samuel Colt,American,,1814.0,1862.0,https://images.metmuseum.org/CRDImages/aa/original/DP-18814-001.jpg,https://images.metmuseum.org/CRDImages/aa/web-large/DP-18814-001.jpg,,"Gift of The Robert M. Lee Foundation, in celebration of the Museum’s 150th Anniversary, 2018",False,results_harvest_17_departments/met_metadata.csv
13565,Bed rug,The American Wing,,American,Wool embroidered with wool,1796,1796,1796,N. L.,American,,,9999.0,https://images.metmuseum.org/CRDImages/ad/original/DT11600.jpg,https://images.metmuseum.org/CRDImages/ad/web-large/DT11600.jpg,Flowers,"Rogers Fund, 1933",False,results_harvest_17_departments/met_metadata.csv
325348,Horse frontlet carved in relief with a female figure flanked by lions,Ancient West Asian Art,,Assyrian,Ivory,ca. 9th–8th century BCE,-900,-700,,,,,,https://images.metmuseum.org/CRDImages/an/original/DP110677.jpg,https://images.metmuseum.org/CRDImages/an/web-large/DP110677.jpg,Women;Lions;Lotuses,"Rogers Fund, 1961",False,results_harvest_17_departments/met_metadata.csv
814650,Vase (New World),The American Wing,,American,Porcelain with enameled and gilded decoration,ca. 1886–89,1883,1889,Joseph S. Potter,American,,1822.0,1904.0,https://images.metmuseum.org/CRDImages/ad/original/DP-23405-001.jpg,https://images.metmuseum.org/CRDImages/ad/web-large/DP-23405-001.jpg,,"Purchase, Ronald S. Kane Bequest, in memory of Berry B. Tracy, 2018",False,results_harvest_17_departments/met_metadata.csv
891658,Brooch with Assyrian divine archer in a winged disc,Ancient West Asian Art,,British,"Gold, glass",ca. 1870,1865,1875,,,,,,https://images.metmuseum.org/CRDImages/an/original/DP-33406-001.jpg,https://images.metmuseum.org/CRDImages/an/web-large/DP-33406-001.jpg,,"Henrietta and Christopher McCall Collection, Purchase, Henrie Jo Barth Bequest, and Museum Acquisitions and Josephine Lois Berger-Nadler Endowment Funds, 2023",False,results_harvest_17_departments/met_metadata.csv
788174,"Smith & Wesson .44 Double-Action Frontier Model Revolver decorated by Tiffany & Co. (serial no. 8401), with Case and Cleaning Rod",Arms and Armor,Firearms-Pistols-Revolvers,"American, Springfield, Massachusetts and New York","Steel, silver, ivory, textile (chamois), wood (California laurel)",ca. 1893,1888,1898,Smith & Wesson,American,,1852.0,9999.0,https://images.metmuseum.org/CRDImages/aa/original/DP-19201-002.jpg,https://images.metmuseum.org/CRDImages/aa/web-large/DP-19201-002.jpg,,"Gift of the Robert M. Lee Foundation, in celebration of the Museum’s 150th Anniversary, 2019",False,results_harvest_17_departments/met_metadata.csv
324322,Horse blinker carved in relief with a seated sphinx,Ancient West Asian Art,,Assyrian,Ivory,ca. 8th century BCE,-800,-700,,,,,,https://images.metmuseum.org/CRDImages/an/original/DP-38926-001.jpg,https://images.metmuseum.org/CRDImages/an/web-large/DP-38926-001.jpg,Sphinx,"Rogers Fund, 1954",False,results_harvest_17_departments/met_metadata.csv
20891,The Five Points,The American Wing,,American,Oil on wood panel,ca. 1827,1822,1832,Unknown Artist,,,,,https://images.metmuseum.org/CRDImages/ad/original/DP265419.jpg,https://images.metmuseum.org/CRDImages/ad/web-large/DP265419.jpg,Buildings;Cities;Streets;Men;Women;Crowd,"Bequest of Mrs. Screven Lorillard (Alice Whitney), from the collection of Mrs. J. Insley Blair, 2016",False,results_harvest_17_departments/met_metadata.csv
24182,Cuirass,Arms and Armor,Armor Parts-Cuirasses,Iranian,"Leather, lacquer, pigment, iron, copper alloy, gold",late 18th–early 19th century,1750,1850,,,,,,https://images.metmuseum.org/CRDImages/aa/original/DP147316.jpg,https://images.metmuseum.org/CRDImages/aa/web-large/DP147316.jpg,Arabic,"Bequest of George C. Stone, 1935",False,results_harvest_17_departments/met_metadata.csv
324941,Incised furniture plaque with a kneeling bull,Ancient West Asian Art,,Assyrian,Ivory,ca. 9th–8th century BCE,-900,-700,,,,,,https://images.metmuseum.org/CRDImages/an/original/DP110658.jpg,https://images.metmuseum.org/CRDImages/an/web-large/DP110658.jpg,Bulls,"Rogers Fund, 1959",False,results_harvest_17_departments/met_metadata.csv
322619,Relief panel,Ancient West Asian Art,,Assyrian,Gypsum alabaster,ca. 883–859 BCE,-883,-859,,,,,,https://images.metmuseum.org/CRDImages/an/original/DP355701.jpg,https://images.metmuseum.org/CRDImages/an/web-large/DP355701.jpg,,"Gift of John D. Rockefeller Jr., 1932",False,results_harvest_17_departments/met_metadata.csv
24316,Sacrificial Sword (Rāmdāo),Arms and Armor,Shafted Weapons,"Indian, Bengal (?) or Nepalese","Steel, wood, brass",19th century,1801,1900,,,,,,https://images.metmuseum.org/CRDImages/aa/original/36.25.1284_018AA2015.jpg,https://images.metmuseum.org/CRDImages/aa/web-large/36.25.1284_018AA2015.jpg,,"Bequest of George C. Stone, 1935",False,results_harvest_17_departments/met_metadata.csv
325667,Openwork plaque with a sphinx striding through a floral landscape,Ancient West Asian Art,,Assyrian,Ivory,ca. 9th–8th century BCE,-900,-700,,,,,,https://images.metmuseum.org/CRDImages/an/original/DP-28977-001.jpg,https://images.metmuseum.org/CRDImages/an/web-large/DP-28977-001.jpg,Sphinx,"Rogers Fund, 1964",False,results_harvest_17_departments/met_metadata.csv
814649,Vase (Old World),The American Wing,,American,Porcelain with enameled and gilded decoration,ca. 1886–89,1883,1889,Joseph S. Potter,American,,1822.0,1904.0,https://images.metmuseum.org/CRDImages/ad/original/DP-23385-001.jpg,https://images.metmuseum.org/CRDImages/ad/web-large/DP-23385-001.jpg,,"Purchase, Ronald S. Kane Bequest, in memory of Berry B. Tracy, 2018",False,results_harvest_17_departments/met_metadata.csv
10367,View of the Tunnel of the Harlem Railroad,The American Wing,,American,Gouache on off-white wove paper,ca.1837,1832,1842,Nicolino Calyo,"American, born Italy",,1799.0,1884.0,https://images.metmuseum.org/CRDImages/ad/original/APS2263.jpg,https://images.metmuseum.org/CRDImages/ad/web-large/APS2263.jpg,Railways;Tunnels;Landscapes,"The Edward W. C. Arnold Collection of New York Prints, Maps, and Pictures, Bequest of Edward W. C. Arnold, 1954",False,results_harvest_17_departments/met_metadata.csv
1668,Watercolor,The American Wing,,"American, Shaker",Ink and watercolor on paper,1882,1882,1882,Eugene B. Cunningham,,,,,https://images.metmuseum.org/CRDImages/ad/original/ap66.10.41.jpg,https://images.metmuseum.org/CRDImages/ad/web-large/ap66.10.41.jpg,Birds;Flowers;Leaves,"Friends of the American Wing Fund, 1966",False,results_harvest_17_departments/met_metadata.csv
24318,Sacrificial Knife,Arms and Armor,Knives,"Indian, Bengal (?) or Nepalese","Steel, brass, wood",19th century,1801,1900,,,,,,https://images.metmuseum.org/CRDImages/aa/original/36.25.1286_002AA2016.jpg,https://images.metmuseum.org/CRDImages/aa/web-large/36.25.1286_002AA2016.jpg,Eyes,"Bequest of George C. Stone, 1935",False,results_harvest_17_departments/met_metadata.csv
325665,"Furniture plaque carved in relief with a striding, falcon-headed winged sphinx supported by two kneeling figures",Ancient West Asian Art,,Assyrian,Ivory,ca. 9th–8th century BCE,-900,-700,,,,,,https://images.metmuseum.org/CRDImages/an/original/DP-28976-001.jpg,https://images.metmuseum.org/CRDImages/an/web-large/DP-28976-001.jpg,Sphinx,"Rogers Fund, 1964",False,results_harvest_17_departments/met_metadata.csv
24317,Sacrificial Sword (Kartrī or Churī),Arms and Armor,Knives,"Indian, Bengal (?) or Nepalese","Steel, brass, wood",19th century,1801,1900,,,,,,https://images.metmuseum.org/CRDImages/aa/original/36.25.1285_002AA2016.jpg,https://images.metmuseum.org/CRDImages/aa/web-large/36.25.1285_002AA2016.jpg,Birds;Eyes,"Bequest of George C. Stone, 1935",False,results_harvest_17_departments/met_metadata.csv
325669,Furniture plaque carved in relief with sphinx,Ancient West Asian Art,,Assyrian,Ivory,ca. 9th–8th century BCE,-900,-700,,,,,,https://images.metmuseum.org/CRDImages/an/original/DP110707.jpg,https://images.metmuseum.org/CRDImages/an/web-large/DP110707.jpg,Sphinx,"Rogers Fund, 1964",False,results_harvest_17_departments/met_metadata.csv
678610,Set of Sacrificial Weapons,Arms and Armor,Shafted Weapons,"Indian, Bengal (?) or Nepalese","Steel, wood, brass",19th century,1801,1900,,,,,,https://images.metmuseum.org/CRDImages/aa/original/36.25.1284_018AA2015.jpg,https://images.metmuseum.org/CRDImages/aa/web-large/36.25.1284_018AA2015.jpg,,"Bequest of George C. Stone, 1935",False,results_harvest_17_departments/met_metadata.csv
325670,Furniture plaque carved in relief with a falcon-headed figure,Ancient West Asian Art,,Assyrian,Ivory,ca. 9th–8th century BCE,-900,-700,,,,,,https://images.metmuseum.org/CRDImages/an/original/DP110708.jpg,https://images.metmuseum.org/CRDImages/an/web-large/DP110708.jpg,Horus,"Rogers Fund, 1964",False,results_harvest_17_departments/met_metadata.csv
325562,Furniture element carved in the round with the head of a roaring lion,Ancient West Asian Art,,Assyrian,Ivory,ca. 9th–8th century BCE,-900,-700,,,,,,https://images.metmuseum.org/CRDImages/an/original/DP110686.jpg,https://images.metmuseum.org/CRDImages/an/web-large/DP110686.jpg,Lions,"Rogers Fund, 1962",True,results_harvest_17_departments/met_metadata.csv
327480,Lobed bowl,Ancient West Asian Art,,Sasanian,"Silver-gilt, niello inlay",ca. 6th–7th century CE,500,700,,,,,,https://images.metmuseum.org/CRDImages/an/original/LC_1992_233_Side-20190624.jpg,https://images.metmuseum.org/CRDImages/an/web-large/LC_1992_233_Side-20190624.jpg,Birds,"Anonymous Gift, 1992",False,results_harvest_17_departments/met_metadata.csv
325345,Plaque carved in relief with Egyptianizing creature,Ancient West Asian Art,,Assyrian,Ivory,ca. 8th–7th century BCE,-800,-600,,,,,,https://images.metmuseum.org/CRDImages/an/original/DP-28973-001.jpg,https://images.metmuseum.org/CRDImages/an/web-large/DP-28973-001.jpg,,"Rogers Fund, 1961",False,results_harvest_17_departments/met_metadata.csv
14006,Water-lily textile,The American Wing,,American,"Silk, printed, woven",1883–1900,1883,1900,Associated Artists,American,,1883.0,1907.0,https://images.metmuseum.org/CRDImages/ad/original/DP8056.jpg,https://images.metmuseum.org/CRDImages/ad/web-large/DP8056.jpg,Plants,"Gift of Mrs. Boudinot Keith, 1928",False,results_harvest_17_departments/met_metadata.csv
325867,Cloisonné furniture plaque with a figure holding a sword,Ancient West Asian Art,,Assyrian,Ivory,ca. 9th–8th century BCE,-900,-700,,,,,,https://images.metmuseum.org/CRDImages/an/original/DP115139.jpg,https://images.metmuseum.org/CRDImages/an/web-large/DP115139.jpg,Swords;Men,"Harris Brisbane Dick Fund, 1967",False,results_harvest_17_departments/met_metadata.csv
322358,Drachm,Ancient West Asian Art,,Parthian,Silver,ca. 78–110 CE,78,110,,,,,,https://images.metmuseum.org/CRDImages/an/original/DP-13132-033.jpg,https://images.metmuseum.org/CRDImages/an/web-large/DP-13132-033.jpg,Men;Profiles,"Bequest of Joseph H. Durkee, 1898",False,results_harvest_17_departments/met_metadata.csv
324596,Plaque with tribute bearers,Ancient West Asian Art,,Assyrian,Ivory,ca. 9th–8th century BCE,-900,-700,,,,,,https://images.metmuseum.org/CRDImages/an/original/DP110591.jpg,https://images.metmuseum.org/CRDImages/an/web-large/DP110591.jpg,Men,"Rogers Fund, 1957",False,results_harvest_17_departments/met_metadata.csv
20615,Sampler,The American Wing,,American,Silk embroidery on linen,1807,1807,1807,Julia Ann Fitch,American,Female,1792.0,1818.0,https://images.metmuseum.org/CRDImages/ad/original/DP245089.jpg,https://images.metmuseum.org/CRDImages/ad/web-large/DP245089.jpg,Women,"Purchase, William Cullen Bryant Fellows Gifts, 2010",True,results_harvest_17_departments/met_metadata.csv
14047,Embroidered Sampler,The American Wing,,American or English,Silk embroidery on linen,1810,1810,1810,A. H.,American,,,9999.0,https://images.metmuseum.org/CRDImages/ad/original/16012.jpg,https://images.metmuseum.org/CRDImages/ad/web-large/16012.jpg,,"Rogers Fund, 1913",False,results_harvest_17_departments/met_metadata.csv
322353,Drachm,Ancient West Asian Art,,Parthian,Silver,ca. 70–57 BCE,-70,-57,,,,,,https://images.metmuseum.org/CRDImages/an/original/DP-13132-023.jpg,https://images.metmuseum.org/CRDImages/an/web-large/DP-13132-023.jpg,Men;Profiles,"Bequest of Joseph H. Durkee, 1898",False,results_harvest_17_departments/met_metadata.csv
324382,Plaque,Ancient West Asian Art,,Assyrian,Ivory,ca. 9th–8th century BCE,-900,-700,,,,,,https://images.metmuseum.org/CRDImages/an/original/DP110660.jpg,https://images.metmuseum.org/CRDImages/an/web-large/DP110660.jpg,Deer,"Rogers Fund, 1959",False,results_harvest_17_departments/met_metadata.csv
322621,Relief panel,Ancient West Asian Art,,Assyrian,Gypsum alabaster,ca. 883–859 BCE,-883,-859,,,,,,https://images.metmuseum.org/CRDImages/an/original/DP355694.jpg,https://images.metmuseum.org/CRDImages/an/web-large/DP355694.jpg,,"Gift of John D. Rockefeller Jr., 1932",False,results_harvest_17_departments/met_metadata.csv
322359,Drachm,Ancient West Asian Art,,Parthian,Silver,ca. 78–110 CE,78,110,,,,,,https://images.metmuseum.org/CRDImages/an/original/DP-13132-035.jpg,https://images.metmuseum.org/CRDImages/an/web-large/DP-13132-035.jpg,Profiles,"Bequest of Joseph H. Durkee, 1898",False,results_harvest_17_departments/met_metadata.csv
325565,Cloisonné furniture plaque with two sphinxes flanking a cartouche,Ancient West Asian Art,,Assyrian,Ivory,ca. 9th–8th century BCE,-900,-700,,,,,,https://images.metmuseum.org/CRDImages/an/original/DP-38943-001.jpg,https://images.metmuseum.org/CRDImages/an/web-large/DP-38943-001.jpg,Sphinx,"Rogers Fund, 1962",False,results_harvest_17_departments/met_metadata.csv
327832,Panel fragment with the god Shiva/Oesho,Ancient West Asian Art,,Kushan,"Terracotta, gouache",ca. 3rd century CE,200,300,,,,,,https://images.metmuseum.org/CRDImages/an/original/DT917.jpg,https://images.metmuseum.org/CRDImages/an/web-large/DT917.jpg,Deities,"Gift of Isao Kurita, 2000",False,results_harvest_17_departments/met_metadata.csv
322351,Silver drachm,Ancient West Asian Art,,Parthian,Silver,ca. 121–91 BCE,-126,-116,,,,,,https://images.metmuseum.org/CRDImages/an/original/DP-1114-001.jpg,https://images.metmuseum.org/CRDImages/an/web-large/DP-1114-001.jpg,Kings;Men,"Bequest of Joseph H. Durkee, 1898",False,results_harvest_17_departments/met_metadata.csv
325868,"Furniture plaque carved in relief with a winged, falcon-headed sphinx",Ancient West Asian Art,,Assyrian,Ivory,ca. 9th–8th century BCE,-900,-700,,,,,,https://images.metmuseum.org/CRDImages/an/original/DP-38964-001.jpg,https://images.metmuseum.org/CRDImages/an/web-large/DP-38964-001.jpg,Falcons;Sphinx,"Harris Brisbane Dick Fund, 1967",False,results_harvest_17_departments/met_metadata.csv
310599,Fish hacha,The Michael C. Rockefeller Wing,Stone-Sculpture,Classic Veracruz,"Stone, shell, traces of plaster, pigment",600–900 CE,600,900,Classic Veracruz artist(s),,,,,https://images.metmuseum.org/CRDImages/ao/original/DP104813.jpg,https://images.metmuseum.org/CRDImages/ao/web-large/DP104813.jpg,Fish,"The Michael C. Rockefeller Memorial Collection, Purchase, Nelson A. Rockefeller Gift, 1966",False,results_harvest_17_departments/met_metadata.csv
308458,Spout-and-bridge bottle with fox,The Michael C. Rockefeller Wing,Ceramics-Containers,Topará,"Ceramic, slip",200 BCE–100 CE,-200,100,Topará artist(s),,,,,https://images.metmuseum.org/CRDImages/ao/original/DP234685.jpg,https://images.metmuseum.org/CRDImages/ao/web-large/DP234685.jpg,Foxes,"Gift of Nathan Cummings, 1963",False,results_harvest_17_departments/met_metadata.csv
662967,Vessel with mythological scene,The Michael C. Rockefeller Wing,Ceramics-Vessels,Maya,Ceramic,600–800 CE,600,800,Maya artist(s),,,,,https://images.metmuseum.org/CRDImages/ao/original/DP348021.jpg,https://images.metmuseum.org/CRDImages/ao/web-large/DP348021.jpg,,"Gift of Justin Kerr, in memory of Barbara Kerr, 2014",False,results_harvest_17_departments/met_metadata.csv
312928,Neckless jar with complex scene,The Michael C. Rockefeller Wing,Ceramics-Containers,Paracas,"Ceramic, post-fire paint",350 BCE–60 CE,-350,60,Paracas artist(s),,,,,https://images.metmuseum.org/CRDImages/ao/original/DP-24348-001.jpg,https://images.metmuseum.org/CRDImages/ao/web-large/DP-24348-001.jpg,,"The Michael C. Rockefeller Memorial Collection, Bequest of Nelson A. Rockefeller, 1979",False,results_harvest_17_departments/met_metadata.csv
701288,Yäʿğğ mäsqäl (hand cross),The Michael C. Rockefeller Wing,Wood-Sculpture,Tigray region,"Wood, metal",18th century,1700,1800,Northern Highlands artist,,,,,https://images.metmuseum.org/CRDImages/ao/original/DP-30698-001.jpg,https://images.metmuseum.org/CRDImages/ao/web-large/DP-30698-001.jpg,,"Purchase, Mariana and Ray Herrmann and The Ruddock Foundation for the Arts Gifts, 2016",False,results_harvest_17_departments/met_metadata.csv
308532,Tuber-inspired stirrup-spout bottle,The Michael C. Rockefeller Wing,Ceramics-Containers,Moche,"Ceramic, slip",500–800 CE,500,800,Moche artist(s),,,,,https://images.metmuseum.org/CRDImages/ao/original/DP-24360-001.jpg,https://images.metmuseum.org/CRDImages/ao/web-large/DP-24360-001.jpg,,"Gift of Mr. and Mrs. Nathan Cummings, 1964",False,results_harvest_17_departments/met_metadata.csv
313256,Mirror-bearer,The Michael C. Rockefeller Wing,Wood-Sculpture,Maya,"Cordia wood (bocote), red hematite",410–650 CE,410,650,Maya artist(s),,,,,https://images.metmuseum.org/CRDImages/ao/original/DP-24340-001.jpg,https://images.metmuseum.org/CRDImages/ao/web-large/DP-24340-001.jpg,Men,"The Michael C. Rockefeller Memorial Collection, Bequest of Nelson A. Rockefeller, 1979",True,results_harvest_17_departments/met_metadata.csv
310568,Bottle with deity,The Michael C. Rockefeller Wing,Ceramics-Containers,Wari,"Ceramic, slip",650–1000 CE,650,1000,Wari artist(s),,,,,https://images.metmuseum.org/CRDImages/ao/original/DP-24255-001.jpg,https://images.metmuseum.org/CRDImages/ao/web-large/DP-24255-001.jpg,,"The Michael C. Rockefeller Memorial Collection, Purchase, Nelson A. Rockefeller Gift and Mrs. Carroll L. Cartwright Gifts, 1964",False,results_harvest_17_departments/met_metadata.csv
318345,Censer with seated king,The Michael C. Rockefeller Wing,Ceramics-Containers,Maya,"Ceramic, slip",300–400 CE,300,400,Maya artist(s),,,,,https://images.metmuseum.org/CRDImages/ao/original/DT4512.jpg,https://images.metmuseum.org/CRDImages/ao/web-large/DT4512.jpg,Kings,"Gift of Charles and Valerie Diker, 1999",True,results_harvest_17_departments/met_metadata.csv
313267,Kero (beaker),The Michael C. Rockefeller Wing,Wood-Containers,Inca,Wood,1400–1535 CE,1400,1535,Inca artist(s),,,,,https://images.metmuseum.org/CRDImages/ao/original/1979.206.1074.jpg,https://images.metmuseum.org/CRDImages/ao/web-large/1979.206.1074.jpg,,"The Michael C. Rockefeller Memorial Collection, Bequest of Nelson A. Rockefeller, 1979",False,results_harvest_17_departments/met_metadata.csv
310221,Gourd-shaped bottle,The Michael C. Rockefeller Wing,Ceramics-Containers,Topará,"Ceramic, slip",200 BCE–100 CE,-200,100,Topará artist(s),,,,,https://images.metmuseum.org/CRDImages/ao/original/DP-23890-002.jpg,https://images.metmuseum.org/CRDImages/ao/web-large/DP-23890-002.jpg,,"Gift of Nathan Cummings, 1976",False,results_harvest_17_departments/met_metadata.csv
316846,Kero (beaker),The Michael C. Rockefeller Wing,Wood-Containers,Quechua,"Wood, tin, pigment, resin",Early 17th century,1600,1650,Peruvian artist(s),,,,,https://images.metmuseum.org/CRDImages/ao/original/DP-24246-001.jpg,https://images.metmuseum.org/CRDImages/ao/web-large/DP-24246-001.jpg,,"Bequest of Arthur M. Bullowa, 1993",False,results_harvest_17_departments/met_metadata.csv
757089,Door board (jovo),The Michael C. Rockefeller Wing,Wood-Architectural,Kanak people,"Wood, pigment",19th century,1800,1900,,,,,,https://images.metmuseum.org/CRDImages/ao/original/DP-21002-001.jpg,https://images.metmuseum.org/CRDImages/ao/web-large/DP-21002-001.jpg,,"Bequest of Lynda Cunningham, 2016",False,results_harvest_17_departments/met_metadata.csv
757056,Door board (jovo),The Michael C. Rockefeller Wing,Wood-Architectural,Kanak people,"Wood, pigment",19th century,1800,1900,,,,,,https://images.metmuseum.org/CRDImages/ao/original/DP-21001-001.jpg,https://images.metmuseum.org/CRDImages/ao/web-large/DP-21001-001.jpg,,"Bequest of Lynda Cunningham, 2016",False,results_harvest_17_departments/met_metadata.csv
308565,Stirrup-spout bottle with mountain sacrifice scene,The Michael C. Rockefeller Wing,Ceramics-Containers,Moche,"Ceramic, slip",500–800 CE,500,800,Moche artist,,,,,https://images.metmuseum.org/CRDImages/ao/original/DP-25548-001.jpg,https://images.metmuseum.org/CRDImages/ao/web-large/DP-25548-001.jpg,Animals;Men,"Gift of Mr. and Mrs. Nathan Cummings, 1964",False,results_harvest_17_departments/met_metadata.csv
316847,Kero (beaker),The Michael C. Rockefeller Wing,Wood-Containers,Quechua,"Wood, tin, pigment, resin",Early 17th century,1600,1700,Peruvian artist(s),,,,,https://images.metmuseum.org/CRDImages/ao/original/1994.35.19_a.JPG,https://images.metmuseum.org/CRDImages/ao/web-large/1994.35.19_a.JPG,,"Bequest of Arthur M. Bullowa, 1993",False,results_harvest_17_departments/met_metadata.csv
310542,Whistling vessel,The Michael C. Rockefeller Wing,Ceramics-Containers,Maya,Ceramic,400–500 CE,400,500,Maya artist(s),,,,,https://images.metmuseum.org/CRDImages/ao/original/DP-23468-001.jpg,https://images.metmuseum.org/CRDImages/ao/web-large/DP-23468-001.jpg,Birds;Men;Mythical Creatures,"The Michael C. Rockefeller Memorial Collection, Gift of Nelson A. Rockefeller, 1963",True,results_harvest_17_departments/met_metadata.csv
316274,Plate with trumpeter,The Michael C. Rockefeller Wing,Ceramics-Containers,Maya,"Ceramic, slip",700–800 CE,700,800,Maya artist(s),,,,,https://images.metmuseum.org/CRDImages/ao/original/DP-24261-001.jpg,https://images.metmuseum.org/CRDImages/ao/web-large/DP-24261-001.jpg,Men;Trumpets;Musicians,"Gift of Eugene and Ina Schnell, 1989",False,results_harvest_17_departments/met_metadata.csv
314217,Vessel with mythological scene,The Michael C. Rockefeller Wing,Ceramics-Containers,Maya,"Ceramic, slip",600–800 CE,600,800,Metropolitan Painter,,,600.0,800.0,https://images.metmuseum.org/CRDImages/ao/original/DP-571-001.jpg,https://images.metmuseum.org/CRDImages/ao/web-large/DP-571-001.jpg,,"Purchase, The Michael C. Rockefeller Memorial Collection, Bequest of Nelson A. Rockefeller and Gifts of Nelson A. Rockefeller, Nathan Cummings, S.L.M. Barlow, Meredith Howland, and Captain Henry Erben, by exchange; and funds from various donors, 1980",False,results_harvest_17_departments/met_metadata.csv
313289,Hand with beaker,The Michael C. Rockefeller Wing,Ceramics-Containers,Inca,"Ceramic, slip",1400–1535 CE,1400,1535,Inca artist(s),,,,,https://images.metmuseum.org/CRDImages/ao/original/DP-33254-001.jpg,https://images.metmuseum.org/CRDImages/ao/web-large/DP-33254-001.jpg,Hands,"The Michael C. Rockefeller Memorial Collection, Bequest of Nelson A. Rockefeller, 1979",False,results_harvest_17_departments/met_metadata.csv
318662,Vessel with throne scene,The Michael C. Rockefeller Wing,Ceramics-Containers,Maya,"Ceramic, slip",600–900 CE,600,900,Chamá artist(s),,,,,https://images.metmuseum.org/CRDImages/ao/original/DT4514.jpg,https://images.metmuseum.org/CRDImages/ao/web-large/DT4514.jpg,Men;Thrones,"Gift of Charles and Valerie Diker, 1999",False,results_harvest_17_departments/met_metadata.csv
313240,Relief with enthroned ruler,The Michael C. Rockefeller Wing,Stone-Sculpture,Maya,"Limestone, paint",770 CE,770,775,Chakalte',Guatemalan or Mexican,,740.0,825.0,https://images.metmuseum.org/CRDImages/ao/original/DP104826.jpg,https://images.metmuseum.org/CRDImages/ao/web-large/DP104826.jpg,Kings;Men;Thrones,"The Michael C. Rockefeller Memorial Collection, Bequest of Nelson A. Rockefeller, 1979",True,results_harvest_17_departments/met_metadata.csv
310227,Double-chambered bottle with monkeys,The Michael C. Rockefeller Wing,Ceramics-Containers,Topará,Ceramic,200 BCE–100 CE,-200,100,Topará artist(s),,,,,https://images.metmuseum.org/CRDImages/ao/original/DP-23891-001.jpg,https://images.metmuseum.org/CRDImages/ao/web-large/DP-23891-001.jpg,Monkeys,"Gift of Nathan Cummings, 1976",False,results_harvest_17_departments/met_metadata.csv
313398,Nose ornament in the shape of a head,The Michael C. Rockefeller Wing,Metal-Ornaments,Moche,"Gold (partially silvered), silver",500-800 CE,500,800,,,,,,https://images.metmuseum.org/CRDImages/ao/original/DP-16100-001.jpg,https://images.metmuseum.org/CRDImages/ao/web-large/DP-16100-001.jpg,Heads,"The Michael C. Rockefeller Memorial Collection, Bequest of Nelson A. Rockefeller, 1979",False,results_harvest_17_departments/met_metadata.csv
733038,Arganonä Maryam (The Organ of Mary) prayer book,The Michael C. Rockefeller Wing,Hide-Documents,,"Parchment, pigment ink, wood, leather, fiber",late 17th century,1650,1700,"Baselyos, also known as ""The Ground Hornbill Master""",Ethiopian,,1650.0,1700.0,https://images.metmuseum.org/CRDImages/ao/original/DP167981.jpg,https://images.metmuseum.org/CRDImages/ao/web-large/DP167981.jpg,,"Louis V. Bell Fund, 2006",False,results_harvest_17_departments/met_metadata.csv
318674,Altar to the Sun Warrior,The Michael C. Rockefeller Wing,Stone Sculpture,Nahua,Stone,1450-1521 CE,1450,1521,Mexico Nahua artist(s),,,,,https://images.metmuseum.org/CRDImages/ao/original/DP-39200-001.jpg,https://images.metmuseum.org/CRDImages/ao/web-large/DP-39200-001.jpg,Animals;Birds,"Museum Purchase, 1900",False,results_harvest_17_departments/met_metadata.csv
316780,Pedestal Plate,The Michael C. Rockefeller Wing,Ceramics-Containers,Conte or Coclé (Macaracas),Ceramic,5th–8th century,400,800,,,,,,https://images.metmuseum.org/CRDImages/ao/original/DP102306.jpg,https://images.metmuseum.org/CRDImages/ao/web-large/DP102306.jpg,Mythical Creatures,"Gift of Carol R. Meyer, 1993",False,results_harvest_17_departments/met_metadata.csv
718242,Plate with the god Chahk,The Michael C. Rockefeller Wing,Calligraphy,Maya,"Ceramic, slip",600-800 CE,600,800,Maya artist(s),,,,,https://images.metmuseum.org/CRDImages/ao/original/DP-23101-003.jpg,https://images.metmuseum.org/CRDImages/ao/web-large/DP-23101-003.jpg,,"Gift of the Mol Collection, 2021",False,results_harvest_17_departments/met_metadata.csv
313262,Deity figure,The Michael C. Rockefeller Wing,Stone-Sculpture,Maya,Pyroxene jadeite,200–600 CE,200,600,Maya artist(s),,,,,https://images.metmuseum.org/CRDImages/ao/original/DP-23472-001.jpg,https://images.metmuseum.org/CRDImages/ao/web-large/DP-23472-001.jpg,,"The Michael C. Rockefeller Memorial Collection, Bequest of Nelson A. Rockefeller, 1979",False,results_harvest_17_departments/met_metadata.csv
316779,Pedestal Plate,The Michael C. Rockefeller Wing,Ceramics-Containers,Conte or Coclé (Macaracas),Ceramic,5th–8th century,400,800,,,,,,https://images.metmuseum.org/CRDImages/ao/original/DP102306.jpg,https://images.metmuseum.org/CRDImages/ao/web-large/DP102306.jpg,Mythical Creatures,"Gift of Carol R. Meyer, 1993",False,results_harvest_17_departments/met_metadata.csv
309713,Yoke-form vessel,The Michael C. Rockefeller Wing,Ceramics-Containers,Maya,"Ceramic, red pigment (possibly cinnabar)",350–450 CE,350,450,Maya artist(s),,,,,https://images.metmuseum.org/CRDImages/ao/original/DT11169.jpg,https://images.metmuseum.org/CRDImages/ao/web-large/DT11169.jpg,Faces;Men,"Purchase, Mrs. Charles S. Payson Gift, 1970",False,results_harvest_17_departments/met_metadata.csv
307598,Eagle relief,The Michael C. Rockefeller Wing,Stone-Sculpture,Toltec,"Andesite or dacite, Maya blue, stucco, red pigment",900–1200 CE,900,1200,Toltec artist(s),,,,,https://images.metmuseum.org/CRDImages/ao/original/DP-17616-001.jpg,https://images.metmuseum.org/CRDImages/ao/web-large/DP-17616-001.jpg,Eagles,"Gift of Frederic E. Church, 1893",False,results_harvest_17_departments/met_metadata.csv
310513,Ornament,The Michael C. Rockefeller Wing,Stone-Ornaments,Maya,Jade,400–900 CE,400,900,Maya artist(s),,,,,https://images.metmuseum.org/CRDImages/ao/original/DP-25387-001.jpg,https://images.metmuseum.org/CRDImages/ao/web-large/DP-25387-001.jpg,,"The Michael C. Rockefeller Memorial Collection, Gift of Mr. and Mrs. Julius Carlebach, 1960",False,results_harvest_17_departments/met_metadata.csv
317760,Pair of carved ornaments with the Maize God,The Michael C. Rockefeller Wing,Shell-Ornaments,Maya,Shell,400–700 CE,400,700,Maya artist(s),,,,,https://images.metmuseum.org/CRDImages/ao/original/DP-24306-003.jpg,https://images.metmuseum.org/CRDImages/ao/web-large/DP-24306-003.jpg,,"Purchase, Arthur M. Bullowa Bequest, 1995",False,results_harvest_17_departments/met_metadata.csv
310607,"Vessel, Seated Deities",The Michael C. Rockefeller Wing,Ceramics-Containers,Maya,Ceramic,6th–7th century,500,700,,,,,,https://images.metmuseum.org/CRDImages/ao/original/DP-13003-005.jpg,https://images.metmuseum.org/CRDImages/ao/web-large/DP-13003-005.jpg,Mythical Creatures;Deities,"The Michael C. Rockefeller Memorial Collection, Purchase, Mrs. Gertrud A. Mellon Gift, 1967",False,results_harvest_17_departments/met_metadata.csv
317830,Hand Cross (mäsqäl),The Michael C. Rockefeller Wing,Wood-Sculpture,Amhara or Tigrinya peoples,Wood,18th century,1700,1799,,,,,,https://images.metmuseum.org/CRDImages/ao/original/DP-30681-001.jpg,https://images.metmuseum.org/CRDImages/ao/web-large/DP-30681-001.jpg,,"Purchase, Mr. and Mrs. Milton F. Rosenthal Gift and funds from various donors, 1997",False,results_harvest_17_departments/met_metadata.csv
316709,Nose ornament,The Michael C. Rockefeller Wing,Metal-Ornaments,Vicús,Gold,100 BCE–500 CE,-100,500,Vicús artist(s),,,,,https://images.metmuseum.org/CRDImages/ao/original/DP-25727-001.jpg,https://images.metmuseum.org/CRDImages/ao/web-large/DP-25727-001.jpg,,"Jan Mitchell and Sons Collection, Gift of Jan Mitchell, 1991",False,results_harvest_17_departments/met_metadata.csv
313325,Ceremonial Handle (?),The Michael C. Rockefeller Wing,Stone-Sculpture,Maya,Jade (jadeite/omphacite),7th–9th century,600,900,,,,,,https://images.metmuseum.org/CRDImages/ao/original/DP102172corrected.jpg,https://images.metmuseum.org/CRDImages/ao/web-large/DP102172corrected.jpg,Serpents,"The Michael C. Rockefeller Memorial Collection, Bequest of Nelson A. Rockefeller, 1979",False,results_harvest_17_departments/met_metadata.csv
312599,Pedestal Bowl,The Michael C. Rockefeller Wing,Ceramics-Containers,Guanacaste-Nicoya,Ceramic,13th–16th century,1200,1500,,,,,,https://images.metmuseum.org/CRDImages/ao/original/DP102175.jpg,https://images.metmuseum.org/CRDImages/ao/web-large/DP102175.jpg,,"The Michael C. Rockefeller Memorial Collection, Bequest of Nelson A. Rockefeller, 1979",False,results_harvest_17_departments/met_metadata.csv
307602,Prayer book with case (mahdar),The Michael C. Rockefeller Wing,Hide-Documents,,"Parchment (vellum), pigment (red, blue, ochre, and black), leather, wood, string",19th century,1800,1897,Wäldä Maryam,African,,,,https://images.metmuseum.org/CRDImages/ao/original/book3.jpg,https://images.metmuseum.org/CRDImages/ao/web-large/book3.jpg,,"Purchase, 1895",False,results_harvest_17_departments/met_metadata.csv
315884,Lidded Vessel,The Michael C. Rockefeller Wing,Ceramics-Containers,Maya,"Ceramic, slip, pigment",3rd–4th century,200,400,,,,,,https://images.metmuseum.org/CRDImages/ao/original/1987.450.2ab1.JPG,https://images.metmuseum.org/CRDImages/ao/web-large/1987.450.2ab1.JPG,,"Gift of Mr. and Mrs. Morris A. Long, 1987",False,results_harvest_17_departments/met_metadata.csv
309529,"Pendant Icon: St. George, Virgin and Child Enthroned",The Michael C. Rockefeller Wing,Wood-Paintings,Ethiopian,"Wood, pigment, metal hinge",18th century,1700,1800,,,,,,https://images.metmuseum.org/CRDImages/ao/original/68.128_a.JPG,https://images.metmuseum.org/CRDImages/ao/web-large/68.128_a.JPG,Spears;Horses;Madonna and Child;Saint George,"Gift of Mrs. DeWitt Wallace, 1968",False,results_harvest_17_departments/met_metadata.csv
312581,House model,The Michael C. Rockefeller Wing,Ceramics-Sculpture,Nayarit,"Ceramic, slip",200 BCE–300 CE,-200,300,Nayarit artist(s),,,,,https://images.metmuseum.org/CRDImages/ao/original/DP-23907-001.jpg,https://images.metmuseum.org/CRDImages/ao/web-large/DP-23907-001.jpg,Houses;Dogs,"The Michael C. Rockefeller Memorial Collection, Bequest of Nelson A. Rockefeller, 1979",False,results_harvest_17_departments/met_metadata.csv
319633,Cylindrical Vessel,The Michael C. Rockefeller Wing,Ceramics-Containers,Maya,Ceramic,6th–9th century,475,925,,,,,,https://images.metmuseum.org/CRDImages/ao/original/DP-13003-003.jpg,https://images.metmuseum.org/CRDImages/ao/web-large/DP-13003-003.jpg,,"Anonymous Gift, 2005",False,results_harvest_17_departments/met_metadata.csv
312643,Yoke,The Michael C. Rockefeller Wing,Stone-Sculpture,Veracruz,Serpentine,600-900 CE,600,900,,,,,,https://images.metmuseum.org/CRDImages/ao/original/DP-23864-001.jpg,https://images.metmuseum.org/CRDImages/ao/web-large/DP-23864-001.jpg,,"The Michael C. Rockefeller Memorial Collection, Bequest of Nelson A. Rockefeller, 1979",False,results_harvest_17_departments/met_metadata.csv
309958,Bead,The Michael C. Rockefeller Wing,Metal-Ornaments,Moche,Gold,3rd–6th century,200,600,Moche artist(s),,,,,https://images.metmuseum.org/CRDImages/ao/original/DP-41709-001.jpg,https://images.metmuseum.org/CRDImages/ao/web-large/DP-41709-001.jpg,,"Gift and Bequest of Alice K. Bache, 1974, 1977",False,results_harvest_17_departments/met_metadata.csv
314523,Cylindrical Vessel,The Michael C. Rockefeller Wing,Ceramics-Containers,Maya,"Ceramic, slip",1st century BCE–1st century CE,-100,100,,,,,,https://images.metmuseum.org/CRDImages/ao/original/DP101926.jpg,https://images.metmuseum.org/CRDImages/ao/web-large/DP101926.jpg,,"Gift of Arthur M. Bullowa, 1982",False,results_harvest_17_departments/met_metadata.csv
316304,Tripod Plate,The Michael C. Rockefeller Wing,Ceramics-Containers,Maya,Ceramic,9th–10th century,800,1000,,,,,,https://images.metmuseum.org/CRDImages/ao/original/DP219258.jpg,https://images.metmuseum.org/CRDImages/ao/web-large/DP219258.jpg,,"Gift of Arthur M. Bullowa, 1989",False,results_harvest_17_departments/met_metadata.csv
314522,Tetrapod Jar,The Michael C. Rockefeller Wing,Ceramics-Containers,Maya,Ceramic,200 BCE–1 CE,-200,1,,,,,,https://images.metmuseum.org/CRDImages/ao/original/DP23127.jpg,https://images.metmuseum.org/CRDImages/ao/web-large/DP23127.jpg,,"Gift of Arthur M. Bullowa, 1982",False,results_harvest_17_departments/met_metadata.csv
314827,Tripod Bird Bowl,The Michael C. Rockefeller Wing,Ceramics-Containers,Maya,Ceramic,3rd–4th century,200,400,,,,,,https://images.metmuseum.org/CRDImages/ao/original/DT4867.jpg,https://images.metmuseum.org/CRDImages/ao/web-large/DT4867.jpg,Birds,"Gift of Carolyn C. and Dan C. Williams, 1984",False,results_harvest_17_departments/met_metadata.csv
316711,Vessel with Seated Lord,The Michael C. Rockefeller Wing,Ceramics-Containers,Maya,"Ceramic, stucco",7th–8th century,600,800,,,,,,https://images.metmuseum.org/CRDImages/ao/original/DP-24262-001.jpg,https://images.metmuseum.org/CRDImages/ao/web-large/DP-24262-001.jpg,,"Purchase, Joseph Pulitzer Bequest, 1992",False,results_harvest_17_departments/met_metadata.csv
314518,Tetrapod Bowl,The Michael C. Rockefeller Wing,Ceramics-Containers,Maya,Ceramic,1st–4th century,1,400,,,,,,https://images.metmuseum.org/CRDImages/ao/original/DP-13003-001.jpg,https://images.metmuseum.org/CRDImages/ao/web-large/DP-13003-001.jpg,,"Gift of Arthur M. Bullowa, 1982",False,results_harvest_17_departments/met_metadata.csv
314524,Cylindrical Vessel,The Michael C. Rockefeller Wing,Ceramics-Containers,Maya,Ceramic,1st–2nd century,100,200,,,,,,https://images.metmuseum.org/CRDImages/ao/original/h1_1982.207.7.jpg,https://images.metmuseum.org/CRDImages/ao/web-large/h1_1982.207.7.jpg,,"Gift of Arthur M. Bullowa, 1982",False,results_harvest_17_departments/met_metadata.csv
316813,"Jar, Ritual Scenes",The Michael C. Rockefeller Wing,Ceramics-Containers,Maya,"Ceramic, slip, pigment",8th–9th century,700,900,,,,,,https://images.metmuseum.org/CRDImages/ao/original/1993.441_a.JPG,https://images.metmuseum.org/CRDImages/ao/web-large/1993.441_a.JPG,Infants;Men;Women,"Gift of Mr. and Mrs. Charles Diker, 1993",False,results_harvest_17_departments/met_metadata.csv
320804,Hanging (?) Fragment,The Michael C. Rockefeller Wing,Textiles-Woven,Peruvian,"Camelid hair, cotton",late 16th–17th century,1500,1700,,,,,,https://images.metmuseum.org/CRDImages/ao/original/TR.489.2010_a.jpg,https://images.metmuseum.org/CRDImages/ao/web-large/TR.489.2010_a.jpg,,"Gift of Gloria Granz Gonick, 2011",False,results_harvest_17_departments/met_metadata.csv
310480,Head of a Rain God,The Michael C. Rockefeller Wing,Stone-Sculpture,Maya,Fossiliferous limestone,10th–11th century,900,1100,,,,,,https://images.metmuseum.org/CRDImages/ao/original/DP-23862-001.jpg,https://images.metmuseum.org/CRDImages/ao/web-large/DP-23862-001.jpg,,"The Michael C. Rockefeller Memorial Collection, Gift of Nelson A. Rockefeller, 1963",False,results_harvest_17_departments/met_metadata.csv
319873,Deity face pendant,The Michael C. Rockefeller Wing,Stone-Ornaments,Maya,"Jadeite or omphacite, iron ochre",7th–9th century,0,0,,,,,,https://images.metmuseum.org/CRDImages/ao/original/DP148420.jpg,https://images.metmuseum.org/CRDImages/ao/web-large/DP148420.jpg,,"Purchase, Jan and Marica Vilcek Gift, 2007",False,results_harvest_17_departments/met_metadata.csv
310498,Standing figure,The Michael C. Rockefeller Wing,Stone-Sculpture,Mezcala,Greenstone,300 BCE–300 CE,-300,300,Mezcala artist(s),,,,,https://images.metmuseum.org/CRDImages/ao/original/DP-25391-001.jpg,https://images.metmuseum.org/CRDImages/ao/web-large/DP-25391-001.jpg,,"The Michael C. Rockefeller Memorial Collection, Gift of Luis de Hoyos, 1959",False,results_harvest_17_departments/met_metadata.csv
126673,Pin (ttipqui),The Michael C. Rockefeller Wing,Metal-Ornaments,Peruvian,"Silver, glass",19th century,1800,1899,Peruvian artist(s),,,,,https://images.metmuseum.org/CRDImages/ao/original/DP-27227-001.jpg,https://images.metmuseum.org/CRDImages/ao/web-large/DP-27227-001.jpg,,"Gift of Mr. Hilary Knight, in memory of Mrs. Katharine Sturges Knight, 1982",False,results_harvest_17_departments/met_metadata.csv
312694,Ear Spool,The Michael C. Rockefeller Wing,Metal-Ornaments,Greater Coclé,Gold,450–1000 CE,450,1000,,,,,,https://images.metmuseum.org/CRDImages/ao/original/DP-43940-006.jpg,https://images.metmuseum.org/CRDImages/ao/web-large/DP-43940-006.jpg,,"The Michael C. Rockefeller Memorial Collection, Bequest of Nelson A. Rockefeller, 1979",False,results_harvest_17_departments/met_metadata.csv
312923,Bird Pendant,The Michael C. Rockefeller Wing,Metal-Ornaments,Early Quimbaya,Gold alloy,300 BCE–700 CE,-300,700,,,,,,https://images.metmuseum.org/CRDImages/ao/original/1979.206.736_a.jpg,https://images.metmuseum.org/CRDImages/ao/web-large/1979.206.736_a.jpg,Birds,"The Michael C. Rockefeller Memorial Collection, Bequest of Nelson A. Rockefeller, 1979",False,results_harvest_17_departments/met_metadata.csv
316796,Receptacle with Figurative Relief and Stopper,The Michael C. Rockefeller Wing,Bone/Ivory-Sculpture,Kongo peoples; Vili group,Ivory,1880–1890,1880,1890,,,,,,https://images.metmuseum.org/CRDImages/ao/original/DP208760.jpg,https://images.metmuseum.org/CRDImages/ao/web-large/DP208760.jpg,Men,"Gift of Marcia and Irwin Hersey, 1993",False,results_harvest_17_departments/met_metadata.csv
317619,Turkey Vessel,The Michael C. Rockefeller Wing,Ceramics-Containers,Veracruz,"Ceramic, slip, pigment",7th–10th century,600,1000,,,,,,https://images.metmuseum.org/CRDImages/ao/original/hz1998_71.jpg,https://images.metmuseum.org/CRDImages/ao/web-large/hz1998_71.jpg,Turkeys,"Rogers Fund, 1998",False,results_harvest_17_departments/met_metadata.csv
309952,Animal pendant,The Michael C. Rockefeller Wing,Metal-Ornaments,Central American Isthmus,Gold,1–1000 CE,1,1000,,,,,,https://images.metmuseum.org/CRDImages/ao/original/DP-43941-001.jpg,https://images.metmuseum.org/CRDImages/ao/web-large/DP-43941-001.jpg,Animals,"Gift and Bequest of Alice K. Bache, 1974, 1977",False,results_harvest_17_departments/met_metadata.csv
310467,Modified celt-pendant with incised motifs,The Michael C. Rockefeller Wing,Stone-Implements,Olmec,Jadeite,900–600 BCE,-900,-600,Olmec artist(s),,,,,https://images.metmuseum.org/CRDImages/ao/original/DP-23470-001.jpg,https://images.metmuseum.org/CRDImages/ao/web-large/DP-23470-001.jpg,,"The Michael C. Rockefeller Memorial Collection, Gift of Nelson A. Rockefeller, 1963",False,results_harvest_17_departments/met_metadata.csv
315668,Tupu (pin),The Michael C. Rockefeller Wing,Metal-Ornaments,Inca,Copper or alloy of copper,1400–1533 CE,1400,1533,,,,,,https://images.metmuseum.org/CRDImages/ao/original/DP-13440-020.jpg,https://images.metmuseum.org/CRDImages/ao/web-large/DP-13440-020.jpg,,"Bequest of Jane Costello Goldberg, from the Collection of Arnold I. Goldberg, 1986",False,results_harvest_17_departments/met_metadata.csv
320054,Miniature tabard,The Michael C. Rockefeller Wing,Textiles-Woven,Inca and Spanish,"Cotton, camelid hair, silk, metal",1600–1700,1600,1700,,,,,,https://images.metmuseum.org/CRDImages/ao/original/DP107700.jpg,https://images.metmuseum.org/CRDImages/ao/web-large/DP107700.jpg,,"Gift of Penny Righthand, in memory of Richard I. Levine, 2007",False,results_harvest_17_departments/met_metadata.csv
316963,Four-Cornered Hat,The Michael C. Rockefeller Wing,Textiles-Costumes,Wari,Camelid hair,7th–9th century,600,900,,,,,,https://images.metmuseum.org/CRDImages/ao/original/DP-29610-001.jpg,https://images.metmuseum.org/CRDImages/ao/web-large/DP-29610-001.jpg,Birds,"Bequest of Arthur M. Bullowa, 1993",False,results_harvest_17_departments/met_metadata.csv
929079,Orchids and Rocks,Asian Art,Paintings,Korea,Hanging scroll; ink on silk,1888,1888,1888,Yi Ha-eung,Korean,,1820.0,1899.0,https://images.metmuseum.org/CRDImages/as/original/DP-44394-002.jpg,https://images.metmuseum.org/CRDImages/as/web-large/DP-44394-002.jpg,,"Mary and Cheney Cowles Collection, Gift of Mary and Cheney Cowles, 2025",False,results_harvest_17_departments/met_metadata.csv
49068,Bamboo in Snow,Asian Art,Paintings,Japan,Pair of hanging scrolls; ink on silk,1774,1771,1774,Dapeng Zhengkun (Taihō Shōkon),Chinese,,1691.0,1774.0,https://images.metmuseum.org/CRDImages/as/original/DP276881.jpg,https://images.metmuseum.org/CRDImages/as/web-large/DP276881.jpg,Bamboo,"The Harry G. C. Packard Collection of Asian Art, Gift of Harry G. C. Packard, and Purchase, Fletcher, Rogers, Harris Brisbane Dick, and Louis V. Bell Funds, Joseph Pulitzer Bequest, and The Annenberg Fund Inc. Gift, 1975",False,results_harvest_17_departments/met_metadata.csv
49179,Landscapes,Asian Art,Paintings,China,Album of eight leaves; ink and color on paper,ca. 1690,1680,1709,Shitao (Zhu Ruoji),Chinese,,1642.0,1707.0,https://images.metmuseum.org/CRDImages/as/original/DP162807.jpg,https://images.metmuseum.org/CRDImages/as/web-large/DP162807.jpg,Landscapes;Boats,"Bequest of John M. Crawford Jr., 1988",False,results_harvest_17_departments/met_metadata.csv
53660,Ten Verses on Oxherding,Asian Art,Paintings,Japan,Handscroll; ink and color on paper,1278,1185,1350,,,,,,https://images.metmuseum.org/CRDImages/as/original/2015_300_10_Burke_website.jpg,https://images.metmuseum.org/CRDImages/as/web-large/2015_300_10_Burke_website.jpg,Men;Ox;Parables,"Mary Griggs Burke Collection, Gift of the Mary and Jackson Burke Foundation, 2015",False,results_harvest_17_departments/met_metadata.csv
39901,Night-Shining White,Asian Art,Paintings,China,Handscroll; ink on paper,ca. 750,740,760,Han Gan,Chinese,,742.0,756.0,https://images.metmuseum.org/CRDImages/as/original/DP153705.jpg,https://images.metmuseum.org/CRDImages/as/web-large/DP153705.jpg,Horses,"Purchase, The Dillon Fund Gift, 1977",True,results_harvest_17_departments/met_metadata.csv
701293,Poems from the Pavilion of True Meaning,Asian Art,Calligraphy,China,Album of twenty-eight leaves; ink on paper,datable to 1663 or later,1663,1672,Zhou Lianggong,Chinese,,1612.0,1672.0,https://images.metmuseum.org/CRDImages/as/original/DP-13240-001.jpg,https://images.metmuseum.org/CRDImages/as/web-large/DP-13240-001.jpg,Poetry;Calligraphy,"Gift of Julia and John Curtis, 2015",False,results_harvest_17_departments/met_metadata.csv
53002,"Shino Tea Bowl with Bridge and Shrine, Known as “Bridge of the Gods” (Shinkyō)",Asian Art,Ceramics,Japan,"Stoneware with iron oxide under glaze (Mino ware, Shino type)",late 16th–early 17th century,1567,1633,,,,,,https://images.metmuseum.org/CRDImages/as/original/LC-2015_300_271_001.jpg,https://images.metmuseum.org/CRDImages/as/web-large/LC-2015_300_271_001.jpg,,"Mary Griggs Burke Collection, Gift of the Mary and Jackson Burke Foundation, 2015",False,results_harvest_17_departments/met_metadata.csv
39931,Landscapes,Asian Art,Paintings,China,Album of twelve leaves; ink on paper,late 17th century,1667,1693,Dai Benxiao,Chinese,,1621.0,1693.0,https://images.metmuseum.org/CRDImages/as/original/DP160517.jpg,https://images.metmuseum.org/CRDImages/as/web-large/DP160517.jpg,Landscapes,"Purchase, The Dillon Fund Gift, 1989",False,results_harvest_17_departments/met_metadata.csv
857949,“Magic Fountain” ewer,Asian Art,Ceramics,China,Porcelain painted in underglaze cobalt blue (Jingdezhen ware),mid-16th century,1534,1566,,,,,,https://images.metmuseum.org/CRDImages/as/original/DP-28519-001.jpg,https://images.metmuseum.org/CRDImages/as/web-large/DP-28519-001.jpg,,"Gift of Shirley M. Mueller, 2023",False,results_harvest_17_departments/met_metadata.csv
45258,Bamboo in the Four Seasons,Asian Art,Paintings,Japan,"Pair of six-panel screens; ink, color, and gold leaf on paper",late 15th–early 16th century,1480,1525,Tosa Mitsunobu,Japanese,,1462.0,1525.0,https://images.metmuseum.org/CRDImages/as/original/DT1607.jpg,https://images.metmuseum.org/CRDImages/as/web-large/DT1607.jpg,Bamboo,"The Harry G. C. Packard Collection of Asian Art, Gift of Harry G. C. Packard, and Purchase, Fletcher, Rogers, Harris Brisbane Dick, and Louis V. Bell Funds, Joseph Pulitzer Bequest, and The Annenberg Fund Inc. Gift, 1975",False,results_harvest_17_departments/met_metadata.csv
53222,Musk Cat,Asian Art,Paintings,Japan,Hanging scroll; ink and color on paper,mid- to late 16th century,1550,1599,Uto Gyoshi,Japanese,,1550.0,1599.0,https://images.metmuseum.org/CRDImages/as/original/DP361166.jpg,https://images.metmuseum.org/CRDImages/as/web-large/DP361166.jpg,Animals;Birds;Flowers,"Mary Griggs Burke Collection, Gift of the Mary and Jackson Burke Foundation, 2015",False,results_harvest_17_departments/met_metadata.csv
44918,Rough Waves,Asian Art,Paintings,Japan,"Two-panel folding screen; ink, color, and gold leaf on paper",ca. 1704–9,1694,1719,Ogata Kōrin,Japanese,,1658.0,1716.0,https://images.metmuseum.org/CRDImages/as/original/DT1615.jpg,https://images.metmuseum.org/CRDImages/as/web-large/DT1615.jpg,Waves,"Fletcher Fund, 1926",True,results_harvest_17_departments/met_metadata.csv
73159,Portrait of Li Xiangjun,Asian Art,Paintings,China,Hanging scroll; ink and color on paper,dated 1817,1817,1817,Cui He,Chinese,,1800.0,1850.0,https://images.metmuseum.org/CRDImages/as/original/DP146997.jpg,https://images.metmuseum.org/CRDImages/as/web-large/DP146997.jpg,Fans;Portraits;Women,"The Lin Yutang Family Collection, Gift of Hsiang Ju Lin, in memory of Taiyi Lin Lai, 2005",False,results_harvest_17_departments/met_metadata.csv
38006,Portrait of the Indian Monk Atisha,Asian Art,Paintings,Tibet,Distemper and gold on cloth,early to mid-12th century,1100,1150,,,,,,https://images.metmuseum.org/CRDImages/as/original/DP-42256-001.jpg,https://images.metmuseum.org/CRDImages/as/web-large/DP-42256-001.jpg,Men;Portraits;Buddhism;Monks,"Gift of Steven Kossak, The Kronos Collections, 1993",True,results_harvest_17_departments/met_metadata.csv
816189,"”Abiding nowhere, the awakened mind arises”",Asian Art,Calligraphy,Japan,Hanging scroll; ink on paper,early to mid-14th century,1333,1350,Musō Soseki,Japanese,,1275.0,1351.0,https://images.metmuseum.org/CRDImages/as/original/DP-17101-002.jpg,https://images.metmuseum.org/CRDImages/as/web-large/DP-17101-002.jpg,,"Mary and Cheney Cowles Collection, Gift of Mary and Cheney Cowles, 2018",True,results_harvest_17_departments/met_metadata.csv
53408,White Plum Blossoms and Moon,Asian Art,Paintings,Japan,Hanging scroll; ink and color on silk,1755,1755,1755,Itō Jakuchū,Japanese,,1716.0,1800.0,https://images.metmuseum.org/CRDImages/as/original/DP-12232-273.jpg,https://images.metmuseum.org/CRDImages/as/web-large/DP-12232-273.jpg,Flowers;Trees,"Mary Griggs Burke Collection, Gift of the Mary and Jackson Burke Foundation, 2015",False,results_harvest_17_departments/met_metadata.csv
53439,Women on a Bridge Tossing Fans into a River,Asian Art,Paintings,Japan,"Six-panel folding screen; ink, color, gold, and gold leaf on paper",early 17th century,1520,1780,,,,,,https://images.metmuseum.org/CRDImages/as/original/DP704960.jpg,https://images.metmuseum.org/CRDImages/as/web-large/DP704960.jpg,Bridges;Fans;Men;Women;Rivers,"Mary Griggs Burke Collection, Gift of the Mary and Jackson Burke Foundation, 2015",False,results_harvest_17_departments/met_metadata.csv
53449,Six Jewel Rivers from Various Provinces,Asian Art,Prints,Japan,Six woodblock prints; ink and color on paper,1857,1857,1857,Utagawa Hiroshige,Japanese,,1797.0,1858.0,https://images.metmuseum.org/CRDImages/as/original/DP-13180-023.jpg,https://images.metmuseum.org/CRDImages/as/web-large/DP-13180-023.jpg,Women;Rivers;Moon;Landscapes,"Mary Griggs Burke Collection, Gift of the Mary and Jackson Burke Foundation, 2015",False,results_harvest_17_departments/met_metadata.csv
53429,Cherry Blossom Viewing at Itsukushima and Yoshino,Asian Art,Paintings,Japan,"Pair of six-panel folding screens; ink, color, and gold leaf on paper",first half 17th century,1520,1750,,,,,,https://images.metmuseum.org/CRDImages/as/original/DP362588.jpg,https://images.metmuseum.org/CRDImages/as/web-large/DP362588.jpg,Houses;Trees,"Mary Griggs Burke Collection, Gift of the Mary and Jackson Burke Foundation, 2015",False,results_harvest_17_departments/met_metadata.csv
53241,Willows and Bridge,Asian Art,Paintings,Japan,"Pair of six-panel folding screens; ink, color, copper, gold, and gold leaf on paper",early 17th century,1600,1615,,,,,,https://images.metmuseum.org/CRDImages/as/original/DP362575.jpg,https://images.metmuseum.org/CRDImages/as/web-large/DP362575.jpg,Bridges;Plants,"Mary Griggs Burke Collection, Gift of the Mary and Jackson Burke Foundation, 2015",False,results_harvest_17_departments/met_metadata.csv
36131,Landscapes with poems,Asian Art,Paintings,China,Fifteen leaves from an album (1980.516.2a–c and 1981.4.1a–o) of eighteen leaves,1688,1688,1688,Gong Xian,Chinese,,1619.0,1689.0,https://images.metmuseum.org/CRDImages/as/original/1981_4_1a.jpg,https://images.metmuseum.org/CRDImages/as/web-large/1981_4_1a.jpg,Poetry;Landscapes,"Gift of Douglas Dillon, 1981",True,results_harvest_17_departments/met_metadata.csv
76084,The Bodhisattva Jizō,Asian Art,Sculpture,Japan,"Japanese cypress wood (hinoki) with polychrome pigments, gold paint (kindei), cut gold leaf (kirikane), and rock-crystal eyes",1291,1291,1291,Intan,Japanese,,1200.0,1299.0,https://images.metmuseum.org/CRDImages/as/original/DP-14364-001.jpg,https://images.metmuseum.org/CRDImages/as/web-large/DP-14364-001.jpg,,"Purchase, Florence and Herbert Irving Acquisitions Fund for Asian Art, Florence and Herbert Irving Acquisitions Fund, by exchange, The Miriam and Ira D. Wallach Foundation Fund, Brooke Russell Astor Bequest, and Fletcher Fund, 2023",True,results_harvest_17_departments/met_metadata.csv
53162,Tobatsu Bishamonten,Asian Art,Sculpture,Japan,Zelkova wood with traces of color,late 10th–early 11th century,800,1150,,,,,,https://images.metmuseum.org/CRDImages/as/original/DP-27915-006.jpg,https://images.metmuseum.org/CRDImages/as/web-large/DP-27915-006.jpg,Buddhism;Deities,"Mary Griggs Burke Collection, Gift of the Mary and Jackson Burke Foundation, 2015",False,results_harvest_17_departments/met_metadata.csv
39668,"Old Trees, Level Distance",Asian Art,Paintings,China,Handscroll; ink and color on silk,ca. 1080,1070,1090,Guo Xi,Chinese,,1000.0,1090.0,https://images.metmuseum.org/CRDImages/as/original/DP167812_CRD.jpg,https://images.metmuseum.org/CRDImages/as/web-large/DP167812_CRD.jpg,Landscapes;Trees,"Gift of John M. Crawford Jr., in honor of Douglas Dillon, 1981",True,results_harvest_17_departments/met_metadata.csv
53187,Kasuga Deer Mandala (Kasuga shika mandara zu),Asian Art,Paintings,Japan,Hanging scroll; color on silk,late 14th century,1300,1400,,,,,,https://images.metmuseum.org/CRDImages/as/original/DP361152.jpg,https://images.metmuseum.org/CRDImages/as/web-large/DP361152.jpg,Deer;Buddhism;Bodhisattvas;Buddha,"Mary Griggs Burke Collection, Gift of the Mary and Jackson Burke Foundation, 2015",False,results_harvest_17_departments/met_metadata.csv
57206,Flower Baskets and Farmer's Hat,Asian Art,Paintings,Japan,"Album leaf; lacquer, ink, and silver leaf on paper",ca. 1880s,1880,1889,Shibata Zeshin,Japanese,,1807.0,1891.0,https://images.metmuseum.org/CRDImages/as/original/DP205543.jpg,https://images.metmuseum.org/CRDImages/as/web-large/DP205543.jpg,Hats;Baskets,"The Howard Mansfield Collection, Purchase, Rogers Fund, 1936",False,results_harvest_17_departments/met_metadata.csv
37904,Krishna Steals the Gopis’ Clothing: Page from a Dispersed Bhagavata Purana Manuscript,Asian Art,Paintings,"India (Rajasthan, Mewar)",Ink and opaque watercolor on paper,ca. 1620–30,1620,1630,,,,,,https://images.metmuseum.org/CRDImages/as/original/1984_476_recto.jpg,https://images.metmuseum.org/CRDImages/as/web-large/1984_476_recto.jpg,,"Gift of Mr. and Mrs. J. Gordon Douglas III, 1984",False,results_harvest_17_departments/met_metadata.csv
54791,Amida Manifesting in the Dharma-body of Expedient Means,Asian Art,Paintings,Japan,"Ink, color, and cut silver on silk",18th century,1700,1799,,,,,,https://images.metmuseum.org/CRDImages/as/original/18_146_1_O4_sf.JPG,https://images.metmuseum.org/CRDImages/as/web-large/18_146_1_O4_sf.JPG,Buddhism;Buddha,"Rogers Fund, 1918",False,results_harvest_17_departments/met_metadata.csv
40080,Fragrant Snow at Broken Bridge,Asian Art,Paintings,China,Hanging scroll; ink on silk,14th century,1300,1359,Wang Mian,Chinese,,1287.0,1359.0,https://images.metmuseum.org/CRDImages/as/original/DP258037.jpg,https://images.metmuseum.org/CRDImages/as/web-large/DP258037.jpg,Trees,"Ex coll.: C. C. Wang Family, Purchase, Gift of J. Pierpont Morgan, by exchange, 1973",False,results_harvest_17_departments/met_metadata.csv
53458,Lingering Rain over Half the Village,Asian Art,Paintings,Japan,Folding fan mounted as a hanging scroll; ink on paper,ca. 1815–20,1700,1899,Urakami (Uragami) Gyokudō,Japanese,,1745.0,1820.0,https://images.metmuseum.org/CRDImages/as/original/DP-12232-210.jpg,https://images.metmuseum.org/CRDImages/as/web-large/DP-12232-210.jpg,Mountains;Landscapes,"Mary Griggs Burke Collection, Gift of the Mary and Jackson Burke Foundation, 2015",False,results_harvest_17_departments/met_metadata.csv
53167,Flying Apsaras (Hiten),Asian Art,Sculpture,Japan,Japanese cypress with lacquer and gold,late 11th to early 12th century,900,1300,,,,,,https://images.metmuseum.org/CRDImages/as/original/2015_300_251a_Burke_website.jpg,https://images.metmuseum.org/CRDImages/as/web-large/2015_300_251a_Burke_website.jpg,Buddhism;Bodhisattvas,"Mary Griggs Burke Collection, Gift of the Mary and Jackson Burke Foundation, 2015",False,results_harvest_17_departments/met_metadata.csv
888663,Handscroll of Ten Homoerotic (Nanshoku) Scenes,Asian Art,Paintings,Japan,Handscroll; ink and colors on silk,early 18th century,1700,1733,Miyagawa Chōshun 宮川長春,Japanese,,1683.0,1753.0,https://images.metmuseum.org/CRDImages/as/original/DP-24890-002.jpg,https://images.metmuseum.org/CRDImages/as/web-large/DP-24890-002.jpg,,"Rogers Fund, by exchange, 2022",False,results_harvest_17_departments/met_metadata.csv
36436,Landscapes,Asian Art,Paintings,China,Album of twelve leaves; ink and color on paper,dated 1644,1644,1644,Zhang Feng,Chinese,,1618.0,1662.0,https://images.metmuseum.org/CRDImages/as/original/DP162771.jpg,https://images.metmuseum.org/CRDImages/as/web-large/DP162771.jpg,Landscapes,"Edward Elliott Family Collection, Gift of Douglas Dillon, 1987",False,results_harvest_17_departments/met_metadata.csv
44634,Drunken Asaina,Asian Art,Paintings,Japan,Fan mounted as hanging scroll; ink and color on paper,ca. 1810,1800,1820,Katsushika Hokusai,Japanese,,1760.0,1849.0,https://images.metmuseum.org/CRDImages/as/original/DP-24853-002.jpg,https://images.metmuseum.org/CRDImages/as/web-large/DP-24853-002.jpg,Drunkenness;Men,"Purchase, Friends of Asian Art Gifts, 1991",False,results_harvest_17_departments/met_metadata.csv
49467,Cat and Butterfly,Asian Art,Paintings,China,Hanging scroll; ink and color on paper,19th century,1823,1896,Xugu (Zhu Huairen),Chinese,,1823.0,1896.0,https://images.metmuseum.org/CRDImages/as/original/DP-30286-002.jpg,https://images.metmuseum.org/CRDImages/as/web-large/DP-30286-002.jpg,Cats;Butterflies;Flowers,"Gift of Robert Hatfield Ellsworth, in memory of La Ferne Hatfield Ellsworth, 1986",False,results_harvest_17_departments/met_metadata.csv
53427,Six Jewel Rivers,Asian Art,Paintings,Japan,"Six handscrolls; ink, color, and gold on silk",ca. 1839,1829,1849,Sakai Ōho,Japanese,,1808.0,1841.0,https://images.metmuseum.org/CRDImages/as/original/DT372445.jpg,https://images.metmuseum.org/CRDImages/as/web-large/DT372445.jpg,Men;Rivers;Landscapes,"Mary Griggs Burke Collection, Gift of the Mary and Jackson Burke Foundation, 2015",False,results_harvest_17_departments/met_metadata.csv
752005,"Welcoming Descent of Amida, the Buddha of Infinite Light, and His Holy Retinue",Asian Art,Paintings,Japan,"Hanging scroll; ink, color, gold, and cut gold leaf (kirikane) on silk",14th century,1333,1392,Unidentified artist,,,,,https://images.metmuseum.org/CRDImages/as/original/DP-16218-019.jpg,https://images.metmuseum.org/CRDImages/as/web-large/DP-16218-019.jpg,,"Gift of Sue Cassidy Clark, in honor of Barbara Brennan Ford, 2023",False,results_harvest_17_departments/met_metadata.csv
59025,Pavilion amongst Wintry Trees after Ni Zan,Asian Art,Paintings,China,Hanging scroll; ink on paper,dated 1661,1661,1661,Qi Zhijia,Chinese,,1627.0,1682.0,https://images.metmuseum.org/CRDImages/as/original/2000_665_1.jpg,https://images.metmuseum.org/CRDImages/as/web-large/2000_665_1.jpg,Landscapes,"Gift of Marie-Hélène and Guy A. Weill, 2000",False,results_harvest_17_departments/met_metadata.csv
860963,Mending clothes by daylight,Asian Art,Paintings,China,Hanging scroll; ink on paper,calligraphy datable to 1240s,1240,1249,Unidentified artist,,,,,https://images.metmuseum.org/CRDImages/as/original/DP-24412-002.jpg,https://images.metmuseum.org/CRDImages/as/web-large/DP-24412-002.jpg,Men;Sewing,"Purchase, Robert Hatfield Ellsworth Bequest, 2022",False,results_harvest_17_departments/met_metadata.csv
41193,Crows in Old Trees,Asian Art,Paintings,China,Hanging scroll; ink and color on silk,early 14th century,1300,1330,Luo Zhichuan,Chinese,,1290.0,1340.0,https://images.metmuseum.org/CRDImages/as/original/DP154100.jpg,https://images.metmuseum.org/CRDImages/as/web-large/DP154100.jpg,Birds;Trees,"Ex coll.: C. C. Wang Family, Purchase, Gift of J. Pierpont Morgan, by exchange, 1973",False,results_harvest_17_departments/met_metadata.csv
663886,Portrait of Yinyuan Longqi (Ingen Ryūki),Asian Art,Paintings,Japan,Hanging scroll; ink and color on paper,1676,1676,1676,unidentified artist,,,,,https://images.metmuseum.org/CRDImages/as/original/DP355576.jpg,https://images.metmuseum.org/CRDImages/as/web-large/DP355576.jpg,Men;Portraits;Poets,"Purchase, Brooke Russell Astor Bequest, 2015",False,results_harvest_17_departments/met_metadata.csv
49156,"The Kangxi Emperor's Southern Inspection Tour, Scroll Three: Ji'nan to Mount Tai",Asian Art,Paintings,China,Handscroll; ink and color on silk,datable to 1698,1698,1698,Wang Hui,Chinese,,1632.0,1717.0,https://images.metmuseum.org/CRDImages/as/original/DP105303_CRD.jpg,https://images.metmuseum.org/CRDImages/as/web-large/DP105303_CRD.jpg,Mountains;Landscapes,"Purchase, The Dillon Fund Gift, 1979",True,results_harvest_17_departments/met_metadata.csv
57363,Page of a Pilgrim’s Visiting Album,Asian Art,Illustrated Books,Japan,"Album page; ink, color, and gold on paper, textile cover",late 18th–19th century,1767,1899,,,,,,https://images.metmuseum.org/CRDImages/as/original/14_140_3_sf.jpg,https://images.metmuseum.org/CRDImages/as/web-large/14_140_3_sf.jpg,Buddhism;Buddha,"Gift of Estate of Samuel Isham, 1914",False,results_harvest_17_departments/met_metadata.csv
49177,Outing to Zhang Gong's Grotto,Asian Art,Paintings,China,Handscroll; ink and color on paper,ca. 1700,1690,1707,Shitao (Zhu Ruoji),Chinese,,1642.0,1707.0,https://images.metmuseum.org/CRDImages/as/original/DP204906_CRD.jpg,https://images.metmuseum.org/CRDImages/as/web-large/DP204906_CRD.jpg,Landscapes;Trees,"Purchase, The Dillon Fund Gift, 1982",False,results_harvest_17_departments/met_metadata.csv
65555,Landscapes,Asian Art,Paintings,China,Album of eight paintings; ink and color on paper,dated 1668,1668,1668,Xiao Yuncong,Chinese,,1596.0,1673.0,https://images.metmuseum.org/CRDImages/as/original/DP164311.jpg,https://images.metmuseum.org/CRDImages/as/web-large/DP164311.jpg,Rivers;Landscapes,"Gift of Florence and Herbert Irving Collection, in memory of Douglas Dillon, 2003",False,results_harvest_17_departments/met_metadata.csv
49456,Herbaceous Peony,Asian Art,Paintings,China,Folding fan mounted as an album leaf; ink and color on gold paper,,1823,1886,Hu Yuan,Chinese,,1823.0,1886.0,https://images.metmuseum.org/CRDImages/as/original/DP161405.jpg,https://images.metmuseum.org/CRDImages/as/web-large/DP161405.jpg,Peonies,"Gift of Robert Hatfield Ellsworth, in memory of La Ferne Hatfield Ellsworth, 1986",False,results_harvest_17_departments/met_metadata.csv
49187,Wangchuan Villa,Asian Art,Paintings,China,Handscroll; ink and color on paper,dated 1711,1711,1711,Wang Yuanqi,Chinese,,1642.0,1715.0,https://images.metmuseum.org/CRDImages/as/original/DP214271_CRD.jpg,https://images.metmuseum.org/CRDImages/as/web-large/DP214271_CRD.jpg,Mountains;Landscapes;Boats,"Ex coll.: C. C. Wang Family, Purchase, Douglas Dillon Gift, 1977",False,results_harvest_17_departments/met_metadata.csv
705076,Drawings and Poems by Various Artists,Asian Art,Paintings,Japan,Hanging scroll; ink and color on silk,ca. 1814,1804,1824,Shokusanjin (Ōta Nanpo),Japanese,,1749.0,1823.0,https://images.metmuseum.org/CRDImages/as/original/DP-27349-002.jpg,https://images.metmuseum.org/CRDImages/as/web-large/DP-27349-002.jpg,,"Fishbein-Bender Collection, Gift of T. Richard Fishbein and Estelle P. Bender, in celebration of the Museum’s 150th Anniversary, 2019",False,results_harvest_17_departments/met_metadata.csv
49173,Returning Home,Asian Art,Paintings,China,Album of twelve leaves; ink and color on paper,ca. 1695,1685,1715,Shitao (Zhu Ruoji),Chinese,,1642.0,1707.0,https://images.metmuseum.org/CRDImages/as/original/DP143725_CRD.jpg,https://images.metmuseum.org/CRDImages/as/web-large/DP143725_CRD.jpg,Landscapes;Boats,"From the P. Y. and Kinmay W. Tang Family, Gift of Wen and Constance Fong, in honor of Mr. and Mrs. Douglas Dillon, 1976",False,results_harvest_17_departments/met_metadata.csv
688517,Chōmeiji Temple Pilgrimage Mandala,Asian Art,Paintings,Japan,"Hanging scroll remounted as a two-panel folding screen; ink, color, gofun (ground shell pigment), and gold on paper",second quarter 16th century,1550,1575,,,,,,https://images.metmuseum.org/CRDImages/as/original/DP-12438-003.jpg,https://images.metmuseum.org/CRDImages/as/web-large/DP-12438-003.jpg,Temples;Men;Boats,"Purchase, Sue Cassidy Clark Gift, in honor of D. Max Moerman, 2016",False,results_harvest_17_departments/met_metadata.csv
49241,Ink bamboo,Asian Art,Paintings,China,Hanging scroll; ink on paper,dated 1749,1749,1749,Li Shan,Chinese,,1686.0,1756.0,https://images.metmuseum.org/CRDImages/as/original/DP-36017-002.jpg,https://images.metmuseum.org/CRDImages/as/web-large/DP-36017-002.jpg,Bamboo,"Bequest of John M. Crawford Jr., 1988",False,results_harvest_17_departments/met_metadata.csv
57344,White Poppies on Gold Ground,Asian Art,Paintings,Japan,Six-panel folding screen; color on paper,,1615,1868,Ogata Kōrin,Japanese,,1658.0,1716.0,https://images.metmuseum.org/CRDImages/as/original/DP-27193-001.jpg,https://images.metmuseum.org/CRDImages/as/web-large/DP-27193-001.jpg,Poppies,"H. O. Havemeyer Collection, Gift of Horace Havemeyer, 1949",False,results_harvest_17_departments/met_metadata.csv
57805,"Random Sketches by Hokusai, Volume 12",Asian Art,Illustrated Books,Japan,Woodblock printed book; ink and color on paper,1834,1834,1834,Katsushika Hokusai,Japanese,,1760.0,1849.0,https://images.metmuseum.org/CRDImages/as/original/JIB_112_Preface 1_sf.JPG,https://images.metmuseum.org/CRDImages/as/web-large/JIB_112_Preface 1_sf.JPG,,"The Howard Mansfield Collection, Gift of Howard Mansfield, 1936",False,results_harvest_17_departments/met_metadata.csv
41057,Woman Admiring Plum Blossoms at Night,Asian Art,Prints,Japan,Woodblock print (nishiki-e) with embossing (karazuri); ink and color on paper,ca. 1766,1756,1770,Suzuki Harunobu 鈴木春信,Japanese,,1725.0,1770.0,https://images.metmuseum.org/CRDImages/as/original/DP114890.jpg,https://images.metmuseum.org/CRDImages/as/web-large/DP114890.jpg,Women;Flowers;Night;Lanterns,"Fletcher Fund, 1929",False,results_harvest_17_departments/met_metadata.csv
57569,Picture Book of Crawling Creatures (The Insect Book) (Ehon mushi erami) 画本虫撰,Asian Art,Illustrated Books,Japan,One from a set of two polychrome woodblock printed books; ink and color on paper,probably 1823 (later edition),1823,1823,Kitagawa Utamaro 喜多川歌麿,Japanese,,1754.0,1806.0,https://images.metmuseum.org/CRDImages/as/original/JIB44a_005_crd.jpg,https://images.metmuseum.org/CRDImages/as/web-large/JIB44a_005_crd.jpg,Insects;Flowers,"Rogers Fund, 1918",False,results_harvest_17_departments/met_metadata.csv
57573,Statuette of Buddha Sitting on Engraved Throne,Asian Art,Sculpture,Korea,Gilt bronze,10th century,900,999,,,,,,https://images.metmuseum.org/CRDImages/as/original/17_118_49_36907.jpg,https://images.metmuseum.org/CRDImages/as/web-large/17_118_49_36907.jpg,Buddhism;Buddha,"Rogers Fund, 1917",False,results_harvest_17_departments/met_metadata.csv
459028,Portrait of Alvise Contarini(?); (verso) A Tethered Roebuck,Robert Lehman Collection,Paintings,,Oil on wood; verso: oil and gold on wood,ca. 1485–95,1480,1500,Jacometto (Jacometto Veneziano),Italian,,1472.0,1498.0,https://images.metmuseum.org/CRDImages/rl/original/DP221485.jpg,https://images.metmuseum.org/CRDImages/rl/web-large/DP221485.jpg,Men;Portraits;Profiles,"Robert Lehman Collection, 1975",True,results_harvest_17_departments/met_metadata.csv
459254,Self-portrait,Robert Lehman Collection,Manuscripts and Illuminations,,Tempera and gold leaf on parchment,1558,1558,1558,Simon Bening,Netherlandish,,1483.0,1561.0,https://images.metmuseum.org/CRDImages/rl/original/DT3622.jpg,https://images.metmuseum.org/CRDImages/rl/web-large/DT3622.jpg,Men;Self-portraits,"Robert Lehman Collection, 1975",True,results_harvest_17_departments/met_metadata.csv
459249,"Tabernacle House Altar with the Adoration of the Shepherds, the Adoration of the Magi, and the Annunciation.",Robert Lehman Collection,Glass,,"Ebony-veneered soft wood, silver gilt, rock crystal, agate, and reverse painted and gilded glass.",second half 16th century (panels); ca. 1865–90 (frame),1550,1890,Reinhold Vasters,German,,1827.0,1909.0,https://images.metmuseum.org/CRDImages/rl/original/SLP1558-1.jpg,https://images.metmuseum.org/CRDImages/rl/web-large/SLP1558-1.jpg,Altars;Adoration of the Magi;Adoration of the Shepherds;Annunciation,"Robert Lehman Collection, 1975",True,results_harvest_17_departments/met_metadata.csv
459027,"Portrait of a Woman, Possibly a Nun of San Secondo; (verso) Scene in Grisaille",Robert Lehman Collection,Paintings,,Oil on wood; (verso: oil and gold on wood),ca. 1485–95,1480,1500,Jacometto (Jacometto Veneziano),Italian,,1472.0,1498.0,https://images.metmuseum.org/CRDImages/rl/original/DP221483.jpg,https://images.metmuseum.org/CRDImages/rl/web-large/DP221483.jpg,Portraits;Women,"Robert Lehman Collection, 1975",True,results_harvest_17_departments/met_metadata.csv
459080,Erasmus of Rotterdam,Robert Lehman Collection,Paintings,,Oil on linden panel,ca. 1532,1527,1537,Hans Holbein the Younger,German,,1497.0,1543.0,https://images.metmuseum.org/CRDImages/rl/original/DP164857.jpg,https://images.metmuseum.org/CRDImages/rl/web-large/DP164857.jpg,Men;Portraits,"Robert Lehman Collection, 1975",True,results_harvest_17_departments/met_metadata.csv
458967,Saint Anthony the Abbot in the Wilderness,Robert Lehman Collection,Paintings,,Tempera and gold on wood,ca. 1440,1435,1445,Sano di Pietro (Ansano di Pietro di Mencio),Italian,,1405.0,1481.0,https://images.metmuseum.org/CRDImages/rl/original/DP319194.jpg,https://images.metmuseum.org/CRDImages/rl/web-large/DP319194.jpg,Deer;Landscapes;Saints,"Robert Lehman Collection, 1975",True,results_harvest_17_departments/met_metadata.csv
459061,"Christ Carrying the Cross, with the Crucifixion; The Resurrection, with the Pilgrims of Emmaus",Robert Lehman Collection,Paintings,,Oil on oak panel,ca. 1510,1507,1513,Gerard David,Netherlandish,,1455.0,1523.0,https://images.metmuseum.org/CRDImages/rl/original/DT1472.jpg,https://images.metmuseum.org/CRDImages/rl/web-large/DT1472.jpg,Men;Dogs;Christ;Bearing the Cross;Crucifixion;Resurrection,"Robert Lehman Collection, 1975",True,results_harvest_17_departments/met_metadata.csv
458979,Madonna and Child,Robert Lehman Collection,Paintings,,"Tempera on wood, gold ground",ca. 1455–60,1450,1465,Sano di Pietro (Ansano di Pietro di Mencio),Italian,,1405.0,1481.0,https://images.metmuseum.org/CRDImages/rl/original/DT3028.jpg,https://images.metmuseum.org/CRDImages/rl/web-large/DT3028.jpg,Madonna and Child,"Robert Lehman Collection, 1975",False,results_harvest_17_departments/met_metadata.csv
459055,The Annunciation,Robert Lehman Collection,Paintings,,"Oil on panel, transferred to canvas",1480–89,1480,1489,Hans Memling,Netherlandish,,1465.0,1494.0,https://images.metmuseum.org/CRDImages/rl/original/DP-40424-001.jpg,https://images.metmuseum.org/CRDImages/rl/web-large/DP-40424-001.jpg,Bedrooms;Angels;Virgin Mary;Archangel Gabriel;Annunciation,"Robert Lehman Collection, 1975",True,results_harvest_17_departments/met_metadata.csv
458971,The Creation of the World and the Expulsion from Paradise,Robert Lehman Collection,Paintings,,Tempera and gold on wood,1445,1445,1445,Giovanni di Paolo (Giovanni di Paolo di Grazia),Italian,,1398.0,1482.0,https://images.metmuseum.org/CRDImages/rl/original/DP-40104-001.jpg,https://images.metmuseum.org/CRDImages/rl/web-large/DP-40104-001.jpg,Angels;Gods;Adam;Eve,"Robert Lehman Collection, 1975",True,results_harvest_17_departments/met_metadata.csv
459062,Archangel Gabriel; The Virgin Annunciate,Robert Lehman Collection,Paintings,,Oil on oak panel,ca. 1510,1507,1513,Gerard David,Netherlandish,,1455.0,1523.0,https://images.metmuseum.org/CRDImages/rl/original/DT3083.jpg,https://images.metmuseum.org/CRDImages/rl/web-large/DT3083.jpg,Virgin Mary;Archangel Gabriel;Annunciation,"Robert Lehman Collection, 1975",True,results_harvest_17_departments/met_metadata.csv
459008,The Crucified Christ between the Virgin and Saint John the Evangelist,Robert Lehman Collection,Paintings,,"Tempera on wood, gold ground",ca. 1406,1403,1409,Lorenzo Monaco (Piero di Giovanni),Italian,,1370.0,1425.0,https://images.metmuseum.org/CRDImages/rl/original/DT3047.jpg,https://images.metmuseum.org/CRDImages/rl/web-large/DT3047.jpg,Christ;Saint John the Evangelist;Virgin Mary;Crucifixion,"Robert Lehman Collection, 1975",False,results_harvest_17_departments/met_metadata.csv
458972,Madonna and Child with Saints Jerome and Agnes,Robert Lehman Collection,Paintings,,"Tempera on wood, gold ground",ca. 1465–70,1460,1475,Giovanni di Paolo (Giovanni di Paolo di Grazia),Italian,,1398.0,1482.0,https://images.metmuseum.org/CRDImages/rl/original/DT3023.jpg,https://images.metmuseum.org/CRDImages/rl/web-large/DT3023.jpg,Madonna and Child;Saint Jerome;Saints,"Robert Lehman Collection, 1975",False,results_harvest_17_departments/met_metadata.csv
458998,The Assumption of the Virgin,Robert Lehman Collection,Paintings,,"Tempera on wood, gold ground",1337–38,1334,1341,Bernardo Daddi,Italian,,1290.0,1348.0,https://images.metmuseum.org/CRDImages/rl/original/DP-13487-001.jpg,https://images.metmuseum.org/CRDImages/rl/web-large/DP-13487-001.jpg,Women;Angels;Virgin Mary;Assumption of the Virgin,"Robert Lehman Collection, 1975",True,results_harvest_17_departments/met_metadata.csv
458964,Madonna and Child Enthroned with Two Donors,Robert Lehman Collection,Paintings,,"Tempera on wood, gold ground",ca. 1315–30,1310,1320,Goodhart Ducciesque Master,Italian,,1310.0,1330.0,https://images.metmuseum.org/CRDImages/rl/original/DP-32063-001.jpg,https://images.metmuseum.org/CRDImages/rl/web-large/DP-32063-001.jpg,Madonna and Child,"Robert Lehman Collection, 1975",False,results_harvest_17_departments/met_metadata.csv
459133,The Adoration of the Magi,Robert Lehman Collection,Paintings,,"Tempera on wood, gold ground",ca. 1340–43,1337,1346,"Italian, Neapolitan Follower of Giotto",,,,,https://images.metmuseum.org/CRDImages/rl/original/DP-25504-001.jpg,https://images.metmuseum.org/CRDImages/rl/web-large/DP-25504-001.jpg,Virgin Mary;Jesus;Adoration of the Magi,"Robert Lehman Collection, 1975",False,results_harvest_17_departments/met_metadata.csv
459253,Holy Face,Robert Lehman Collection,Manuscripts and Illuminations,,Tempera and gold leaf on parchment that has been trimmed and laid down on thin walnut,ca. 1485–90,1482,1493,Gerard David,Netherlandish,,1455.0,1523.0,https://images.metmuseum.org/CRDImages/rl/original/DT3621.jpg,https://images.metmuseum.org/CRDImages/rl/web-large/DT3621.jpg,Christ,"Robert Lehman Collection, 1975",True,results_harvest_17_departments/met_metadata.csv
458978,Coronation of the Virgin,Robert Lehman Collection,Paintings,,"Tempera on wood, gold ground",ca. 1455,1452,1458,Giovanni di Paolo (Giovanni di Paolo di Grazia),Italian,,1398.0,1482.0,https://images.metmuseum.org/CRDImages/rl/original/DT708.jpg,https://images.metmuseum.org/CRDImages/rl/web-large/DT708.jpg,Angels;Christ;Virgin Mary;Ceremony,"Robert Lehman Collection, 1975",True,results_harvest_17_departments/met_metadata.csv
459065,Virgin and Child,Robert Lehman Collection,Paintings,Netherlandish,Oil on wood,ca. 1525–50,1525,1550,Master of the Female Half-Lengths,Netherlandish,,1520.0,1550.0,https://images.metmuseum.org/CRDImages/rl/original/DT3087.jpg,https://images.metmuseum.org/CRDImages/rl/web-large/DT3087.jpg,Madonna and Child,"Robert Lehman Collection, 1975",False,results_harvest_17_departments/met_metadata.csv
459136,Madonna and Child,Robert Lehman Collection,Paintings,,"Tempera on wood, gold ground",ca. 1326,1323,1329,Simone Martini,Italian,,1315.0,1344.0,https://images.metmuseum.org/CRDImages/rl/original/DP-29454-001.jpg,https://images.metmuseum.org/CRDImages/rl/web-large/DP-29454-001.jpg,Madonna and Child,"Robert Lehman Collection, 1975",True,results_harvest_17_departments/met_metadata.csv
459016,The Annunciation,Robert Lehman Collection,Paintings,,Tempera and gold on wood,ca. 1490,1485,1495,Botticelli (Alessandro di Mariano Filipepi),Italian,,1444.0,1510.0,https://images.metmuseum.org/CRDImages/rl/original/DP267397.jpg,https://images.metmuseum.org/CRDImages/rl/web-large/DP267397.jpg,Bedrooms;Virgin Mary;Archangel Gabriel;Annunciation,"Robert Lehman Collection, 1975",True,results_harvest_17_departments/met_metadata.csv
458953,Saint Ansanus,Robert Lehman Collection,Paintings,,"Tempera on wood, gold ground",ca. 1326,1323,1329,Simone Martini,Italian,,1315.0,1344.0,https://images.metmuseum.org/CRDImages/rl/original/DP-29455-001.jpg,https://images.metmuseum.org/CRDImages/rl/web-large/DP-29455-001.jpg,Men;Saints,"Robert Lehman Collection, 1975",False,results_harvest_17_departments/met_metadata.csv
458970,Saint Ambrose,Robert Lehman Collection,Paintings,,"Tempera on wood, gold ground",ca. 1465–70,1460,1470,Giovanni di Paolo (Giovanni di Paolo di Grazia),Italian,,1398.0,1482.0,https://images.metmuseum.org/CRDImages/rl/original/DT3022.jpg,https://images.metmuseum.org/CRDImages/rl/web-large/DT3022.jpg,Men;Saints,"Robert Lehman Collection, 1975",False,results_harvest_17_departments/met_metadata.csv
459079,Mary of Burgundy,Robert Lehman Collection,Paintings,,Oil on fir panel,1528,1528,1528,Master H.A. or A.H.,Austrian,,1520.0,1530.0,https://images.metmuseum.org/CRDImages/rl/original/DP164856.jpg,https://images.metmuseum.org/CRDImages/rl/web-large/DP164856.jpg,Portraits;Profiles;Women,"Robert Lehman Collection, 1975",False,results_harvest_17_departments/met_metadata.csv
459053,Virgin and Child,Robert Lehman Collection,Paintings,Netherlandish,Oil on oak panel,Early sixteenth century,1484,1490,Hans Memling,Netherlandish,,1465.0,1494.0,https://images.metmuseum.org/CRDImages/rl/original/DT3076.jpg,https://images.metmuseum.org/CRDImages/rl/web-large/DT3076.jpg,Madonna and Child,"Robert Lehman Collection, 1975",False,results_harvest_17_departments/met_metadata.csv
459007,The Nativity,Robert Lehman Collection,Paintings,,Tempera and gold on wood,ca. 1406–10,1403,1413,Lorenzo Monaco (Piero di Giovanni),Italian,,1370.0,1425.0,https://images.metmuseum.org/CRDImages/rl/original/DT709.jpg,https://images.metmuseum.org/CRDImages/rl/web-large/DT709.jpg,Holy Family;Nativity,"Robert Lehman Collection, 1975",True,results_harvest_17_departments/met_metadata.csv
459071,Portrait of a Woman,Robert Lehman Collection,Paintings,Franco-Flemish,Oil on oak panel,ca. 1470–80,1465,1475,Netherlandish or French,Netherlandish or French,,1475.0,1480.0,https://images.metmuseum.org/CRDImages/rl/original/SLP0129.jpg,https://images.metmuseum.org/CRDImages/rl/web-large/SLP0129.jpg,Portraits;Women,"Robert Lehman Collection, 1975",False,results_harvest_17_departments/met_metadata.csv
459073,Virgin and Child with a Dragonfly,Robert Lehman Collection,Paintings,Netherlandish and French,Oil and tempera (?) on paper laid down on oak panel,ca. 1500,1495,1505,Master of Saint Giles,"Netherlandish, French",,1475.0,1550.0,https://images.metmuseum.org/CRDImages/rl/original/DT3093.jpg,https://images.metmuseum.org/CRDImages/rl/web-large/DT3093.jpg,Madonna and Child,"Robert Lehman Collection, 1975",False,results_harvest_17_departments/met_metadata.csv
458963,"Madonna and Child Enthroned with Saint John the Evangelist, Saint Peter, Saint Agnes, Saint Catherine of Alexandria, Saint Lucy, an Unidentified Female Saint, Saint Paul, and Saint John the Baptist, with Eve and the Serpent; the Annunciation",Robert Lehman Collection,Paintings,,"Tempera on wood, gold ground",1390s,1385,1405,Paolo di Giovanni Fei,Italian,,1369.0,1411.0,https://images.metmuseum.org/CRDImages/rl/original/DT3014.jpg,https://images.metmuseum.org/CRDImages/rl/web-large/DT3014.jpg,Madonna and Child;Saint John the Evangelist;Saint Peter;Eve;Annunciation;Saints,"Robert Lehman Collection, 1975",False,results_harvest_17_departments/met_metadata.csv
459057,Saint Christopher and the Infant Christ,Robert Lehman Collection,Paintings,,Oil on oak panel,After 1485,1474,1488,Dieric Bouts,Netherlandish,,1457.0,1475.0,https://images.metmuseum.org/CRDImages/rl/original/DP-26610-001.jpg,https://images.metmuseum.org/CRDImages/rl/web-large/DP-26610-001.jpg,Christ;Saint Christopher,"Robert Lehman Collection, 1975",False,results_harvest_17_departments/met_metadata.csv
459058,The Adoration of the Christ Child,Robert Lehman Collection,Paintings,Netherlandish,Oil on oak panel,possibly 1496–1502,1491,1507,Master of Frankfurt,Netherlandish,,1491.0,1515.0,https://images.metmuseum.org/CRDImages/rl/original/DT1463.jpg,https://images.metmuseum.org/CRDImages/rl/web-large/DT1463.jpg,Men;Angels;Virgin Mary;Jesus,"Robert Lehman Collection, 1975",False,results_harvest_17_departments/met_metadata.csv
459078,Nymph of the Spring,Robert Lehman Collection,Paintings,,Oil on beech panel,ca. 1545–50,1540,1555,Lucas Cranach the Younger,German,,1515.0,1586.0,https://images.metmuseum.org/CRDImages/rl/original/DP159773.jpg,https://images.metmuseum.org/CRDImages/rl/web-large/DP159773.jpg,Birds;Female Nudes;Nymphs,"Robert Lehman Collection, 1975",False,results_harvest_17_departments/met_metadata.csv
459257,Saint Michael,Robert Lehman Collection,Paintings,,"Tempera and silver on wood, gold ground",mid-1430s,1430,1440,Pietro di Giovanni d'Ambrogio,Italian,,1410.0,1449.0,https://images.metmuseum.org/CRDImages/rl/original/DP366034.jpg,https://images.metmuseum.org/CRDImages/rl/web-large/DP366034.jpg,Saint Michael,"Robert Lehman Collection, 1975",False,results_harvest_17_departments/met_metadata.csv
459134,Madonna and Child,Robert Lehman Collection,Paintings,,"Tempera on wood, gold ground",ca. 1340,1337,1343,Lippo Memmi (Filippo di Memmo),Italian,,1317.0,1356.0,https://images.metmuseum.org/CRDImages/rl/original/LC-1975_1_010_001.jpg,https://images.metmuseum.org/CRDImages/rl/web-large/LC-1975_1_010_001.jpg,Madonna and Child,"Robert Lehman Collection, 1975
1975.1.10",False,results_harvest_17_departments/met_metadata.csv
458981,Madonna and Child Enthroned with Two Cherubim,Robert Lehman Collection,Paintings,,"Tempera on wood, gold ground",ca. 1440,1435,1445,Sano di Pietro (Ansano di Pietro di Mencio),Italian,,1405.0,1481.0,https://images.metmuseum.org/CRDImages/rl/original/DT3030.jpg,https://images.metmuseum.org/CRDImages/rl/web-large/DT3030.jpg,Angels;Madonna and Child,"Robert Lehman Collection, 1975",False,results_harvest_17_departments/met_metadata.csv
459005,The Crucifixion,Robert Lehman Collection,Paintings,,"Tempera on wood, gold ground",ca. 1365,1360,1370,Andrea di Cione (Orcagna),Italian,,1315.0,1368.0,https://images.metmuseum.org/CRDImages/rl/original/DT3046.jpg,https://images.metmuseum.org/CRDImages/rl/web-large/DT3046.jpg,Sadness;Angels;Virgin Mary;Crucifixion,"Robert Lehman Collection, 1975",False,results_harvest_17_departments/met_metadata.csv
459059,The Holy Family,Robert Lehman Collection,Paintings,Netherlandish,Oil on oak panel,possibly 1527–33,1522,1538,Joos van Cleve,Netherlandish,,1485.0,1541.0,https://images.metmuseum.org/CRDImages/rl/original/DT3079.jpg,https://images.metmuseum.org/CRDImages/rl/web-large/DT3079.jpg,Christ;Holy Family;Virgin Mary,"Robert Lehman Collection, 1975",False,results_harvest_17_departments/met_metadata.csv
458954,Saint Mary Magdalen,Robert Lehman Collection,Paintings,,"Tempera on wood, gold ground",1350s,1336,1370,Lippo Memmi (Filippo di Memmo),Italian,,1317.0,1356.0,https://images.metmuseum.org/CRDImages/rl/original/DP-14829-001.jpg,https://images.metmuseum.org/CRDImages/rl/web-large/DP-14829-001.jpg,Mary Magdalene,"Robert Lehman Collection, 1975",False,results_harvest_17_departments/met_metadata.csv
459186,Study for the Equestrian Monument to Francesco Sforza,Robert Lehman Collection,Drawings,,"Pen and brown ink, light and dark brown wash; outlines of the horse and rider pricked for transfer.",early to mid 1480s,1480,1487,Antonio Pollaiuolo,Italian,,1432.0,1498.0,https://images.metmuseum.org/CRDImages/rl/original/DP324215.jpg,https://images.metmuseum.org/CRDImages/rl/web-large/DP324215.jpg,Men;Horses,"Robert Lehman Collection, 1975",True,results_harvest_17_departments/met_metadata.csv
458958,Head of the Virgin,Robert Lehman Collection,Paintings,,Tempera on wood (paint around head scraped away and vacant area gessoed),ca. 1415–18,1410,1420,Taddeo di Bartolo,Italian,,1362.0,1422.0,https://images.metmuseum.org/CRDImages/rl/original/DP293275.jpg,https://images.metmuseum.org/CRDImages/rl/web-large/DP293275.jpg,Heads;Virgin Mary,"Robert Lehman Collection, 1975",False,results_harvest_17_departments/met_metadata.csv
458969,The Virgin Annunciate,Robert Lehman Collection,Paintings,,"Tempera on wood, gold ground",ca. 1445–50,1440,1455,Andrea Delitio,Italian,,1435.0,1485.0,https://images.metmuseum.org/CRDImages/rl/original/DP267396.jpg,https://images.metmuseum.org/CRDImages/rl/web-large/DP267396.jpg,Virgin Mary,"Robert Lehman Collection, 1975",False,results_harvest_17_departments/met_metadata.csv
459064,Adoration of the Magi,Robert Lehman Collection,Paintings,Netherlandish,Oil on oak panel,probably seventeenth century,1600,1699,Imitator of Netherlandish (Antwerp Mannerist) Painter,Netherlandish,,,,https://images.metmuseum.org/CRDImages/rl/original/DT3085.jpg,https://images.metmuseum.org/CRDImages/rl/web-large/DT3085.jpg,Men;Madonna and Child;Adoration of the Magi,"Robert Lehman Collection, 1975",False,results_harvest_17_departments/met_metadata.csv
459582,The Holy Virgins Greeted by Christ as They Enter the Gates of Paradise,Robert Lehman Collection,Manuscripts and Illuminations,,Tempera and gold leaf on parchment,ca. 1467–70,1464,1473,Simon Marmion,French,,1425.0,1489.0,https://images.metmuseum.org/CRDImages/rl/original/DT3614.jpg,https://images.metmuseum.org/CRDImages/rl/web-large/DT3614.jpg,Women;Angels;Christ;Heaven,"Robert Lehman Collection, 1975",False,results_harvest_17_departments/met_metadata.csv
459001,Madonna Adoring the Child,Robert Lehman Collection,Paintings,,Tempera and gold on wood,ca. 1490–95,1485,1495,Botticelli (Alessandro di Mariano Filipepi),Italian,,1444.0,1510.0,https://images.metmuseum.org/CRDImages/rl/original/DP318246.jpg,https://images.metmuseum.org/CRDImages/rl/web-large/DP318246.jpg,Virgin Mary;Jesus;Nativity,"Robert Lehman Collection, 1975",False,results_harvest_17_departments/met_metadata.csv
459227,Emperor Vespasian Cured by Veronica's Veil,Robert Lehman Collection,Textiles-Tapestries,"Flemish, Brussels","Wool, silk, and gilt-metal-strip-wrapped silk in slit, dovetailed, and double interlocking tapestry weave.",ca. 1510,1510,1510,,,,,,https://images.metmuseum.org/CRDImages/rl/original/DP-14326-001.jpg,https://images.metmuseum.org/CRDImages/rl/web-large/DP-14326-001.jpg,Birds;Men;Women;Dogs;Christ;Beds,"Robert Lehman Collection, 1975",True,results_harvest_17_departments/met_metadata.csv
720984,Model for a medal of Francesco Redi; a Ship at Sea,Robert Lehman Collection,Medals,,Wax on slate.,1677,1677,1677,Massimiliano Soldani,Italian,,1656.0,1740.0,https://images.metmuseum.org/CRDImages/rl/original/SLP1320b.jpg,https://images.metmuseum.org/CRDImages/rl/web-large/SLP1320b.jpg,Ships,"Robert Lehman Collection, 1975",False,results_harvest_17_departments/met_metadata.csv
917782,"[Merchants' Carnival Portrait: Hiram Jennings Fancy Groceries, Moberly, Missouri]",Photographs,Photographs,,Albumen silver print,1880s–1890s,1880,1899,True,American,,1880.0,1899.0,https://images.metmuseum.org/CRDImages/ph/original/DP-43423-235.jpg,https://images.metmuseum.org/CRDImages/ph/web-large/DP-43423-235.jpg,,"Gift of the Shimshak Brenner Family, in memory of Robert Shimshak, 2024",False,results_harvest_17_departments/met_metadata.csv
623038,"Figure 20: Profound suffering, with resignation",Photographs,Photographs,,Albumen silver print from glass negative,"1854–56, printed 1862",1854,1856,Guillaume-Benjamin-Amand Duchenne de Boulogne,French,,1806.0,1875.0,https://images.metmuseum.org/CRDImages/ph/original/DP304445.jpg,https://images.metmuseum.org/CRDImages/ph/web-large/DP304445.jpg,Science;Men;Portraits,"Purchase, The Buddy Taub Foundation Gift, Dennis A. Roach and Jill Roach, Directors; Harris Brisbane Dick and William E. Dodge Funds; and W. Bruce and Delaney H. Lundberg Gift, 2013",False,results_harvest_17_departments/met_metadata.csv
474336,Portable Icon with the Virgin Eleousa,Medieval Art,Mosaics,Byzantine,"Miniature mosaic set in wax on wood panel, with gold, multicolored stones, and gilded copper",early 1300s,1300,1325,,,,,,https://images.metmuseum.org/CRDImages/md/original/DP-38912-001.jpg,https://images.metmuseum.org/CRDImages/md/web-large/DP-38912-001.jpg,Madonna and Child,"Gift of John C. Weber, in honor of Philippe de Montebello, 2008",False,results_harvest_new_7_departments/met_metadata.csv
464179,Triptych with the Coronation of the Virgin,Medieval Art,Ivories-Elephant,German,"Elephant ivory with polychromy, gilded decoration, and metal mounts",1325–50,1325,1350,,,,,,https://images.metmuseum.org/CRDImages/md/original/DP-33219-001.jpg,https://images.metmuseum.org/CRDImages/md/web-large/DP-33219-001.jpg,Angels;Madonna and Child,"Gift of J. Pierpont Morgan, 1917",False,results_harvest_new_7_departments/met_metadata.csv
472562,The Fieschi Morgan Staurotheke,Medieval Art,Enamels-Cloisonné,Byzantine,"Gilded silver, gold, enamel worked in cloisonné, and niello",early 9th century,800,835,,,,,,https://images.metmuseum.org/CRDImages/md/original/DT119.jpg,https://images.metmuseum.org/CRDImages/md/web-large/DT119.jpg,Christ;Virgin Mary;Crucifixion;Saints,"Gift of J. Pierpont Morgan, 1917",True,results_harvest_new_7_departments/met_metadata.csv
463785,Enthroned Virgin and Child,Medieval Art,Sculpture-Wood,German,"Oak, with paint",ca. 1280,1275,1285,,,,,,https://images.metmuseum.org/CRDImages/md/original/sf16-32-183s1.jpg,https://images.metmuseum.org/CRDImages/md/web-large/sf16-32-183s1.jpg,,"Gift of J. Pierpont Morgan, 1916",False,results_harvest_new_7_departments/met_metadata.csv
478665,Four Gospels in Armenian,Medieval Art,Manuscripts and Illuminations,Armenian,Tempera and gold on paper; stamped leather binding,1434/35,1434,1435,,,,,,https://images.metmuseum.org/CRDImages/md/original/DP228809.jpg,https://images.metmuseum.org/CRDImages/md/web-large/DP228809.jpg,Men;Angels;Christ;Virgin Mary;Nativity,"Purchase, Fletcher Fund, Hagop Kevorkian Fund Gift, in memory of Hagop Kevorkian, Tianaderrah Foundation, B.H. Breslauer Foundation, Aso O. Tavitian, Karen Bedrosian Richardson, Elizabeth Mugar Eveillard and Arax Simsarian Gifts and funds from various donors, 2010",False,results_harvest_new_7_departments/met_metadata.csv
477499,Jaharis Byzantine Lectionary,Medieval Art,Manuscripts and Illuminations,Byzantine,"Tempera, gold, and ink on parchment; leather binding",ca. 1100,1100,1100,,,,,,https://images.metmuseum.org/CRDImages/md/original/DP160636.jpg,https://images.metmuseum.org/CRDImages/md/web-large/DP160636.jpg,,"Purchase, Mary and Michael Jaharis Gift and Lila Acheson Wallace Gift, 2007",True,results_harvest_new_7_departments/met_metadata.csv
464447,Prayer Bead with the Crucifixion and Jesus before Pilate,Medieval Art,Sculpture-Miniature-Wood,Netherlandish,Boxwood,early 16th century,1500,1525,,,,,,https://images.metmuseum.org/CRDImages/md/original/DP371971.jpg,https://images.metmuseum.org/CRDImages/md/web-large/DP371971.jpg,Horses;Christ;Bearing the Cross;Crucifixion,"Gift of J. Pierpont Morgan, 1917",False,results_harvest_new_7_departments/met_metadata.csv
464251,Diptych with Scenes from the Lives of Jesus and Mary,Medieval Art,Ivories-Elephant,French,Elephant ivory with metal mounts,ca. 1350,1345,1355,,,,,,https://images.metmuseum.org/CRDImages/md/original/sf17-190-251s1.jpg,https://images.metmuseum.org/CRDImages/md/web-large/sf17-190-251s1.jpg,Christ;Virgin Mary;Adoration of the Magi;Adoration of the Shepherds;Crucifixion,"Gift of J. Pierpont Morgan, 1917",False,results_harvest_new_7_departments/met_metadata.csv
469960,Fragment of a Floor Mosaic with a Personification of Ktisis,Medieval Art,Mosaics,Byzantine,Marble and glass,"500–550, with modern restoration",500,500,,,,,,https://images.metmuseum.org/CRDImages/md/original/DP-37759-001.jpg,https://images.metmuseum.org/CRDImages/md/web-large/DP-37759-001.jpg,Men;Women;Cornucopia,"Harris Brisbane Dick Fund and Fletcher Fund, 1998; Purchase, Lila Acheson Wallace Gift, Dodge Fund, and Rogers Fund, 1999",True,results_harvest_new_7_departments/met_metadata.csv
464294,Virgin and Child,Medieval Art,Ivories-Elephant,French,Elephant ivory with paint,ca. 1275–1300,1275,1300,,,,,,https://images.metmuseum.org/CRDImages/md/original/DP-34069-001.jpg,https://images.metmuseum.org/CRDImages/md/web-large/DP-34069-001.jpg,,"Gift of J. Pierpont Morgan, 1917",False,results_harvest_new_7_departments/met_metadata.csv
464483,Chasse with the Crucifixion and Christ in Majesty,Medieval Art,Enamels-Champlevé,French,Gilded copper and champlevé enamel,ca. 1180–90,1180,1190,,,,,,https://images.metmuseum.org/CRDImages/md/original/DT128.jpg,https://images.metmuseum.org/CRDImages/md/web-large/DT128.jpg,Apostles;Christ;Saint John the Evangelist;Virgin Mary;Crucifixion,"Gift of J. Pierpont Morgan, 1917",True,results_harvest_new_7_departments/met_metadata.csv
463795,Virgin and Child in Majesty,Medieval Art,Sculpture-Wood,French,"Walnut with paint, tin relief on a lead white ground, and linen",ca. 1175–1200,1175,1200,,,,,,https://images.metmuseum.org/CRDImages/md/original/DP212268.jpg,https://images.metmuseum.org/CRDImages/md/web-large/DP212268.jpg,Christ;Madonna and Child;Virgin Mary,"Gift of J. Pierpont Morgan, 1916",True,results_harvest_new_7_departments/met_metadata.csv
701436,Plaques with Scenes from the Story of Joshua,Medieval Art,Bone,Byzantine,"Ivory, traces of polychromy, gilding; bone (border strips)",900–1000,900,1000,,,,,,https://images.metmuseum.org/CRDImages/md/original/DT157.jpg,https://images.metmuseum.org/CRDImages/md/web-large/DT157.jpg,Weapons;Men;Flowers,"Gift of J. Pierpont Morgan, 1917",False,results_harvest_new_7_departments/met_metadata.csv
464148,Virgin and Child,Medieval Art,Ivories-Elephant,North French,Elephant Ivory with paint and gilding,ca. 1250–75,1250,1275,,,,,,https://images.metmuseum.org/CRDImages/md/original/sf17-190-191abs1.jpg,https://images.metmuseum.org/CRDImages/md/web-large/sf17-190-191abs1.jpg,,"Gift of J. Pierpont Morgan, 1917",False,results_harvest_new_7_departments/met_metadata.csv
464018,Plaque with Scenes from the Story of Joshua,Medieval Art,Ivories-Elephant,Byzantine,"Elephant ivory, traces of polychromy, gilding; bone (border strips)",900–1000,900,1000,,,,,,https://images.metmuseum.org/CRDImages/md/original/LC_17_190_137a-cs_1.jpg,https://images.metmuseum.org/CRDImages/md/web-large/LC_17_190_137a-cs_1.jpg,Men,"Gift of J. Pierpont Morgan, 1917",False,results_harvest_new_7_departments/met_metadata.csv
464453,"Altarpiece with the Lives of Jesus, Saint John the Baptist, and Saint John the Evangelist",Medieval Art,Bone,North Italian,"Bone framed with intarsia and horn, traces of paint and gilding",ca. 1390–1400,1390,1400,Baldassare degli Embriachi,Italian,,1390.0,1409.0,https://images.metmuseum.org/CRDImages/md/original/sf17-190-489s01a.jpg,https://images.metmuseum.org/CRDImages/md/web-large/sf17-190-489s01a.jpg,Christ;Saint John the Baptist;Saint John the Evangelist;Annunciation;Bearing the Cross;Crucifixion;Nativity,"Gift of J. Pierpont Morgan, 1917",False,results_harvest_new_7_departments/met_metadata.csv
464273,Diptych with the Adoration of the Magi and the Vera Icon (True Image),Medieval Art,Ivories-Elephant,North French,Elephant ivory with metal mounts,ca. 1325–50,1325,1350,,,,,,https://images.metmuseum.org/CRDImages/md/original/DP-33217-001.jpg,https://images.metmuseum.org/CRDImages/md/web-large/DP-33217-001.jpg,Angels;Bishops;Christ;Saint Christopher,"Gift of J. Pierpont Morgan, 1917",False,results_harvest_new_7_departments/met_metadata.csv
464278,Triptych,Medieval Art,Ivories-Elephant,North French,"Elephant ivory, paint, gilding  with metal mounts",1250–1260,1250,1260,,,,,,https://images.metmuseum.org/CRDImages/md/original/DP142954.jpg,https://images.metmuseum.org/CRDImages/md/web-large/DP142954.jpg,Angels;Madonna and Child;Saint Paul;Saint Peter;Virgin Mary;Crucifixion,"Gift of J. Pierpont Morgan, 1917",False,results_harvest_new_7_departments/met_metadata.csv
467367,Virgin and Child,Medieval Art,Ivories-Elephant,French,Elephant ivory with traces of paint and gold (modern wooden wooden and bone base),ca. 1320–30,1320,1330,,,,,,https://images.metmuseum.org/CRDImages/md/original/DP324357.jpg,https://images.metmuseum.org/CRDImages/md/web-large/DP324357.jpg,,"Theodore M. Davis Collection, Bequest of Theodore M. Davis, 1915",False,results_harvest_new_7_departments/met_metadata.csv
468372,"The Three Magi, from an Adoration Group",Medieval Art,Sculpture-Wood,South German,"Wood, gesso, paint, gilding",ca. 1515–20,1515,1520,Hans Thoman,German,,1514.0,1525.0,https://images.metmuseum.org/CRDImages/md/original/DP330356.jpg,https://images.metmuseum.org/CRDImages/md/web-large/DP330356.jpg,Men;Adoration of the Magi,"Purchase, Joseph Pulitzer Bequest, 1951",False,results_harvest_new_7_departments/met_metadata.csv
464161,Folding Devotional Shrine with Scenes from Christ's Passion,Medieval Art,Ivories-Elephant,French or German,"Elephant Ivory, with modern paint, gilding, and metal mounts",ca. 1350,1345,1355,,,,,,https://images.metmuseum.org/CRDImages/md/original/DP-29452-001.jpg,https://images.metmuseum.org/CRDImages/md/web-large/DP-29452-001.jpg,Men;Women;Christ;Bearing the Cross;Crucifixion;Pilate,"Gift of J. Pierpont Morgan, 1917",False,results_harvest_new_7_departments/met_metadata.csv
464295,Enthroned Virgin and Child,Medieval Art,Ivories-Elephant,French,Elephant ivory with traces of paint and gilding,ca. 1275–1300,1275,1300,,,,,,https://images.metmuseum.org/CRDImages/md/original/LC_17_190_296_s05.jpg,https://images.metmuseum.org/CRDImages/md/web-large/LC_17_190_296_s05.jpg,,"Gift of J. Pierpont Morgan, 1917",False,results_harvest_new_7_departments/met_metadata.csv
464169,Diptych with Scenes from the Passion,Medieval Art,Ivories-Elephant,French,Elephant ivory with metal mounts,ca. 1350,1345,1355,,,,,,https://images.metmuseum.org/CRDImages/md/original/DP268299.jpg,https://images.metmuseum.org/CRDImages/md/web-large/DP268299.jpg,Donkeys;Christ;Virgin Mary;Judas;Crucifixion;Last Supper,"Gift of J. Pierpont Morgan, 1917",False,results_harvest_new_7_departments/met_metadata.csv
464137,Virgin and Child,Medieval Art,Ivories-Elephant,North French,Elephant ivory,ca. 1250,1245,1255,,,,,,https://images.metmuseum.org/CRDImages/md/original/DP-38911-001.jpg,https://images.metmuseum.org/CRDImages/md/web-large/DP-38911-001.jpg,Madonna and Child,"Gift of J. Pierpont Morgan, 1917",False,results_harvest_new_7_departments/met_metadata.csv
468339,Diptych with Scenes from the Passion of Jesus,Medieval Art,Ivories-Elephant,French,Elephant ivory with metal mounts,ca. 1350–75,1350,1375,,,,,,https://images.metmuseum.org/CRDImages/md/original/sf50-195s1.jpg,https://images.metmuseum.org/CRDImages/md/web-large/sf50-195s1.jpg,Animals;Men;Women;Christ;Judas;Crucifixion;Last Supper;Agony in the Garden,"Rogers Fund, 1950",False,results_harvest_new_7_departments/met_metadata.csv
464118,Crozier Head with Double Enthroned Christ,Medieval Art,Ivories-Elephant,Italian,Elephant ivory with traces of modern paint and gilding,ca. 1350–1375,1350,1375,,,,,,https://images.metmuseum.org/CRDImages/md/original/sf17-190-171s6.jpg,https://images.metmuseum.org/CRDImages/md/web-large/sf17-190-171s6.jpg,Women;Christ,"Gift of J. Pierpont Morgan, 1917",False,results_harvest_new_7_departments/met_metadata.csv
479089,Mirror Case with scenes of paired lovers,Medieval Art,Ivories-Elephant,French,Elephant Ivory,1350–75,1350,1375,,,,,,https://images.metmuseum.org/CRDImages/md/original/DP-28311_001.jpg,https://images.metmuseum.org/CRDImages/md/web-large/DP-28311_001.jpg,,"Gift of Bernard Descheemaeker, in honor of Sir Paul Ruddock, 2021",False,results_harvest_new_7_departments/met_metadata.csv
464272,Diptych with Scenes from the Passion,Medieval Art,Ivories-Elephant,French,Elephant ivory with paint and metal mounts,14th century,1300,1399,,,,,,https://images.metmuseum.org/CRDImages/md/original/sf17-190-273s3.jpg,https://images.metmuseum.org/CRDImages/md/web-large/sf17-190-273s3.jpg,Donkeys;Christ;Virgin Mary;Crucifixion;Descent from the Cross;Last Supper,"Gift of J. Pierpont Morgan, 1917",False,results_harvest_new_7_departments/met_metadata.csv
468350,Case (étui) with an amorous inscription,Medieval Art,Leatherwork,Italian,"Leather (Cuir bouilli), wood core, red cord",1450–1500,1450,1500,,,,,,https://images.metmuseum.org/CRDImages/md/original/DP154235.jpg,https://images.metmuseum.org/CRDImages/md/web-large/DP154235.jpg,,"Rogers Fund, 1950",False,results_harvest_new_7_departments/met_metadata.csv
464441,Half of a Prayer Bead with the Lamentation,Medieval Art,Sculpture-Miniature-Wood,Netherlandish,"Boxwood, silver",early 16th century,1500,1525,,,,,,https://images.metmuseum.org/CRDImages/md/original/DP371012.jpg,https://images.metmuseum.org/CRDImages/md/web-large/DP371012.jpg,Madonna and Child;Mary Magdalene;Virgin Mary;Saints,"Gift of J. Pierpont Morgan, 1917",False,results_harvest_new_7_departments/met_metadata.csv
464132,Right Leaf of a Diptych,Medieval Art,Ivories-Elephant,French,Elephant ivory,14th century,1300,1399,,,,,,https://images.metmuseum.org/CRDImages/md/original/sf17-190-176s1.jpg,https://images.metmuseum.org/CRDImages/md/web-large/sf17-190-176s1.jpg,Christ;Madonna and Child;Adoration of the Magi,"Gift of J. Pierpont Morgan, 1917",False,results_harvest_new_7_departments/met_metadata.csv
464440,Half of a Prayer Bead with the Prayer of the Rosary,Medieval Art,Sculpture-Miniature-Wood,Netherlandish,"Boxwood, silver",early 16th century,1500,1525,,,,,,https://images.metmuseum.org/CRDImages/md/original/DP371010.jpg,https://images.metmuseum.org/CRDImages/md/web-large/DP371010.jpg,Virgin Mary;Jesus,"Gift of J. Pierpont Morgan, 1917",False,results_harvest_new_7_departments/met_metadata.csv
464292,Diptych with the Glorification of the Virgin and the Crucifixion,Medieval Art,Ivories-Elephant,German,Elephant ivory with metal mounts,14th century,1300,1399,,,,,,https://images.metmuseum.org/CRDImages/md/original/sf17-190-293s1.jpg,https://images.metmuseum.org/CRDImages/md/web-large/sf17-190-293s1.jpg,Madonna and Child;Crucifixion,"Gift of J. Pierpont Morgan, 1917",False,results_harvest_new_7_departments/met_metadata.csv
464155,Diptych with the Glorification of the Virgin and the Crucifixion,Medieval Art,Ivories-Elephant,French,Elephant ivory with metal mounts,14th century,1300,1399,,,,,,https://images.metmuseum.org/CRDImages/md/original/LC_17_190_198_s01.jpg,https://images.metmuseum.org/CRDImages/md/web-large/LC_17_190_198_s01.jpg,Angels;Madonna and Child;Crucifixion,"Gift of J. Pierpont Morgan, 1917",False,results_harvest_new_7_departments/met_metadata.csv
464136,"Box with scenes from the Romance, ""The Chatelaine of Vergy""",Medieval Art,Ivories-Elephant,French,Elephant ivory with gilded Silver mounts,ca. 1320–40,1320,1340,,,,,,https://images.metmuseum.org/CRDImages/md/original/sf17-190-180s7.jpg,https://images.metmuseum.org/CRDImages/md/web-large/sf17-190-180s7.jpg,Men;Women,"Gift of J. Pierpont Morgan, 1917",False,results_harvest_new_7_departments/met_metadata.csv
467475,Leaf from a Diptych with the Adoration of the Magi,Medieval Art,Ivories-Elephant,French,"Elephant ivory with traces of paint and gold, metal mounts",ca. 1300–1325,1300,1325,,,,,,https://images.metmuseum.org/CRDImages/md/original/sf32-100-205s1.jpg,https://images.metmuseum.org/CRDImages/md/web-large/sf32-100-205s1.jpg,Jesus;Adoration of the Magi,"The Friedsam Collection, Bequest of Michael Friedsam, 1931",False,results_harvest_new_7_departments/met_metadata.csv
464253,Folding Shrine with Virgin and Child,Medieval Art,Ivories-Elephant,French,Elephant ivory with traces of polychromy and metal mounts,14th century,1300,1399,,,,,,https://images.metmuseum.org/CRDImages/md/original/sf17-190-253s1.jpg,https://images.metmuseum.org/CRDImages/md/web-large/sf17-190-253s1.jpg,Men;Women;Saints,"Gift of J. Pierpont Morgan, 1917",False,results_harvest_new_7_departments/met_metadata.csv
468254,Manuscript Illumination with Adoration of the Magi,Medieval Art,Manuscripts and Illuminations,Netherlandish,"Tempera, ink, and shell gold on parchment",ca. 1515–25,1515,1525,Master of James IV of Scotland (probably Gerard Horenbout),Netherlandish,,1480.0,1535.0,https://images.metmuseum.org/CRDImages/md/original/DT11895.jpg,https://images.metmuseum.org/CRDImages/md/web-large/DT11895.jpg,Men;Women;Cows;Dogs;Donkeys;Horses;Virgin Mary;Jesus;Adoration of the Magi,"Bequest of George D. Pratt, 1935",False,results_harvest_new_7_departments/met_metadata.csv
468624,Stole with the Martyrdom of St. Catherine,Medieval Art,Textiles-Embroidered,German,Silk with linen underlay,ca. 1200,1197,1203,,,,,,https://images.metmuseum.org/CRDImages/md/original/DT201074.jpg,https://images.metmuseum.org/CRDImages/md/web-large/DT201074.jpg,Men;Women;Saint Catherine,"Gift of Irwin Untermyer, 1964",False,results_harvest_new_7_departments/met_metadata.csv
464016,Panel from an Ivory Casket with Scenes of the Story of Joshua,Medieval Art,Ivories-Elephant,Byzantine,"Elephant ivory, traces of polychromy",900–1000,900,1000,,,,,,https://images.metmuseum.org/CRDImages/md/original/LC_17_190_135a-ds_1.jpg,https://images.metmuseum.org/CRDImages/md/web-large/LC_17_190_135a-ds_1.jpg,Men,"Gift of J. Pierpont Morgan, 1917",False,results_harvest_new_7_departments/met_metadata.csv
467421,Leaf from a Manuscript of Valerius Maximus,Medieval Art,Manuscripts and Illuminations,French,"Tempera, ink, and gold on parchment",ca. 1380–90,1375,1385,Workshop of Pierre Remiet,French,,1368.0,1396.0,https://images.metmuseum.org/CRDImages/md/original/DT5143.jpg,https://images.metmuseum.org/CRDImages/md/web-large/DT5143.jpg,Altars;Kings;Men;Ceres;Bishops,"Bequest of Gwynne M. Andrews, 1930",False,results_harvest_new_7_departments/met_metadata.csv
467694,Folding Shrine with Virgin and Child,Medieval Art,Ivories-Elephant,French,"Elephant ivory, traces of paint and gilding",ca. 1300–1325,1300,1325,,,,,,https://images.metmuseum.org/CRDImages/md/original/sf41-100-122s2.jpg,https://images.metmuseum.org/CRDImages/md/web-large/sf41-100-122s2.jpg,,"Gift of George Blumenthal, 1941",False,results_harvest_new_7_departments/met_metadata.csv
464157,"Diptych with the Entry into Jerusalem, Crucifixion, Entombment, and Resurrection",Medieval Art,Ivories-Elephant,French,Elephant ivory with metal mounts,14th century,1300,1399,,,,,,https://images.metmuseum.org/CRDImages/md/original/sf17-190-200s1c.jpg,https://images.metmuseum.org/CRDImages/md/web-large/sf17-190-200s1c.jpg,Christ;Crucifixion;Entombment,"Gift of J. Pierpont Morgan, 1917",False,results_harvest_new_7_departments/met_metadata.csv
464017,Casket Plaque,Medieval Art,Ivories-Bone,Byzantine,"Ivory, traces of polychromy",900–1000,900,1000,,,,,,https://images.metmuseum.org/CRDImages/md/original/LC_17_190_136a-cs_1.jpg,https://images.metmuseum.org/CRDImages/md/web-large/LC_17_190_136a-cs_1.jpg,Profiles;Flowers,"Gift of J. Pierpont Morgan, 1917",False,results_harvest_new_7_departments/met_metadata.csv
464087,Circular Box (Pyxis) with Scenes from the Infancy of Jesus,Medieval Art,Ivories-Elephant,French,Elephant ivory with traces of polychromy,early 14th century,1300,1340,,,,,,https://images.metmuseum.org/CRDImages/md/original/sf17-190-168s1.jpg,https://images.metmuseum.org/CRDImages/md/web-large/sf17-190-168s1.jpg,Human Figures,"Gift of J. Pierpont Morgan, 1917",False,results_harvest_new_7_departments/met_metadata.csv
468640,Plate with Wife Beating Husband,Medieval Art,Metalwork-Copper alloy,Netherlandish,"Copper alloy, wrought",ca. 1480,1480,1480,,,,,,https://images.metmuseum.org/CRDImages/md/original/DP123979.jpg,https://images.metmuseum.org/CRDImages/md/web-large/DP123979.jpg,Men;Women,"Gift of Irwin Untermyer, 1964",False,results_harvest_new_7_departments/met_metadata.csv
464268,Diptych with the Passion of Jesus,Medieval Art,Ivories-Elephant,French or Netherlandish,"Elephant ivory, parchment, pigment, silver frame",1400–1450,1400,1450,,,,,,https://images.metmuseum.org/CRDImages/md/original/sf17-190-269s1.jpg,https://images.metmuseum.org/CRDImages/md/web-large/sf17-190-269s1.jpg,Christ;Crucifixion;Coat of Arms,"Gift of J. Pierpont Morgan, 1917",False,results_harvest_new_7_departments/met_metadata.csv
464264,Leaf from a Diptych,Medieval Art,Ivories-Elephant,British,Elephant ivory,mid to late 14th century,1350,1399,,,,,,https://images.metmuseum.org/CRDImages/md/original/sf17-190-265s1.jpg,https://images.metmuseum.org/CRDImages/md/web-large/sf17-190-265s1.jpg,Christ;Virgin Mary;Lamentation,"Gift of J. Pierpont Morgan, 1917",False,results_harvest_new_7_departments/met_metadata.csv
464133,"Box with Scenes from the Romance, “The Chatelaine de Vergy”",Medieval Art,Ivories-Elephant,French,"Elephant ivory, modern wood core",ca. 1320–40,1320,1340,,,,,,https://images.metmuseum.org/CRDImages/md/original/sf17-190-177abs5.jpg,https://images.metmuseum.org/CRDImages/md/web-large/sf17-190-177abs5.jpg,Weapons;Couples;Men;Women,"Gift of J. Pierpont Morgan, 1917",False,results_harvest_new_7_departments/met_metadata.csv
467731,Box with Standing Saints,Medieval Art,Ivories-Elephant,"French (lid)/European (lower elements, hardware)","Elephant ivory, gilded copper mounts",14th century (with 19th century elements),1300,1399,,,,,,https://images.metmuseum.org/CRDImages/md/original/sf41-100-158s5.jpg,https://images.metmuseum.org/CRDImages/md/web-large/sf41-100-158s5.jpg,Men,"Gift of George Blumenthal, 1941",False,results_harvest_new_7_departments/met_metadata.csv
467643,Leaf of a Writing Tablet,Medieval Art,Ivories-Elephant,French,Elephant ivory,14th century,1300,1399,,,,,,https://images.metmuseum.org/CRDImages/md/original/DP318278.jpg,https://images.metmuseum.org/CRDImages/md/web-large/DP318278.jpg,Couples;Men;Women,"Gift of Ann Payne Blumenthal, 1938",False,results_harvest_new_7_departments/met_metadata.csv
467685,Cameo with the Archangel Michael,Medieval Art,Lapidary Work-Sardonyx,Byzantine,Sardonyx,probably late 14th century,1375,1399,,,,,,https://images.metmuseum.org/CRDImages/md/original/DP157960.jpg,https://images.metmuseum.org/CRDImages/md/web-large/DP157960.jpg,Saint Michael,"The Milton Weil Collection, 1940",False,results_harvest_new_7_departments/met_metadata.csv
466085,"Capital with Angels Holding the Veil of Saint Veronica, with a Column",Medieval Art,Sculpture-Architectural,North Italian,Limestone with traces of polychromy,ca. 1325–75,1325,1375,,,,,,https://images.metmuseum.org/CRDImages/md/original/MED47.jpg,https://images.metmuseum.org/CRDImages/md/web-large/MED47.jpg,Faces;Angels,"Purchase, Gifts of Irwin Untermyer, J. Pierpont Morgan and Marcus T. Reynolds, by exchange;  Bequests of George D. Pratt, Susan Dwight Bliss and Henry Victor Burgy, by exchange; and Rogers and Frederick C. Hewitt Funds, 1981",False,results_harvest_new_7_departments/met_metadata.csv
464125,Box with Romance Scenes,Medieval Art,Ivories-Elephant,French,Elephant ivory,ca. 1310–30,1310,1330,,,,,,https://images.metmuseum.org/CRDImages/md/original/DT229473.jpg,https://images.metmuseum.org/CRDImages/md/web-large/DT229473.jpg,Alexander The Great;Aristotle;Women;Unicorns;Dogs;Horses;Lions;Knights,"Gift of J. Pierpont Morgan, 1917; The Cloisters Collection, 1988",True,results_harvest_new_7_departments/met_metadata.csv
464243,Fragments of a Crucifixion,Medieval Art,Ivories-Elephant,French or South Netherlandish,"Elephant ivory, velvet pasteboard",late 14th or early 15th century,1375,1425,,,,,,https://images.metmuseum.org/CRDImages/md/original/sf17-190-243s1.jpg,https://images.metmuseum.org/CRDImages/md/web-large/sf17-190-243s1.jpg,Women,"Gift of J. Pierpont Morgan, 1917",False,results_harvest_new_7_departments/met_metadata.csv
470298,Sword and Scabbard,Medieval Art,Metalwork-Bronze,Celtic,"Iron blade, copper alloy hilt and scabbard",ca. 60 BCE,-65,-55,,,,,,https://images.metmuseum.org/CRDImages/md/original/DT107.jpg,https://images.metmuseum.org/CRDImages/md/web-large/DT107.jpg,,"Rogers Fund, 1999",True,results_harvest_new_7_departments/met_metadata.csv
464699,Book Cover with Crucifixion Panel,Medieval Art,Ivories-Elephant,French,"Elephant ivory, champlevé enamel, and gilded copper on wood support",second quarter 14th century,1325,1350,,,,,,https://images.metmuseum.org/CRDImages/md/original/DP-33218-001.jpg,https://images.metmuseum.org/CRDImages/md/web-large/DP-33218-001.jpg,Virgin Mary;Crucifixion,"Gift of J. Pierpont Morgan, 1917",False,results_harvest_new_7_departments/met_metadata.csv
464289,Folding Shrine with Virgin and Child,Medieval Art,Ivories-Elephant,French,Elephant ivory with metal mounts,ca. 1325,1320,1330,,,,,,https://images.metmuseum.org/CRDImages/md/original/sf17-190-290s2.jpg,https://images.metmuseum.org/CRDImages/md/web-large/sf17-190-290s2.jpg,Christ;Virgin Mary,"Gift of J. Pierpont Morgan, 1917",False,results_harvest_new_7_departments/met_metadata.csv
468062,Textile Fragment with Double-Headed Eagles,Medieval Art,Textiles-Woven,Islamic,Silk,11th–12th century,1000,1199,,,,,,https://images.metmuseum.org/CRDImages/md/original/DP-20643-001.jpg,https://images.metmuseum.org/CRDImages/md/web-large/DP-20643-001.jpg,Eagles,"Purchase, Joseph Pulitzer Bequest Fund, 1941",False,results_harvest_new_7_departments/met_metadata.csv
477779,Limestone Head of Joseph,Medieval Art,Sculpture-Stone,French,Limestone with traces of polychromy,ca. 1230,1225,1235,,,,,,https://images.metmuseum.org/CRDImages/md/original/DP151464.jpg,https://images.metmuseum.org/CRDImages/md/web-large/DP151464.jpg,Heads;Men;Joseph,"Purchase, Scher Chemicals Inc. and Audrey Love Charitable Foundation Gifts; Anonymous Gift, in honor of Charles T. Little; William and Toni Conte and Stephen K. Scher Gifts; and funds from various donors, 2007",False,results_harvest_new_7_departments/met_metadata.csv
466073,Right Wing of a Diptych with Crucifixion,Medieval Art,Ivories-Elephant,French (?),Elephant ivory,first half 14th century,1300,1350,,,,,,https://images.metmuseum.org/CRDImages/md/original/sf1981-476s1.jpg,https://images.metmuseum.org/CRDImages/md/web-large/sf1981-476s1.jpg,Men;Women;Christ,"Gift of Mr.& Mrs. Maxime Levy Hermanos, 1981",False,results_harvest_new_7_departments/met_metadata.csv
464130,Folding Shrine with the Virgin and Child,Medieval Art,Ivories-Elephant,French or Italian,Elephant ivory with metal mounts,14th century,1300,1399,,,,,,https://images.metmuseum.org/CRDImages/md/original/sf17-190-174s1.jpg,https://images.metmuseum.org/CRDImages/md/web-large/sf17-190-174s1.jpg,Men;Women,"Gift of J. Pierpont Morgan, 1917",False,results_harvest_new_7_departments/met_metadata.csv
464046,Box with Courting Couples,Medieval Art,Ivories-Elephant,French,Elephant ivory with modern iron and cardboard mounts,14th century,1300,1399,,,,,,https://images.metmuseum.org/CRDImages/md/original/sf17-190-163s6.jpg,https://images.metmuseum.org/CRDImages/md/web-large/sf17-190-163s6.jpg,Couples;Men;Women,"Gift of J. Pierpont Morgan, 1917",False,results_harvest_new_7_departments/met_metadata.csv
464174,Virgin and Child,Medieval Art,Ivories-Elephant,French,Elephant ivory,mid-14th century,1300,1399,,,,,,https://images.metmuseum.org/CRDImages/md/original/sf17-190-210s1a.jpg,https://images.metmuseum.org/CRDImages/md/web-large/sf17-190-210s1a.jpg,,"Gift of J. Pierpont Morgan, 1917",False,results_harvest_new_7_departments/met_metadata.csv
464247,Mirror Case,Medieval Art,Ivories-Elephant,French,Elephant ivory,ca. 1350,1345,1355,,,,,,https://images.metmuseum.org/CRDImages/md/original/sf17-190-247s1.jpg,https://images.metmuseum.org/CRDImages/md/web-large/sf17-190-247s1.jpg,Animals;Men;Horses,"Gift of J. Pierpont Morgan, 1917",False,results_harvest_new_7_departments/met_metadata.csv
466251,Processional Cross,Medieval Art,Metalwork-Silver,Byzantine,Silver with gilding and gilded silver medallions,ca. 1000–1050,995,1005,,,,,,https://images.metmuseum.org/CRDImages/md/original/DT121.jpg,https://images.metmuseum.org/CRDImages/md/web-large/DT121.jpg,Angels;Christ;Saint John the Baptist;Virgin Mary;Cross,"Rogers Fund, 1993",True,results_harvest_new_7_departments/met_metadata.csv
474207,The Crucifixion,Medieval Art,Enamels-Champlevé & Cloisonné,French,"Gilded copper, cloisonné and champlevé enamel",ca. 1100,1100,1100,,,,,,https://images.metmuseum.org/CRDImages/md/original/DP145382.jpg,https://images.metmuseum.org/CRDImages/md/web-large/DP145382.jpg,Christ;Crucifixion,"Purchase, Michel David-Weill Gift and 2006 Benefit Fund, 2007",False,results_harvest_new_7_departments/met_metadata.csv
466060,Steelyard Weight with a Bust of a Byzantine Empress and a Hook,Medieval Art,Metalwork-Copper alloy,Byzantine,"Copper alloy, filled with lead, brass hook",400–450,400,450,,,,,,https://images.metmuseum.org/CRDImages/md/original/98T_cat67r4.jpg,https://images.metmuseum.org/CRDImages/md/web-large/98T_cat67r4.jpg,Women,"Purchase, Gifts of J. Pierpont Morgan, Mrs. Robert J. Levy, Mr. and Mrs. Frederic B. Pratt, George Blumenthal, Coudert Brothers and Mrs. Lucy W. Drexel, by exchange; Bequest of George Blumenthal and Theodore M. Davis Collection, Bequest of Theodore M. Davis, by exchange; and Rogers Fund, 1980",False,results_harvest_new_7_departments/met_metadata.csv
464256,Top Panel of a Box,Medieval Art,Ivories-Elephant,French,Elephant ivory,ca. 1320–40,1320,1340,,,,,,https://images.metmuseum.org/CRDImages/md/original/DP-15003-001.jpg,https://images.metmuseum.org/CRDImages/md/web-large/DP-15003-001.jpg,Musical Instruments;Men;Women;Horses,"Gift of J. Pierpont Morgan, 1917",False,results_harvest_new_7_departments/met_metadata.csv
464352,Chalice,Medieval Art,Metalwork-Silver,Spanish,Gilded silver and enamel,first half 16th century,1500,1550,,,,,,https://images.metmuseum.org/CRDImages/md/original/sf17-190-372s2.jpg,https://images.metmuseum.org/CRDImages/md/web-large/sf17-190-372s2.jpg,,"Gift of J. Pierpont Morgan, 1917",False,results_harvest_new_7_departments/met_metadata.csv
473485,Gold Bracteate,Medieval Art,Metalwork-Gold,Scandinavian,Gold,400–600,400,600,,,,,,https://images.metmuseum.org/CRDImages/md/original/2001.583.jpg,https://images.metmuseum.org/CRDImages/md/web-large/2001.583.jpg,Animals;Birds;Faces,"Purchase, Gift of Dr. Mortimer D. Sackler, Theresa Sackler and Family, and John W. Byington Trust Gift, 2001",False,results_harvest_new_7_departments/met_metadata.csv
503046,Grand Pianoforte,Musical Instruments,Chordophone-Zither-struck-piano,British,"Satinwood veneer, oak, spruce, iron, steel, ebony, ivory, gilding, mother-of-pearl, holly, mahogany, burl walnut, tulipwood, silver wire",ca. 1840,1820,1860,Érard,French,,1780.0,1959.0,https://images.metmuseum.org/CRDImages/mi/original/DP225545.jpg,https://images.metmuseum.org/CRDImages/mi/web-large/DP225545.jpg,Birds;Men;Women;Bacchus;Ceres;Persephone,"Gift of Mrs. Henry McSweeney, 1959",True,results_harvest_new_7_departments/met_metadata.csv
501478,‘Gaillard’ Musette,Musical Instruments,Aerophone-Reed Vibrated-bagpipe,French,"ivory, sheepskin, silk",,0,0,,,,,,https://images.metmuseum.org/CRDImages/mi/original/DP-29489-001.jpg,https://images.metmuseum.org/CRDImages/mi/web-large/DP-29489-001.jpg,,"The Crosby Brown Collection of Musical Instruments, 1889",False,results_harvest_new_7_departments/met_metadata.csv
501475,‘Gaillard’ Musette,Musical Instruments,Aerophone-Reed Vibrated-bagpipe,French,"leather, horn, ivory, wood.",,0,0,P. Gaillard,French,,,,https://images.metmuseum.org/CRDImages/mi/original/89.4.864 full.jpg,https://images.metmuseum.org/CRDImages/mi/web-large/89.4.864 full.jpg,,"The Crosby Brown Collection of Musical Instruments, 1889",False,results_harvest_new_7_departments/met_metadata.csv
503455,‘Gaillard’ Musette,Musical Instruments,Aerophone-Reed Vibrated-bagpipe,French,"Ivory, skin, cloth",,0,0,P. Gaillard,French,,,,https://images.metmuseum.org/CRDImages/mi/original/1994.296 full.jpg,https://images.metmuseum.org/CRDImages/mi/web-large/1994.296 full.jpg,,"Rogers Fund, 1994",False,results_harvest_new_7_departments/met_metadata.csv
624385,Viola,Musical Instruments,Chordophone-Lute-bowed-unfretted,Austrian,"Spruce, maple, blackwood",ca. 1660,1655,1665,Jacob Stainer,Austrian,,1617.0,1683.0,https://images.metmuseum.org/CRDImages/mi/original/DP318305.jpg,https://images.metmuseum.org/CRDImages/mi/web-large/DP318305.jpg,,"Purchase, Robert Alonzo Lehman Bequest, Fletcher Fund, 2012 Benefit Fund and Beatrice Francais Gift, 2013",False,results_harvest_new_7_departments/met_metadata.csv
501476,‘Gaillard’ Musette,Musical Instruments,Aerophone-Reed Vibrated-bagpipe,French,"Ivory, leather, silk",19th century,1801,1899,P. Gaillard,French,,,,https://images.metmuseum.org/CRDImages/mi/original/DP-29490-001.jpg,https://images.metmuseum.org/CRDImages/mi/web-large/DP-29490-001.jpg,,"The Crosby Brown Collection of Musical Instruments, 1889",False,results_harvest_new_7_departments/met_metadata.csv
501054,Kaval,Musical Instruments,Aerophone-Blow Hole-end-blown flute (vertical),Turkish,Boxwood,late 19th century,1850,1900,,,,,,https://images.metmuseum.org/CRDImages/mi/original/midp89.4.436.jpg,https://images.metmuseum.org/CRDImages/mi/web-large/midp89.4.436.jpg,,"The Crosby Brown Collection of Musical Instruments, 1889",False,results_harvest_new_7_departments/met_metadata.csv
503651,Pipa (琵琶 ),Musical Instruments,Chordophone-Lute-plucked-fretted,Chinese,"Wood, ivory, bone, silk",late 16th–early 17th century,1590,1640,,,,,,https://images.metmuseum.org/CRDImages/mi/original/DP319739.jpg,https://images.metmuseum.org/CRDImages/mi/web-large/DP319739.jpg,Animals;Birds;Men;Flowers,"Bequest of Mary Stillman Harkness, 1950",True,results_harvest_new_7_departments/met_metadata.csv
505742,Harp Guitar,Musical Instruments,Chordophone-Lute-plucked-fretted,French,"Spruce, maple, iron, nickel silver",1827,1827,1827,Joseph Laurent Mast,French,,1779.0,1830.0,https://images.metmuseum.org/CRDImages/mi/original/DP159192.jpg,https://images.metmuseum.org/CRDImages/mi/web-large/DP159192.jpg,,"Purchase, Frederick M. Lehman Bequest, 2007",False,results_harvest_new_7_departments/met_metadata.csv
