objectID,title,department,primaryImage,primaryImageSmall,has_named_creator,inferred_gender,selection_stage
322361,Drachm,Ancient West Asian Art,https://images.metmuseum.org/CRDImages/an/original/DP-13132-039.jpg,https://images.metmuseum.org/CRDImages/an/web-large/DP-13132-039.jpg,False,,unknown_or_unattributed
322612,Relief fragment: Assyrian soldier conducting captives across the water,Ancient West Asian Art,https://images.metmuseum.org/CRDImages/an/original/DP-12499-020.jpg,https://images.metmuseum.org/CRDImages/an/web-large/DP-12499-020.jpg,False,,unknown_or_unattributed
322362,Tetradrachm,Ancient West Asian Art,https://images.metmuseum.org/CRDImages/an/original/DP-13132-041.jpg,https://images.metmuseum.org/CRDImages/an/web-large/DP-13132-041.jpg,False,,unknown_or_unattributed
322620,Assyrian Crown-Prince,Ancient West Asian Art,https://images.metmuseum.org/CRDImages/an/original/DP-13006-005.jpg,https://images.metmuseum.org/CRDImages/an/web-large/DP-13006-005.jpg,False,,unknown_or_unattributed
325979,Drachm,Ancient West Asian Art,https://images.metmuseum.org/CRDImages/an/original/DP-13132-003.jpg,https://images.metmuseum.org/CRDImages/an/web-large/DP-13132-003.jpg,False,,unknown_or_unattributed
701203,Sampler,The American Wing,https://images.metmuseum.org/CRDImages/ad/original/DP701374.jpg,https://images.metmuseum.org/CRDImages/ad/web-large/DP701374.jpg,True,female,named_attribution
324923,Chair back carved in relief,Ancient West Asian Art,https://images.metmuseum.org/CRDImages/an/original/MMA  59-107-3  01b.jpg,https://images.metmuseum.org/CRDImages/an/web-large/MMA  59-107-3  01b.jpg,False,,unknown_or_unattributed
323955,Jar with ibexes,Ancient West Asian Art,https://images.metmuseum.org/CRDImages/an/original/DP-31256-001.jpg,https://images.metmuseum.org/CRDImages/an/web-large/DP-31256-001.jpg,False,,unknown_or_unattributed
325978,Drachm,Ancient West Asian Art,https://images.metmuseum.org/CRDImages/an/original/DP-13132-001.jpg,https://images.metmuseum.org/CRDImages/an/web-large/DP-13132-001.jpg,False,,unknown_or_unattributed
325567,Furniture plaque carved in relief with a female figure,Ancient West Asian Art,https://images.metmuseum.org/CRDImages/an/original/DP110693.jpg,https://images.metmuseum.org/CRDImages/an/web-large/DP110693.jpg,False,,unknown_or_unattributed
327315,Miniature vessel,Ancient West Asian Art,https://images.metmuseum.org/CRDImages/an/original/vs1987_115.jpg,https://images.metmuseum.org/CRDImages/an/web-large/vs1987_115.jpg,False,,unknown_or_unattributed
326387,Bulla,Ancient West Asian Art,https://images.metmuseum.org/CRDImages/an/original/DP-40305-001.jpg,https://images.metmuseum.org/CRDImages/an/web-large/DP-40305-001.jpg,False,,unknown_or_unattributed
322143,Relief fragment,Ancient West Asian Art,https://images.metmuseum.org/CRDImages/an/original/DP-16504-001.jpg,https://images.metmuseum.org/CRDImages/an/web-large/DP-16504-001.jpg,False,,unknown_or_unattributed
328096,Drachm,Ancient West Asian Art,https://images.metmuseum.org/CRDImages/an/original/DP-40316-001.jpg,https://images.metmuseum.org/CRDImages/an/web-large/DP-40316-001.jpg,False,,unknown_or_unattributed
324331,Furniture or cosmetic box plaque carved in the round with striding bull,Ancient West Asian Art,https://images.metmuseum.org/CRDImages/an/original/DP-38929-001.jpg,https://images.metmuseum.org/CRDImages/an/web-large/DP-38929-001.jpg,False,,unknown_or_unattributed
325082,Horse blinker carved in relief with a wedjat eye,Ancient West Asian Art,https://images.metmuseum.org/CRDImages/an/original/DP110665.jpg,https://images.metmuseum.org/CRDImages/an/web-large/DP110665.jpg,False,,unknown_or_unattributed
322360,Drachm,Ancient West Asian Art,https://images.metmuseum.org/CRDImages/an/original/DP-13132-037.jpg,https://images.metmuseum.org/CRDImages/an/web-large/DP-13132-037.jpg,False,,unknown_or_unattributed
324203,Reclining calf: lid attachment,Ancient West Asian Art,https://images.metmuseum.org/CRDImages/an/original/DP110565.jpg,https://images.metmuseum.org/CRDImages/an/web-large/DP110565.jpg,False,,unknown_or_unattributed
322355,Drachm,Ancient West Asian Art,https://images.metmuseum.org/CRDImages/an/original/DP-13132-027.jpg,https://images.metmuseum.org/CRDImages/an/web-large/DP-13132-027.jpg,False,,unknown_or_unattributed
764095,"Christ Carrying the Cross, called ""The Lord of the Fall""",The American Wing,https://images.metmuseum.org/CRDImages/ad/original/DP-18755-007.jpg,https://images.metmuseum.org/CRDImages/ad/web-large/DP-18755-007.jpg,True,unknown,named_attribution
324199,Fan or fly-whisk handle in the form of four female figures,Ancient West Asian Art,https://images.metmuseum.org/CRDImages/an/original/DP110557.jpg,https://images.metmuseum.org/CRDImages/an/web-large/DP110557.jpg,False,,unknown_or_unattributed
322354,Drachm,Ancient West Asian Art,https://images.metmuseum.org/CRDImages/an/original/DP-13132-025.jpg,https://images.metmuseum.org/CRDImages/an/web-large/DP-13132-025.jpg,False,,unknown_or_unattributed
325572,Ivory fragment,Ancient West Asian Art,https://images.metmuseum.org/CRDImages/an/original/DP110697.jpg,https://images.metmuseum.org/CRDImages/an/web-large/DP110697.jpg,False,,unknown_or_unattributed
327376,Sherd,Ancient West Asian Art,https://images.metmuseum.org/CRDImages/an/original/DP-28472-001.jpg,https://images.metmuseum.org/CRDImages/an/web-large/DP-28472-001.jpg,False,,unknown_or_unattributed
327685,Cylinder seal and modern impression: winged horse with claws and horns,Ancient West Asian Art,https://images.metmuseum.org/CRDImages/an/original/DP-41788-001.jpg,https://images.metmuseum.org/CRDImages/an/web-large/DP-41788-001.jpg,False,,unknown_or_unattributed
324383,Plaque fragment,Ancient West Asian Art,https://images.metmuseum.org/CRDImages/an/original/DP110661.jpg,https://images.metmuseum.org/CRDImages/an/web-large/DP110661.jpg,False,,unknown_or_unattributed
322356,Tetradrachm,Ancient West Asian Art,https://images.metmuseum.org/CRDImages/an/original/DP-13132-029.jpg,https://images.metmuseum.org/CRDImages/an/web-large/DP-13132-029.jpg,False,,unknown_or_unattributed
853449,Portrait of Sor Juana de Nuestra Señora de Guadalupe,The American Wing,https://images.metmuseum.org/CRDImages/ad/original/DP-25528-001.jpg,https://images.metmuseum.org/CRDImages/ad/web-large/DP-25528-001.jpg,True,male,named_attribution
4895,Vase,The American Wing,https://images.metmuseum.org/CRDImages/ad/original/DP-26109-003.jpg,https://images.metmuseum.org/CRDImages/ad/web-large/DP-26109-003.jpg,True,female,named_attribution
324751,Border strip,Ancient West Asian Art,https://images.metmuseum.org/CRDImages/an/original/DP110634.jpg,https://images.metmuseum.org/CRDImages/an/web-large/DP110634.jpg,False,,unknown_or_unattributed
322973,Plate with king hunting rams,Ancient West Asian Art,https://images.metmuseum.org/CRDImages/an/original/DP-42233-001.jpg,https://images.metmuseum.org/CRDImages/an/web-large/DP-42233-001.jpg,False,,unknown_or_unattributed
322357,Drachm,Ancient West Asian Art,https://images.metmuseum.org/CRDImages/an/original/DP-13132-031.jpg,https://images.metmuseum.org/CRDImages/an/web-large/DP-13132-031.jpg,False,,unknown_or_unattributed
324747,Plaque fragment,Ancient West Asian Art,https://images.metmuseum.org/CRDImages/an/original/DP110630.jpg,https://images.metmuseum.org/CRDImages/an/web-large/DP110630.jpg,False,,unknown_or_unattributed
323943,Jug in the form of a recumbent bull,Ancient West Asian Art,https://images.metmuseum.org/CRDImages/an/original/DP-25538-001.jpg,https://images.metmuseum.org/CRDImages/an/web-large/DP-25538-001.jpg,False,,unknown_or_unattributed
328186,Plate with reclining zebu,Ancient West Asian Art,https://images.metmuseum.org/CRDImages/an/original/DP701382.jpg,https://images.metmuseum.org/CRDImages/an/web-large/DP701382.jpg,False,,unknown_or_unattributed
324745,Border strip,Ancient West Asian Art,https://images.metmuseum.org/CRDImages/an/original/DP110628.jpg,https://images.metmuseum.org/CRDImages/an/web-large/DP110628.jpg,False,,unknown_or_unattributed
326455,Bulla,Ancient West Asian Art,https://images.metmuseum.org/CRDImages/an/original/DP-40307-001.jpg,https://images.metmuseum.org/CRDImages/an/web-large/DP-40307-001.jpg,False,,unknown_or_unattributed
324749,Border strip,Ancient West Asian Art,https://images.metmuseum.org/CRDImages/an/original/DP110632.jpg,https://images.metmuseum.org/CRDImages/an/web-large/DP110632.jpg,False,,unknown_or_unattributed
324139,Jar with paired birds in panels,Ancient West Asian Art,https://images.metmuseum.org/CRDImages/an/original/hb51_25_25.jpg,https://images.metmuseum.org/CRDImages/an/web-large/hb51_25_25.jpg,False,,unknown_or_unattributed
326457,Bulla,Ancient West Asian Art,https://images.metmuseum.org/CRDImages/an/original/DP-40309-001.jpg,https://images.metmuseum.org/CRDImages/an/web-large/DP-40309-001.jpg,False,,unknown_or_unattributed
325566,"Furniture plaque carved in relief with a striding, ram-headed sphinx supported by two kneeling figures",Ancient West Asian Art,https://images.metmuseum.org/CRDImages/an/original/DP110692.jpg,https://images.metmuseum.org/CRDImages/an/web-large/DP110692.jpg,False,,unknown_or_unattributed
329081,"Proto-Cuneiform tablet with seal impressions: administrative account of barley distribution with cylinder seal impression of a male figure, hunting dogs, and boars",Ancient West Asian Art,https://images.metmuseum.org/CRDImages/an/original/DP293243.jpg,https://images.metmuseum.org/CRDImages/an/web-large/DP293243.jpg,False,,unknown_or_unattributed
325869,"Furniture plaque carved in relief with two addorsed, ram-headed sphinxes",Ancient West Asian Art,https://images.metmuseum.org/CRDImages/an/original/DP115141.jpg,https://images.metmuseum.org/CRDImages/an/web-large/DP115141.jpg,False,,unknown_or_unattributed
327830,Panel with the god Zeus/Serapis/Ohrmazd and worshiper,Ancient West Asian Art,https://images.metmuseum.org/CRDImages/an/original/DT918.jpg,https://images.metmuseum.org/CRDImages/an/web-large/DT918.jpg,False,,unknown_or_unattributed
325584,Helmet with divine figures beneath a bird with outstretched wings,Ancient West Asian Art,https://images.metmuseum.org/CRDImages/an/original/DT874.jpg,https://images.metmuseum.org/CRDImages/an/web-large/DT874.jpg,False,,unknown_or_unattributed
324599,Incised furniture plaque with two ibexes flanking a stylized palmette tree,Ancient West Asian Art,https://images.metmuseum.org/CRDImages/an/original/DP110594.jpg,https://images.metmuseum.org/CRDImages/an/web-large/DP110594.jpg,False,,unknown_or_unattributed
324291,Vessel terminating in the forepart of a fantastic leonine creature,Ancient West Asian Art,https://images.metmuseum.org/CRDImages/an/original/DP-19135-003.jpg,https://images.metmuseum.org/CRDImages/an/web-large/DP-19135-003.jpg,False,,unknown_or_unattributed
325571,Openwork furniture plaque with the head of a feline,Ancient West Asian Art,https://images.metmuseum.org/CRDImages/an/original/DP110696.jpg,https://images.metmuseum.org/CRDImages/an/web-large/DP110696.jpg,False,,unknown_or_unattributed
326893,Openwork stamp seal: figure holding snakes,Ancient West Asian Art,https://images.metmuseum.org/CRDImages/an/original/ANE56.jpg,https://images.metmuseum.org/CRDImages/an/web-large/ANE56.jpg,False,,unknown_or_unattributed
323525,Furniture plaque: hawk,Ancient West Asian Art,https://images.metmuseum.org/CRDImages/an/original/DP110477.jpg,https://images.metmuseum.org/CRDImages/an/web-large/DP110477.jpg,False,,unknown_or_unattributed
325838,Bowl,Ancient West Asian Art,https://images.metmuseum.org/CRDImages/an/original/ME66_205_1.jpg,https://images.metmuseum.org/CRDImages/an/web-large/ME66_205_1.jpg,False,,unknown_or_unattributed
327799,Stamp seal,Ancient West Asian Art,https://images.metmuseum.org/CRDImages/an/original/DP-13441-023.jpg,https://images.metmuseum.org/CRDImages/an/web-large/DP-13441-023.jpg,False,,unknown_or_unattributed
323588,Furniture plaque: wing of a hawk,Ancient West Asian Art,https://images.metmuseum.org/CRDImages/an/original/DP110477.jpg,https://images.metmuseum.org/CRDImages/an/web-large/DP110477.jpg,False,,unknown_or_unattributed
12791,Gabriel Manigault,The American Wing,https://images.metmuseum.org/CRDImages/ad/original/DP239227.jpg,https://images.metmuseum.org/CRDImages/ad/web-large/DP239227.jpg,True,male,named_attribution
326456,Bulla,Ancient West Asian Art,https://images.metmuseum.org/CRDImages/an/original/DP-40308-001.jpg,https://images.metmuseum.org/CRDImages/an/web-large/DP-40308-001.jpg,False,,unknown_or_unattributed
323523,Furniture plaque: deer,Ancient West Asian Art,https://images.metmuseum.org/CRDImages/an/original/DP110474.jpg,https://images.metmuseum.org/CRDImages/an/web-large/DP110474.jpg,False,,unknown_or_unattributed
891628,Dish: The Walls and Hanging Gardens of Babylon,Ancient West Asian Art,https://images.metmuseum.org/CRDImages/an/original/DP-33383-001.jpg,https://images.metmuseum.org/CRDImages/an/web-large/DP-33383-001.jpg,False,,unknown_or_unattributed
322272,Stamp seal with a knob handle: bird of prey with two horned animals caught in its talons,Ancient West Asian Art,https://images.metmuseum.org/CRDImages/an/original/DP-13441-018.jpg,https://images.metmuseum.org/CRDImages/an/web-large/DP-13441-018.jpg,False,,unknown_or_unattributed
323587,Furniture plaque: hawk,Ancient West Asian Art,https://images.metmuseum.org/CRDImages/an/original/DP110477.jpg,https://images.metmuseum.org/CRDImages/an/web-large/DP110477.jpg,False,,unknown_or_unattributed
639782,War club,The American Wing,https://images.metmuseum.org/CRDImages/ad/original/DP-15301-006.jpg,https://images.metmuseum.org/CRDImages/ad/web-large/DP-15301-006.jpg,False,,unknown_or_unattributed
12793,Mrs. Gabriel Manigault,The American Wing,https://images.metmuseum.org/CRDImages/ad/original/DP239228.jpg,https://images.metmuseum.org/CRDImages/ad/web-large/DP239228.jpg,True,male,named_attribution
322244,Square plaque seal with stalk handle,Ancient West Asian Art,https://images.metmuseum.org/CRDImages/an/original/DP-13441-015.jpg,https://images.metmuseum.org/CRDImages/an/web-large/DP-13441-015.jpg,False,,unknown_or_unattributed
323571,Furniture plaque: deer,Ancient West Asian Art,https://images.metmuseum.org/CRDImages/an/original/DP110495.jpg,https://images.metmuseum.org/CRDImages/an/web-large/DP110495.jpg,False,,unknown_or_unattributed
4832,Sugar bowl,The American Wing,https://images.metmuseum.org/CRDImages/ad/original/DP157655.jpg,https://images.metmuseum.org/CRDImages/ad/web-large/DP157655.jpg,True,unknown,named_attribution
321904,Corner fragment of inscribed prism (kudurru),Ancient West Asian Art,https://images.metmuseum.org/CRDImages/an/original/DP273239.jpg,https://images.metmuseum.org/CRDImages/an/web-large/DP273239.jpg,False,,unknown_or_unattributed
325717,Head of a king,Ancient West Asian Art,https://images.metmuseum.org/CRDImages/an/original/DT209307-001.jpg,https://images.metmuseum.org/CRDImages/an/web-large/DT209307-001.jpg,False,,unknown_or_unattributed
324045,Cup decorated with ibexes,Ancient West Asian Art,https://images.metmuseum.org/CRDImages/an/original/DP-26823-001.jpg,https://images.metmuseum.org/CRDImages/an/web-large/DP-26823-001.jpg,False,,unknown_or_unattributed
326158,Tetradrachm of Alexander the Great,Ancient West Asian Art,https://images.metmuseum.org/CRDImages/an/original/DP-13132-043.jpg,https://images.metmuseum.org/CRDImages/an/web-large/DP-13132-043.jpg,False,,unknown_or_unattributed
10771,Spring Landscape,The American Wing,https://images.metmuseum.org/CRDImages/ad/original/ap17.66.jpg,https://images.metmuseum.org/CRDImages/ad/web-large/ap17.66.jpg,True,male,named_attribution
324200,Head of a female figure,Ancient West Asian Art,https://images.metmuseum.org/CRDImages/an/original/DP-41768-001.jpg,https://images.metmuseum.org/CRDImages/an/web-large/DP-41768-001.jpg,False,,unknown_or_unattributed
324110,Levantine vessel with rampant goats and olive trees,Ancient West Asian Art,https://images.metmuseum.org/CRDImages/an/original/DP110529.jpg,https://images.metmuseum.org/CRDImages/an/web-large/DP110529.jpg,False,,unknown_or_unattributed
326157,Tetradrachm of Alexander the Great,Ancient West Asian Art,https://images.metmuseum.org/CRDImages/an/original/DP-36519-001.jpg,https://images.metmuseum.org/CRDImages/an/web-large/DP-36519-001.jpg,False,,unknown_or_unattributed
324933,Female head,Ancient West Asian Art,https://images.metmuseum.org/CRDImages/an/original/DP-28968-001.jpg,https://images.metmuseum.org/CRDImages/an/web-large/DP-28968-001.jpg,False,,unknown_or_unattributed
326395,Tetradrachm of Alexander the Great,Ancient West Asian Art,https://images.metmuseum.org/CRDImages/an/original/DP-16934-019.jpg,https://images.metmuseum.org/CRDImages/an/web-large/DP-16934-019.jpg,False,,unknown_or_unattributed
764091,Our Lady of Valvanera,The American Wing,https://images.metmuseum.org/CRDImages/ad/original/DP-17034-002.jpg,https://images.metmuseum.org/CRDImages/ad/web-large/DP-17034-002.jpg,True,unknown,named_attribution
323527,Furniture support: female sphinx with Hathor-style curls,Ancient West Asian Art,https://images.metmuseum.org/CRDImages/an/original/DP110479.jpg,https://images.metmuseum.org/CRDImages/an/web-large/DP110479.jpg,False,,unknown_or_unattributed
14007,Water-lily textile,The American Wing,https://images.metmuseum.org/CRDImages/ad/original/DP8057.jpg,https://images.metmuseum.org/CRDImages/ad/web-large/DP8057.jpg,True,unknown,named_attribution
323478,Drachm,Ancient West Asian Art,https://images.metmuseum.org/CRDImages/an/original/DP-13132-005.jpg,https://images.metmuseum.org/CRDImages/an/web-large/DP-13132-005.jpg,False,,unknown_or_unattributed
322891,Furniture support: female sphinx with Hathor-style curls,Ancient West Asian Art,https://images.metmuseum.org/CRDImages/an/original/DP110464.jpg,https://images.metmuseum.org/CRDImages/an/web-large/DP110464.jpg,False,,unknown_or_unattributed
323508,Obol,Ancient West Asian Art,https://images.metmuseum.org/CRDImages/an/original/DP-29266-001.jpg,https://images.metmuseum.org/CRDImages/an/web-large/DP-29266-001.jpg,False,,unknown_or_unattributed
323520,Furniture support: female sphinx with Hathor-style curls,Ancient West Asian Art,https://images.metmuseum.org/CRDImages/an/original/DP110470.jpg,https://images.metmuseum.org/CRDImages/an/web-large/DP110470.jpg,False,,unknown_or_unattributed
323512,Obol,Ancient West Asian Art,https://images.metmuseum.org/CRDImages/an/original/DP-13132-015.jpg,https://images.metmuseum.org/CRDImages/an/web-large/DP-13132-015.jpg,False,,unknown_or_unattributed
323573,Furniture plaque: incised waterbirds,Ancient West Asian Art,https://images.metmuseum.org/CRDImages/an/original/DP110497.jpg,https://images.metmuseum.org/CRDImages/an/web-large/DP110497.jpg,False,,unknown_or_unattributed
323509,Hemidrachm,Ancient West Asian Art,https://images.metmuseum.org/CRDImages/an/original/DP-13132-009.jpg,https://images.metmuseum.org/CRDImages/an/web-large/DP-13132-009.jpg,False,,unknown_or_unattributed
324579,Top of standard with male figure and flanking ibexes attacked by dogs,Ancient West Asian Art,https://images.metmuseum.org/CRDImages/an/original/DP370180.jpg,https://images.metmuseum.org/CRDImages/an/web-large/DP370180.jpg,False,,unknown_or_unattributed
325839,Bowl,Ancient West Asian Art,https://images.metmuseum.org/CRDImages/an/original/ME66_205_2.jpg,https://images.metmuseum.org/CRDImages/an/web-large/ME66_205_2.jpg,False,,unknown_or_unattributed
323511,Obol,Ancient West Asian Art,https://images.metmuseum.org/CRDImages/an/original/DP-13132-013.jpg,https://images.metmuseum.org/CRDImages/an/web-large/DP-13132-013.jpg,False,,unknown_or_unattributed
13863,George Washington Quilt,The American Wing,https://images.metmuseum.org/CRDImages/ad/original/DT8212.jpg,https://images.metmuseum.org/CRDImages/ad/web-large/DT8212.jpg,False,,unknown_or_unattributed
323479,Drachm,Ancient West Asian Art,https://images.metmuseum.org/CRDImages/an/original/DP-13132-007.jpg,https://images.metmuseum.org/CRDImages/an/web-large/DP-13132-007.jpg,False,,unknown_or_unattributed
327483,Votive plaque inscribed with Sabaean dedication,Ancient West Asian Art,https://images.metmuseum.org/CRDImages/an/original/DP368662.jpg,https://images.metmuseum.org/CRDImages/an/web-large/DP368662.jpg,False,,unknown_or_unattributed
329077,Head of a ruler,Ancient West Asian Art,https://images.metmuseum.org/CRDImages/an/original/DP-23662-001.jpg,https://images.metmuseum.org/CRDImages/an/web-large/DP-23662-001.jpg,False,,unknown_or_unattributed
13756,Sampler,The American Wing,https://images.metmuseum.org/CRDImages/ad/original/197225.jpg,https://images.metmuseum.org/CRDImages/ad/web-large/197225.jpg,True,female,named_attribution
323971,Boss from a disc-headed pin,Ancient West Asian Art,https://images.metmuseum.org/CRDImages/an/original/DP-25848-001.jpg,https://images.metmuseum.org/CRDImages/an/web-large/DP-25848-001.jpg,False,,unknown_or_unattributed
323972,Plaque with horned animal,Ancient West Asian Art,https://images.metmuseum.org/CRDImages/an/original/DP-25850-001.jpg,https://images.metmuseum.org/CRDImages/an/web-large/DP-25850-001.jpg,False,,unknown_or_unattributed
320347,Feathered serpent head,The Michael C. Rockefeller Wing,https://images.metmuseum.org/CRDImages/ao/original/DP-39201-004.jpg,https://images.metmuseum.org/CRDImages/ao/web-large/DP-39201-004.jpg,True,unknown,named_attribution
324324,Handle of a flywhisk or fan,Ancient West Asian Art,https://images.metmuseum.org/CRDImages/an/original/DP-38927-001.jpg,https://images.metmuseum.org/CRDImages/an/web-large/DP-38927-001.jpg,False,,unknown_or_unattributed
10810,Arcadia,The American Wing,https://images.metmuseum.org/CRDImages/ad/original/DT221513.jpg,https://images.metmuseum.org/CRDImages/ad/web-large/DT221513.jpg,True,male,named_attribution
328593,Monstrous male figure,Ancient West Asian Art,https://images.metmuseum.org/CRDImages/an/original/dp22227.jpg,https://images.metmuseum.org/CRDImages/an/web-large/dp22227.jpg,False,,unknown_or_unattributed
309468,Jar with flying figure (the Oculate Being),The Michael C. Rockefeller Wing,https://images.metmuseum.org/CRDImages/ao/original/DP-24297-001.jpg,https://images.metmuseum.org/CRDImages/ao/web-large/DP-24297-001.jpg,True,unknown,named_attribution
324321,Incised cosmetic box fragments with a warrior and four women,Ancient West Asian Art,https://images.metmuseum.org/CRDImages/an/original/DP-38930-001.jpg,https://images.metmuseum.org/CRDImages/an/web-large/DP-38930-001.jpg,False,,unknown_or_unattributed
327438,Winged deity,Ancient West Asian Art,https://images.metmuseum.org/CRDImages/an/original/DP368657.jpg,https://images.metmuseum.org/CRDImages/an/web-large/DP368657.jpg,False,,unknown_or_unattributed
324138,Bowl with radial design of ibex horns,Ancient West Asian Art,https://images.metmuseum.org/CRDImages/an/original/DP-26826-003.jpg,https://images.metmuseum.org/CRDImages/an/web-large/DP-26826-003.jpg,False,,unknown_or_unattributed
317802,Pestle Finial,The Michael C. Rockefeller Wing,https://images.metmuseum.org/CRDImages/ao/original/DT4055.jpg,https://images.metmuseum.org/CRDImages/ao/web-large/DT4055.jpg,False,,unknown_or_unattributed
14972,Decanter,The American Wing,https://images.metmuseum.org/CRDImages/ad/original/DT188.jpg,https://images.metmuseum.org/CRDImages/ad/web-large/DT188.jpg,True,unknown,named_attribution
13875,"Quilt, Presentation pattern",The American Wing,https://images.metmuseum.org/CRDImages/ad/original/DT1825.jpg,https://images.metmuseum.org/CRDImages/ad/web-large/DT1825.jpg,True,female,named_attribution
325080,Plaque with falcon-headed Re wearing crown of Upper and Lower Egypt,Ancient West Asian Art,https://images.metmuseum.org/CRDImages/an/original/DP110663.jpg,https://images.metmuseum.org/CRDImages/an/web-large/DP110663.jpg,False,,unknown_or_unattributed
325660,Openwork plaque with a striding sphinx,Ancient West Asian Art,https://images.metmuseum.org/CRDImages/an/original/DP-38944-001.jpg,https://images.metmuseum.org/CRDImages/an/web-large/DP-38944-001.jpg,False,,unknown_or_unattributed
307599,Eagle relief,The Michael C. Rockefeller Wing,https://images.metmuseum.org/CRDImages/ao/original/DP-20487-001.jpg,https://images.metmuseum.org/CRDImages/ao/web-large/DP-20487-001.jpg,True,unknown,named_attribution
13607,Embroidered coverlet,The American Wing,https://images.metmuseum.org/CRDImages/ad/original/DT11599.jpg,https://images.metmuseum.org/CRDImages/ad/web-large/DT11599.jpg,True,female,named_attribution
325079,Incised furniture plaque with two figures in two registers,Ancient West Asian Art,https://images.metmuseum.org/CRDImages/an/original/DP110662.jpg,https://images.metmuseum.org/CRDImages/an/web-large/DP110662.jpg,False,,unknown_or_unattributed
327399,Vessel terminating in the forepart of a stag,Ancient West Asian Art,https://images.metmuseum.org/CRDImages/an/original/DP-42027-001.jpg,https://images.metmuseum.org/CRDImages/an/web-large/DP-42027-001.jpg,False,,unknown_or_unattributed
310073,Grere'o (shield),The Michael C. Rockefeller Wing,https://images.metmuseum.org/CRDImages/ao/original/DP-23190-001.jpg,https://images.metmuseum.org/CRDImages/ao/web-large/DP-23190-001.jpg,True,male,named_attribution
13877,"Quilt, Album pattern",The American Wing,https://images.metmuseum.org/CRDImages/ad/original/DP332444.jpg,https://images.metmuseum.org/CRDImages/ad/web-large/DP332444.jpg,True,unknown,named_attribution
324198,Openwork plaque with a sphinx at a tree,Ancient West Asian Art,https://images.metmuseum.org/CRDImages/an/original/DP110556.jpg,https://images.metmuseum.org/CRDImages/an/web-large/DP110556.jpg,False,,unknown_or_unattributed
891654,Bracelet with Assyrian-inspired design,Ancient West Asian Art,https://images.metmuseum.org/CRDImages/an/original/DP-33402-002.jpg,https://images.metmuseum.org/CRDImages/an/web-large/DP-33402-002.jpg,False,,unknown_or_unattributed
315052,Effigy bottle,The Michael C. Rockefeller Wing,https://images.metmuseum.org/CRDImages/ao/original/DP-24258-001.jpg,https://images.metmuseum.org/CRDImages/ao/web-large/DP-24258-001.jpg,True,unknown,named_attribution
324937,Cloisonné furniture or cosmetic box plaque with three frontal heads,Ancient West Asian Art,https://images.metmuseum.org/CRDImages/an/original/DP110654.jpg,https://images.metmuseum.org/CRDImages/an/web-large/DP110654.jpg,False,,unknown_or_unattributed
10956,Gilbert Stuart,The American Wing,https://images.metmuseum.org/CRDImages/ad/original/DP162116.jpg,https://images.metmuseum.org/CRDImages/ad/web-large/DP162116.jpg,True,female,named_attribution
322603,Molded plaque: king or a god carrying a mace,Ancient West Asian Art,https://images.metmuseum.org/CRDImages/an/original/DP368640.jpg,https://images.metmuseum.org/CRDImages/an/web-large/DP368640.jpg,False,,unknown_or_unattributed
310364,Vessel with mythological scene,The Michael C. Rockefeller Wing,https://images.metmuseum.org/CRDImages/ao/original/DP-576-001.jpg,https://images.metmuseum.org/CRDImages/ao/web-large/DP-576-001.jpg,True,unknown,named_attribution
325875,Furniture element made from a hippopotamus incisor,Ancient West Asian Art,https://images.metmuseum.org/CRDImages/an/original/DP115147.jpg,https://images.metmuseum.org/CRDImages/an/web-large/DP115147.jpg,False,,unknown_or_unattributed
891657,Brooch with Assyrian and Achaemenid Persian-inspired design,Ancient West Asian Art,https://images.metmuseum.org/CRDImages/an/original/DP-33405-001.jpg,https://images.metmuseum.org/CRDImages/an/web-large/DP-33405-001.jpg,False,,unknown_or_unattributed
327401,Seated goddess with a child,Ancient West Asian Art,https://images.metmuseum.org/CRDImages/an/original/DT873.jpg,https://images.metmuseum.org/CRDImages/an/web-large/DT873.jpg,False,,unknown_or_unattributed
322610,Relief panel,Ancient West Asian Art,https://images.metmuseum.org/CRDImages/an/original/DP375419.jpg,https://images.metmuseum.org/CRDImages/an/web-large/DP375419.jpg,False,,unknown_or_unattributed
325874,Incised furniture plaque with a frieze of lotus blossoms and buds,Ancient West Asian Art,https://images.metmuseum.org/CRDImages/an/original/DP115146.jpg,https://images.metmuseum.org/CRDImages/an/web-large/DP115146.jpg,False,,unknown_or_unattributed
309385,Double-chambered bottle with mouse,The Michael C. Rockefeller Wing,https://images.metmuseum.org/CRDImages/ao/original/DP102151.jpg,https://images.metmuseum.org/CRDImages/ao/web-large/DP102151.jpg,True,unknown,named_attribution
325995,Sealing on jar stopper (?),Ancient West Asian Art,https://images.metmuseum.org/CRDImages/an/original/vs69_24_38.jpg,https://images.metmuseum.org/CRDImages/an/web-large/vs69_24_38.jpg,False,,unknown_or_unattributed
329072,"Statue of Gudea, named “Gudea, the man who built the temple, may his life be long”",Ancient West Asian Art,https://images.metmuseum.org/CRDImages/an/original/DP-23786-001.jpg,https://images.metmuseum.org/CRDImages/an/web-large/DP-23786-001.jpg,False,,unknown_or_unattributed
317877,Processional Cross,The Michael C. Rockefeller Wing,https://images.metmuseum.org/CRDImages/ao/original/DP100984.jpg,https://images.metmuseum.org/CRDImages/ao/web-large/DP100984.jpg,True,unknown,named_attribution
13576,Embroidered Carpet,The American Wing,https://images.metmuseum.org/CRDImages/ad/original/DT823.jpg,https://images.metmuseum.org/CRDImages/ad/web-large/DT823.jpg,True,female,named_attribution
323710,Cup,Ancient West Asian Art,https://images.metmuseum.org/CRDImages/an/original/ME39_60_2.jpg,https://images.metmuseum.org/CRDImages/an/web-large/ME39_60_2.jpg,False,,unknown_or_unattributed
324739,Openwork furniture plaque with a grazing oryx in a forest of fronds,Ancient West Asian Art,https://images.metmuseum.org/CRDImages/an/original/DP110622.jpg,https://images.metmuseum.org/CRDImages/an/web-large/DP110622.jpg,False,,unknown_or_unattributed
323709,Cup,Ancient West Asian Art,https://images.metmuseum.org/CRDImages/an/original/DP-25534-001.jpg,https://images.metmuseum.org/CRDImages/an/web-large/DP-25534-001.jpg,False,,unknown_or_unattributed
322611,Relief panel,Ancient West Asian Art,https://images.metmuseum.org/CRDImages/an/original/DP375420.jpg,https://images.metmuseum.org/CRDImages/an/web-large/DP375420.jpg,False,,unknown_or_unattributed
13638,"Coverlet, Agriculture & Manufactures pattern",The American Wing,https://images.metmuseum.org/CRDImages/ad/original/TP563.jpg,https://images.metmuseum.org/CRDImages/ad/web-large/TP563.jpg,False,,unknown_or_unattributed
323794,Vessel,Ancient West Asian Art,https://images.metmuseum.org/CRDImages/an/original/ME48_98_11.jpg,https://images.metmuseum.org/CRDImages/an/web-large/ME48_98_11.jpg,False,,unknown_or_unattributed
329076,"Shaft-hole axe head with bird-headed demon, boar, and dragon",Ancient West Asian Art,https://images.metmuseum.org/CRDImages/an/original/1982.5.jpg,https://images.metmuseum.org/CRDImages/an/web-large/1982.5.jpg,False,,unknown_or_unattributed
22912,Dirk with Sheath,Arms and Armor,https://images.metmuseum.org/CRDImages/aa/original/DT11928.jpg,https://images.metmuseum.org/CRDImages/aa/web-large/DT11928.jpg,False,,unknown_or_unattributed
897907,Armchair,The American Wing,https://images.metmuseum.org/CRDImages/ad/original/DP-29207-001.jpg,https://images.metmuseum.org/CRDImages/ad/web-large/DP-29207-001.jpg,True,unknown,named_attribution
323944,Vessel in form of horned quadruped,Ancient West Asian Art,https://images.metmuseum.org/CRDImages/an/original/ME43_89_2.jpg,https://images.metmuseum.org/CRDImages/an/web-large/ME43_89_2.jpg,False,,unknown_or_unattributed
322890,Furniture support: female sphinx with Hathor-style curls,Ancient West Asian Art,https://images.metmuseum.org/CRDImages/an/original/DP110463.jpg,https://images.metmuseum.org/CRDImages/an/web-large/DP110463.jpg,False,,unknown_or_unattributed
35388,Two-Handed Sword,Arms and Armor,https://images.metmuseum.org/CRDImages/aa/original/LC-L_2008_32_1-004-Edit.jpg,https://images.metmuseum.org/CRDImages/aa/web-large/LC-L_2008_32_1-004-Edit.jpg,False,,unknown_or_unattributed
325818,Necklace with the head of the Egyptian god Bes,Ancient West Asian Art,https://images.metmuseum.org/CRDImages/an/original/DP-41780-001.jpg,https://images.metmuseum.org/CRDImages/an/web-large/DP-41780-001.jpg,False,,unknown_or_unattributed
329073,Seated female,Ancient West Asian Art,https://images.metmuseum.org/CRDImages/an/original/DT867.jpg,https://images.metmuseum.org/CRDImages/an/web-large/DT867.jpg,False,,unknown_or_unattributed
788188,Gold-inlaid Colt Model 1849 Pocket Revolver (serial no. 63306),Arms and Armor,https://images.metmuseum.org/CRDImages/aa/original/DP-17928-001.jpg,https://images.metmuseum.org/CRDImages/aa/web-large/DP-17928-001.jpg,True,male,named_attribution
325081,"Incised horse frontlet carved into the shape of a flowering, volute palmette tree",Ancient West Asian Art,https://images.metmuseum.org/CRDImages/an/original/DP110664.jpg,https://images.metmuseum.org/CRDImages/an/web-large/DP110664.jpg,False,,unknown_or_unattributed
325354,Furniture plaque carved in relief with a male figure slaying a griffin,Ancient West Asian Art,https://images.metmuseum.org/CRDImages/an/original/DP-38939-001.jpg,https://images.metmuseum.org/CRDImages/an/web-large/DP-38939-001.jpg,False,,unknown_or_unattributed
23944,Armor of Emperor Ferdinand I (1503–1564),Arms and Armor,https://images.metmuseum.org/CRDImages/aa/original/DP-12881-007.jpg,https://images.metmuseum.org/CRDImages/aa/web-large/DP-12881-007.jpg,True,unknown,named_attribution
325564,Furniture plaque carved in high relief with two Egyptianizing figures flanking a volute tree,Ancient West Asian Art,https://images.metmuseum.org/CRDImages/an/original/DP-38942-001.jpg,https://images.metmuseum.org/CRDImages/an/web-large/DP-38942-001.jpg,False,,unknown_or_unattributed
325355,Furniture plaque carved in relief with lion-headed figure,Ancient West Asian Art,https://images.metmuseum.org/CRDImages/an/original/DP110684.jpg,https://images.metmuseum.org/CRDImages/an/web-large/DP110684.jpg,False,,unknown_or_unattributed
24007,Cuirass (<i>Char-aina</i>),Arms and Armor,https://images.metmuseum.org/CRDImages/aa/original/DP147307.jpg,https://images.metmuseum.org/CRDImages/aa/web-large/DP147307.jpg,False,,unknown_or_unattributed
13640,Coverlet,The American Wing,https://images.metmuseum.org/CRDImages/ad/original/DT5097.jpg,https://images.metmuseum.org/CRDImages/ad/web-large/DT5097.jpg,False,,unknown_or_unattributed
324381,Plaque,Ancient West Asian Art,https://images.metmuseum.org/CRDImages/an/original/DP110659.jpg,https://images.metmuseum.org/CRDImages/an/web-large/DP110659.jpg,False,,unknown_or_unattributed
781871,Persian Travelogue: A Diary of a Journey through the region of Fars,Ancient West Asian Art,https://images.metmuseum.org/CRDImages/an/original/TR_18774E.jpg,https://images.metmuseum.org/CRDImages/an/web-large/TR_18774E.jpg,False,,unknown_or_unattributed
788195,"Gold-inlaid Colt Model 1851 Navy Revolver (serial no. 20133), with Case and Accessories",Arms and Armor,https://images.metmuseum.org/CRDImages/aa/original/DP-18814-001.jpg,https://images.metmuseum.org/CRDImages/aa/web-large/DP-18814-001.jpg,True,male,named_attribution
13565,Bed rug,The American Wing,https://images.metmuseum.org/CRDImages/ad/original/DT11600.jpg,https://images.metmuseum.org/CRDImages/ad/web-large/DT11600.jpg,True,unknown,named_attribution
325348,Horse frontlet carved in relief with a female figure flanked by lions,Ancient West Asian Art,https://images.metmuseum.org/CRDImages/an/original/DP110677.jpg,https://images.metmuseum.org/CRDImages/an/web-large/DP110677.jpg,False,,unknown_or_unattributed
814650,Vase (New World),The American Wing,https://images.metmuseum.org/CRDImages/ad/original/DP-23405-001.jpg,https://images.metmuseum.org/CRDImages/ad/web-large/DP-23405-001.jpg,True,male,named_attribution
891658,Brooch with Assyrian divine archer in a winged disc,Ancient West Asian Art,https://images.metmuseum.org/CRDImages/an/original/DP-33406-001.jpg,https://images.metmuseum.org/CRDImages/an/web-large/DP-33406-001.jpg,False,,unknown_or_unattributed
788174,"Smith & Wesson .44 Double-Action Frontier Model Revolver decorated by Tiffany & Co. (serial no. 8401), with Case and Cleaning Rod",Arms and Armor,https://images.metmuseum.org/CRDImages/aa/original/DP-19201-002.jpg,https://images.metmuseum.org/CRDImages/aa/web-large/DP-19201-002.jpg,True,unknown,named_attribution
324322,Horse blinker carved in relief with a seated sphinx,Ancient West Asian Art,https://images.metmuseum.org/CRDImages/an/original/DP-38926-001.jpg,https://images.metmuseum.org/CRDImages/an/web-large/DP-38926-001.jpg,False,,unknown_or_unattributed
20891,The Five Points,The American Wing,https://images.metmuseum.org/CRDImages/ad/original/DP265419.jpg,https://images.metmuseum.org/CRDImages/ad/web-large/DP265419.jpg,True,unknown,named_attribution
24182,Cuirass,Arms and Armor,https://images.metmuseum.org/CRDImages/aa/original/DP147316.jpg,https://images.metmuseum.org/CRDImages/aa/web-large/DP147316.jpg,False,,unknown_or_unattributed
324941,Incised furniture plaque with a kneeling bull,Ancient West Asian Art,https://images.metmuseum.org/CRDImages/an/original/DP110658.jpg,https://images.metmuseum.org/CRDImages/an/web-large/DP110658.jpg,False,,unknown_or_unattributed
322619,Relief panel,Ancient West Asian Art,https://images.metmuseum.org/CRDImages/an/original/DP355701.jpg,https://images.metmuseum.org/CRDImages/an/web-large/DP355701.jpg,False,,unknown_or_unattributed
24316,Sacrificial Sword (Rāmdāo),Arms and Armor,https://images.metmuseum.org/CRDImages/aa/original/36.25.1284_018AA2015.jpg,https://images.metmuseum.org/CRDImages/aa/web-large/36.25.1284_018AA2015.jpg,False,,unknown_or_unattributed
325667,Openwork plaque with a sphinx striding through a floral landscape,Ancient West Asian Art,https://images.metmuseum.org/CRDImages/an/original/DP-28977-001.jpg,https://images.metmuseum.org/CRDImages/an/web-large/DP-28977-001.jpg,False,,unknown_or_unattributed
814649,Vase (Old World),The American Wing,https://images.metmuseum.org/CRDImages/ad/original/DP-23385-001.jpg,https://images.metmuseum.org/CRDImages/ad/web-large/DP-23385-001.jpg,True,male,named_attribution
10367,View of the Tunnel of the Harlem Railroad,The American Wing,https://images.metmuseum.org/CRDImages/ad/original/APS2263.jpg,https://images.metmuseum.org/CRDImages/ad/web-large/APS2263.jpg,True,male,named_attribution
1668,Watercolor,The American Wing,https://images.metmuseum.org/CRDImages/ad/original/ap66.10.41.jpg,https://images.metmuseum.org/CRDImages/ad/web-large/ap66.10.41.jpg,True,male,named_attribution
24318,Sacrificial Knife,Arms and Armor,https://images.metmuseum.org/CRDImages/aa/original/36.25.1286_002AA2016.jpg,https://images.metmuseum.org/CRDImages/aa/web-large/36.25.1286_002AA2016.jpg,False,,unknown_or_unattributed
325665,"Furniture plaque carved in relief with a striding, falcon-headed winged sphinx supported by two kneeling figures",Ancient West Asian Art,https://images.metmuseum.org/CRDImages/an/original/DP-28976-001.jpg,https://images.metmuseum.org/CRDImages/an/web-large/DP-28976-001.jpg,False,,unknown_or_unattributed
24317,Sacrificial Sword (Kartrī or Churī),Arms and Armor,https://images.metmuseum.org/CRDImages/aa/original/36.25.1285_002AA2016.jpg,https://images.metmuseum.org/CRDImages/aa/web-large/36.25.1285_002AA2016.jpg,False,,unknown_or_unattributed
325669,Furniture plaque carved in relief with sphinx,Ancient West Asian Art,https://images.metmuseum.org/CRDImages/an/original/DP110707.jpg,https://images.metmuseum.org/CRDImages/an/web-large/DP110707.jpg,False,,unknown_or_unattributed
678610,Set of Sacrificial Weapons,Arms and Armor,https://images.metmuseum.org/CRDImages/aa/original/36.25.1284_018AA2015.jpg,https://images.metmuseum.org/CRDImages/aa/web-large/36.25.1284_018AA2015.jpg,False,,unknown_or_unattributed
325670,Furniture plaque carved in relief with a falcon-headed figure,Ancient West Asian Art,https://images.metmuseum.org/CRDImages/an/original/DP110708.jpg,https://images.metmuseum.org/CRDImages/an/web-large/DP110708.jpg,False,,unknown_or_unattributed
325562,Furniture element carved in the round with the head of a roaring lion,Ancient West Asian Art,https://images.metmuseum.org/CRDImages/an/original/DP110686.jpg,https://images.metmuseum.org/CRDImages/an/web-large/DP110686.jpg,False,,unknown_or_unattributed
327480,Lobed bowl,Ancient West Asian Art,https://images.metmuseum.org/CRDImages/an/original/LC_1992_233_Side-20190624.jpg,https://images.metmuseum.org/CRDImages/an/web-large/LC_1992_233_Side-20190624.jpg,False,,unknown_or_unattributed
325345,Plaque carved in relief with Egyptianizing creature,Ancient West Asian Art,https://images.metmuseum.org/CRDImages/an/original/DP-28973-001.jpg,https://images.metmuseum.org/CRDImages/an/web-large/DP-28973-001.jpg,False,,unknown_or_unattributed
14006,Water-lily textile,The American Wing,https://images.metmuseum.org/CRDImages/ad/original/DP8056.jpg,https://images.metmuseum.org/CRDImages/ad/web-large/DP8056.jpg,True,unknown,named_attribution
325867,Cloisonné furniture plaque with a figure holding a sword,Ancient West Asian Art,https://images.metmuseum.org/CRDImages/an/original/DP115139.jpg,https://images.metmuseum.org/CRDImages/an/web-large/DP115139.jpg,False,,unknown_or_unattributed
322358,Drachm,Ancient West Asian Art,https://images.metmuseum.org/CRDImages/an/original/DP-13132-033.jpg,https://images.metmuseum.org/CRDImages/an/web-large/DP-13132-033.jpg,False,,unknown_or_unattributed
324596,Plaque with tribute bearers,Ancient West Asian Art,https://images.metmuseum.org/CRDImages/an/original/DP110591.jpg,https://images.metmuseum.org/CRDImages/an/web-large/DP110591.jpg,False,,unknown_or_unattributed
20615,Sampler,The American Wing,https://images.metmuseum.org/CRDImages/ad/original/DP245089.jpg,https://images.metmuseum.org/CRDImages/ad/web-large/DP245089.jpg,True,female,named_attribution
14047,Embroidered Sampler,The American Wing,https://images.metmuseum.org/CRDImages/ad/original/16012.jpg,https://images.metmuseum.org/CRDImages/ad/web-large/16012.jpg,True,unknown,named_attribution
322353,Drachm,Ancient West Asian Art,https://images.metmuseum.org/CRDImages/an/original/DP-13132-023.jpg,https://images.metmuseum.org/CRDImages/an/web-large/DP-13132-023.jpg,False,,unknown_or_unattributed
324382,Plaque,Ancient West Asian Art,https://images.metmuseum.org/CRDImages/an/original/DP110660.jpg,https://images.metmuseum.org/CRDImages/an/web-large/DP110660.jpg,False,,unknown_or_unattributed
322621,Relief panel,Ancient West Asian Art,https://images.metmuseum.org/CRDImages/an/original/DP355694.jpg,https://images.metmuseum.org/CRDImages/an/web-large/DP355694.jpg,False,,unknown_or_unattributed
322359,Drachm,Ancient West Asian Art,https://images.metmuseum.org/CRDImages/an/original/DP-13132-035.jpg,https://images.metmuseum.org/CRDImages/an/web-large/DP-13132-035.jpg,False,,unknown_or_unattributed
325565,Cloisonné furniture plaque with two sphinxes flanking a cartouche,Ancient West Asian Art,https://images.metmuseum.org/CRDImages/an/original/DP-38943-001.jpg,https://images.metmuseum.org/CRDImages/an/web-large/DP-38943-001.jpg,False,,unknown_or_unattributed
327832,Panel fragment with the god Shiva/Oesho,Ancient West Asian Art,https://images.metmuseum.org/CRDImages/an/original/DT917.jpg,https://images.metmuseum.org/CRDImages/an/web-large/DT917.jpg,False,,unknown_or_unattributed
322351,Silver drachm,Ancient West Asian Art,https://images.metmuseum.org/CRDImages/an/original/DP-1114-001.jpg,https://images.metmuseum.org/CRDImages/an/web-large/DP-1114-001.jpg,False,,unknown_or_unattributed
325868,"Furniture plaque carved in relief with a winged, falcon-headed sphinx",Ancient West Asian Art,https://images.metmuseum.org/CRDImages/an/original/DP-38964-001.jpg,https://images.metmuseum.org/CRDImages/an/web-large/DP-38964-001.jpg,False,,unknown_or_unattributed
310599,Fish hacha,The Michael C. Rockefeller Wing,https://images.metmuseum.org/CRDImages/ao/original/DP104813.jpg,https://images.metmuseum.org/CRDImages/ao/web-large/DP104813.jpg,True,unknown,named_attribution
308458,Spout-and-bridge bottle with fox,The Michael C. Rockefeller Wing,https://images.metmuseum.org/CRDImages/ao/original/DP234685.jpg,https://images.metmuseum.org/CRDImages/ao/web-large/DP234685.jpg,True,unknown,named_attribution
662967,Vessel with mythological scene,The Michael C. Rockefeller Wing,https://images.metmuseum.org/CRDImages/ao/original/DP348021.jpg,https://images.metmuseum.org/CRDImages/ao/web-large/DP348021.jpg,True,female,named_attribution
312928,Neckless jar with complex scene,The Michael C. Rockefeller Wing,https://images.metmuseum.org/CRDImages/ao/original/DP-24348-001.jpg,https://images.metmuseum.org/CRDImages/ao/web-large/DP-24348-001.jpg,True,unknown,named_attribution
701288,Yäʿğğ mäsqäl (hand cross),The Michael C. Rockefeller Wing,https://images.metmuseum.org/CRDImages/ao/original/DP-30698-001.jpg,https://images.metmuseum.org/CRDImages/ao/web-large/DP-30698-001.jpg,True,unknown,named_attribution
308532,Tuber-inspired stirrup-spout bottle,The Michael C. Rockefeller Wing,https://images.metmuseum.org/CRDImages/ao/original/DP-24360-001.jpg,https://images.metmuseum.org/CRDImages/ao/web-large/DP-24360-001.jpg,True,unknown,named_attribution
313256,Mirror-bearer,The Michael C. Rockefeller Wing,https://images.metmuseum.org/CRDImages/ao/original/DP-24340-001.jpg,https://images.metmuseum.org/CRDImages/ao/web-large/DP-24340-001.jpg,True,female,named_attribution
310568,Bottle with deity,The Michael C. Rockefeller Wing,https://images.metmuseum.org/CRDImages/ao/original/DP-24255-001.jpg,https://images.metmuseum.org/CRDImages/ao/web-large/DP-24255-001.jpg,True,unknown,named_attribution
318345,Censer with seated king,The Michael C. Rockefeller Wing,https://images.metmuseum.org/CRDImages/ao/original/DT4512.jpg,https://images.metmuseum.org/CRDImages/ao/web-large/DT4512.jpg,True,female,named_attribution
313267,Kero (beaker),The Michael C. Rockefeller Wing,https://images.metmuseum.org/CRDImages/ao/original/1979.206.1074.jpg,https://images.metmuseum.org/CRDImages/ao/web-large/1979.206.1074.jpg,True,unknown,named_attribution
310221,Gourd-shaped bottle,The Michael C. Rockefeller Wing,https://images.metmuseum.org/CRDImages/ao/original/DP-23890-002.jpg,https://images.metmuseum.org/CRDImages/ao/web-large/DP-23890-002.jpg,True,unknown,named_attribution
316846,Kero (beaker),The Michael C. Rockefeller Wing,https://images.metmuseum.org/CRDImages/ao/original/DP-24246-001.jpg,https://images.metmuseum.org/CRDImages/ao/web-large/DP-24246-001.jpg,True,unknown,named_attribution
757089,Door board (jovo),The Michael C. Rockefeller Wing,https://images.metmuseum.org/CRDImages/ao/original/DP-21002-001.jpg,https://images.metmuseum.org/CRDImages/ao/web-large/DP-21002-001.jpg,False,,unknown_or_unattributed
757056,Door board (jovo),The Michael C. Rockefeller Wing,https://images.metmuseum.org/CRDImages/ao/original/DP-21001-001.jpg,https://images.metmuseum.org/CRDImages/ao/web-large/DP-21001-001.jpg,False,,unknown_or_unattributed
308565,Stirrup-spout bottle with mountain sacrifice scene,The Michael C. Rockefeller Wing,https://images.metmuseum.org/CRDImages/ao/original/DP-25548-001.jpg,https://images.metmuseum.org/CRDImages/ao/web-large/DP-25548-001.jpg,True,unknown,named_attribution
316847,Kero (beaker),The Michael C. Rockefeller Wing,https://images.metmuseum.org/CRDImages/ao/original/1994.35.19_a.JPG,https://images.metmuseum.org/CRDImages/ao/web-large/1994.35.19_a.JPG,True,unknown,named_attribution
310542,Whistling vessel,The Michael C. Rockefeller Wing,https://images.metmuseum.org/CRDImages/ao/original/DP-23468-001.jpg,https://images.metmuseum.org/CRDImages/ao/web-large/DP-23468-001.jpg,True,female,named_attribution
316274,Plate with trumpeter,The Michael C. Rockefeller Wing,https://images.metmuseum.org/CRDImages/ao/original/DP-24261-001.jpg,https://images.metmuseum.org/CRDImages/ao/web-large/DP-24261-001.jpg,True,female,named_attribution
314217,Vessel with mythological scene,The Michael C. Rockefeller Wing,https://images.metmuseum.org/CRDImages/ao/original/DP-571-001.jpg,https://images.metmuseum.org/CRDImages/ao/web-large/DP-571-001.jpg,True,unknown,named_attribution
313289,Hand with beaker,The Michael C. Rockefeller Wing,https://images.metmuseum.org/CRDImages/ao/original/DP-33254-001.jpg,https://images.metmuseum.org/CRDImages/ao/web-large/DP-33254-001.jpg,True,unknown,named_attribution
318662,Vessel with throne scene,The Michael C. Rockefeller Wing,https://images.metmuseum.org/CRDImages/ao/original/DT4514.jpg,https://images.metmuseum.org/CRDImages/ao/web-large/DT4514.jpg,True,unknown,named_attribution
313240,Relief with enthroned ruler,The Michael C. Rockefeller Wing,https://images.metmuseum.org/CRDImages/ao/original/DP104826.jpg,https://images.metmuseum.org/CRDImages/ao/web-large/DP104826.jpg,True,unknown,named_attribution
310227,Double-chambered bottle with monkeys,The Michael C. Rockefeller Wing,https://images.metmuseum.org/CRDImages/ao/original/DP-23891-001.jpg,https://images.metmuseum.org/CRDImages/ao/web-large/DP-23891-001.jpg,True,unknown,named_attribution
313398,Nose ornament in the shape of a head,The Michael C. Rockefeller Wing,https://images.metmuseum.org/CRDImages/ao/original/DP-16100-001.jpg,https://images.metmuseum.org/CRDImages/ao/web-large/DP-16100-001.jpg,False,,unknown_or_unattributed
733038,Arganonä Maryam (The Organ of Mary) prayer book,The Michael C. Rockefeller Wing,https://images.metmuseum.org/CRDImages/ao/original/DP167981.jpg,https://images.metmuseum.org/CRDImages/ao/web-large/DP167981.jpg,True,unknown,named_attribution
318674,Altar to the Sun Warrior,The Michael C. Rockefeller Wing,https://images.metmuseum.org/CRDImages/ao/original/DP-39200-001.jpg,https://images.metmuseum.org/CRDImages/ao/web-large/DP-39200-001.jpg,True,unknown,named_attribution
316780,Pedestal Plate,The Michael C. Rockefeller Wing,https://images.metmuseum.org/CRDImages/ao/original/DP102306.jpg,https://images.metmuseum.org/CRDImages/ao/web-large/DP102306.jpg,False,,unknown_or_unattributed
718242,Plate with the god Chahk,The Michael C. Rockefeller Wing,https://images.metmuseum.org/CRDImages/ao/original/DP-23101-003.jpg,https://images.metmuseum.org/CRDImages/ao/web-large/DP-23101-003.jpg,True,female,named_attribution
313262,Deity figure,The Michael C. Rockefeller Wing,https://images.metmuseum.org/CRDImages/ao/original/DP-23472-001.jpg,https://images.metmuseum.org/CRDImages/ao/web-large/DP-23472-001.jpg,True,female,named_attribution
316779,Pedestal Plate,The Michael C. Rockefeller Wing,https://images.metmuseum.org/CRDImages/ao/original/DP102306.jpg,https://images.metmuseum.org/CRDImages/ao/web-large/DP102306.jpg,False,,unknown_or_unattributed
309713,Yoke-form vessel,The Michael C. Rockefeller Wing,https://images.metmuseum.org/CRDImages/ao/original/DT11169.jpg,https://images.metmuseum.org/CRDImages/ao/web-large/DT11169.jpg,True,female,named_attribution
307598,Eagle relief,The Michael C. Rockefeller Wing,https://images.metmuseum.org/CRDImages/ao/original/DP-17616-001.jpg,https://images.metmuseum.org/CRDImages/ao/web-large/DP-17616-001.jpg,True,unknown,named_attribution
310513,Ornament,The Michael C. Rockefeller Wing,https://images.metmuseum.org/CRDImages/ao/original/DP-25387-001.jpg,https://images.metmuseum.org/CRDImages/ao/web-large/DP-25387-001.jpg,True,female,named_attribution
317760,Pair of carved ornaments with the Maize God,The Michael C. Rockefeller Wing,https://images.metmuseum.org/CRDImages/ao/original/DP-24306-003.jpg,https://images.metmuseum.org/CRDImages/ao/web-large/DP-24306-003.jpg,True,female,named_attribution
310607,"Vessel, Seated Deities",The Michael C. Rockefeller Wing,https://images.metmuseum.org/CRDImages/ao/original/DP-13003-005.jpg,https://images.metmuseum.org/CRDImages/ao/web-large/DP-13003-005.jpg,False,,unknown_or_unattributed
317830,Hand Cross (mäsqäl),The Michael C. Rockefeller Wing,https://images.metmuseum.org/CRDImages/ao/original/DP-30681-001.jpg,https://images.metmuseum.org/CRDImages/ao/web-large/DP-30681-001.jpg,False,,unknown_or_unattributed
316709,Nose ornament,The Michael C. Rockefeller Wing,https://images.metmuseum.org/CRDImages/ao/original/DP-25727-001.jpg,https://images.metmuseum.org/CRDImages/ao/web-large/DP-25727-001.jpg,True,unknown,named_attribution
313325,Ceremonial Handle (?),The Michael C. Rockefeller Wing,https://images.metmuseum.org/CRDImages/ao/original/DP102172corrected.jpg,https://images.metmuseum.org/CRDImages/ao/web-large/DP102172corrected.jpg,False,,unknown_or_unattributed
312599,Pedestal Bowl,The Michael C. Rockefeller Wing,https://images.metmuseum.org/CRDImages/ao/original/DP102175.jpg,https://images.metmuseum.org/CRDImages/ao/web-large/DP102175.jpg,False,,unknown_or_unattributed
307602,Prayer book with case (mahdar),The Michael C. Rockefeller Wing,https://images.metmuseum.org/CRDImages/ao/original/book3.jpg,https://images.metmuseum.org/CRDImages/ao/web-large/book3.jpg,True,unknown,named_attribution
315884,Lidded Vessel,The Michael C. Rockefeller Wing,https://images.metmuseum.org/CRDImages/ao/original/1987.450.2ab1.JPG,https://images.metmuseum.org/CRDImages/ao/web-large/1987.450.2ab1.JPG,False,,unknown_or_unattributed
309529,"Pendant Icon: St. George, Virgin and Child Enthroned",The Michael C. Rockefeller Wing,https://images.metmuseum.org/CRDImages/ao/original/68.128_a.JPG,https://images.metmuseum.org/CRDImages/ao/web-large/68.128_a.JPG,False,,unknown_or_unattributed
312581,House model,The Michael C. Rockefeller Wing,https://images.metmuseum.org/CRDImages/ao/original/DP-23907-001.jpg,https://images.metmuseum.org/CRDImages/ao/web-large/DP-23907-001.jpg,True,unknown,named_attribution
319633,Cylindrical Vessel,The Michael C. Rockefeller Wing,https://images.metmuseum.org/CRDImages/ao/original/DP-13003-003.jpg,https://images.metmuseum.org/CRDImages/ao/web-large/DP-13003-003.jpg,False,,unknown_or_unattributed
312643,Yoke,The Michael C. Rockefeller Wing,https://images.metmuseum.org/CRDImages/ao/original/DP-23864-001.jpg,https://images.metmuseum.org/CRDImages/ao/web-large/DP-23864-001.jpg,False,,unknown_or_unattributed
309958,Bead,The Michael C. Rockefeller Wing,https://images.metmuseum.org/CRDImages/ao/original/DP-41709-001.jpg,https://images.metmuseum.org/CRDImages/ao/web-large/DP-41709-001.jpg,True,unknown,named_attribution
314523,Cylindrical Vessel,The Michael C. Rockefeller Wing,https://images.metmuseum.org/CRDImages/ao/original/DP101926.jpg,https://images.metmuseum.org/CRDImages/ao/web-large/DP101926.jpg,False,,unknown_or_unattributed
316304,Tripod Plate,The Michael C. Rockefeller Wing,https://images.metmuseum.org/CRDImages/ao/original/DP219258.jpg,https://images.metmuseum.org/CRDImages/ao/web-large/DP219258.jpg,False,,unknown_or_unattributed
314522,Tetrapod Jar,The Michael C. Rockefeller Wing,https://images.metmuseum.org/CRDImages/ao/original/DP23127.jpg,https://images.metmuseum.org/CRDImages/ao/web-large/DP23127.jpg,False,,unknown_or_unattributed
314827,Tripod Bird Bowl,The Michael C. Rockefeller Wing,https://images.metmuseum.org/CRDImages/ao/original/DT4867.jpg,https://images.metmuseum.org/CRDImages/ao/web-large/DT4867.jpg,False,,unknown_or_unattributed
316711,Vessel with Seated Lord,The Michael C. Rockefeller Wing,https://images.metmuseum.org/CRDImages/ao/original/DP-24262-001.jpg,https://images.metmuseum.org/CRDImages/ao/web-large/DP-24262-001.jpg,False,,unknown_or_unattributed
314518,Tetrapod Bowl,The Michael C. Rockefeller Wing,https://images.metmuseum.org/CRDImages/ao/original/DP-13003-001.jpg,https://images.metmuseum.org/CRDImages/ao/web-large/DP-13003-001.jpg,False,,unknown_or_unattributed
314524,Cylindrical Vessel,The Michael C. Rockefeller Wing,https://images.metmuseum.org/CRDImages/ao/original/h1_1982.207.7.jpg,https://images.metmuseum.org/CRDImages/ao/web-large/h1_1982.207.7.jpg,False,,unknown_or_unattributed
316813,"Jar, Ritual Scenes",The Michael C. Rockefeller Wing,https://images.metmuseum.org/CRDImages/ao/original/1993.441_a.JPG,https://images.metmuseum.org/CRDImages/ao/web-large/1993.441_a.JPG,False,,unknown_or_unattributed
320804,Hanging (?) Fragment,The Michael C. Rockefeller Wing,https://images.metmuseum.org/CRDImages/ao/original/TR.489.2010_a.jpg,https://images.metmuseum.org/CRDImages/ao/web-large/TR.489.2010_a.jpg,False,,unknown_or_unattributed
310480,Head of a Rain God,The Michael C. Rockefeller Wing,https://images.metmuseum.org/CRDImages/ao/original/DP-23862-001.jpg,https://images.metmuseum.org/CRDImages/ao/web-large/DP-23862-001.jpg,False,,unknown_or_unattributed
319873,Deity face pendant,The Michael C. Rockefeller Wing,https://images.metmuseum.org/CRDImages/ao/original/DP148420.jpg,https://images.metmuseum.org/CRDImages/ao/web-large/DP148420.jpg,False,,unknown_or_unattributed
310498,Standing figure,The Michael C. Rockefeller Wing,https://images.metmuseum.org/CRDImages/ao/original/DP-25391-001.jpg,https://images.metmuseum.org/CRDImages/ao/web-large/DP-25391-001.jpg,True,unknown,named_attribution
126673,Pin (ttipqui),The Michael C. Rockefeller Wing,https://images.metmuseum.org/CRDImages/ao/original/DP-27227-001.jpg,https://images.metmuseum.org/CRDImages/ao/web-large/DP-27227-001.jpg,True,unknown,named_attribution
312694,Ear Spool,The Michael C. Rockefeller Wing,https://images.metmuseum.org/CRDImages/ao/original/DP-43940-006.jpg,https://images.metmuseum.org/CRDImages/ao/web-large/DP-43940-006.jpg,False,,unknown_or_unattributed
312923,Bird Pendant,The Michael C. Rockefeller Wing,https://images.metmuseum.org/CRDImages/ao/original/1979.206.736_a.jpg,https://images.metmuseum.org/CRDImages/ao/web-large/1979.206.736_a.jpg,False,,unknown_or_unattributed
316796,Receptacle with Figurative Relief and Stopper,The Michael C. Rockefeller Wing,https://images.metmuseum.org/CRDImages/ao/original/DP208760.jpg,https://images.metmuseum.org/CRDImages/ao/web-large/DP208760.jpg,False,,unknown_or_unattributed
317619,Turkey Vessel,The Michael C. Rockefeller Wing,https://images.metmuseum.org/CRDImages/ao/original/hz1998_71.jpg,https://images.metmuseum.org/CRDImages/ao/web-large/hz1998_71.jpg,False,,unknown_or_unattributed
309952,Animal pendant,The Michael C. Rockefeller Wing,https://images.metmuseum.org/CRDImages/ao/original/DP-43941-001.jpg,https://images.metmuseum.org/CRDImages/ao/web-large/DP-43941-001.jpg,False,,unknown_or_unattributed
310467,Modified celt-pendant with incised motifs,The Michael C. Rockefeller Wing,https://images.metmuseum.org/CRDImages/ao/original/DP-23470-001.jpg,https://images.metmuseum.org/CRDImages/ao/web-large/DP-23470-001.jpg,True,unknown,named_attribution
315668,Tupu (pin),The Michael C. Rockefeller Wing,https://images.metmuseum.org/CRDImages/ao/original/DP-13440-020.jpg,https://images.metmuseum.org/CRDImages/ao/web-large/DP-13440-020.jpg,False,,unknown_or_unattributed
320054,Miniature tabard,The Michael C. Rockefeller Wing,https://images.metmuseum.org/CRDImages/ao/original/DP107700.jpg,https://images.metmuseum.org/CRDImages/ao/web-large/DP107700.jpg,False,,unknown_or_unattributed
316963,Four-Cornered Hat,The Michael C. Rockefeller Wing,https://images.metmuseum.org/CRDImages/ao/original/DP-29610-001.jpg,https://images.metmuseum.org/CRDImages/ao/web-large/DP-29610-001.jpg,False,,unknown_or_unattributed
929079,Orchids and Rocks,Asian Art,https://images.metmuseum.org/CRDImages/as/original/DP-44394-002.jpg,https://images.metmuseum.org/CRDImages/as/web-large/DP-44394-002.jpg,True,unknown,named_attribution
49068,Bamboo in Snow,Asian Art,https://images.metmuseum.org/CRDImages/as/original/DP276881.jpg,https://images.metmuseum.org/CRDImages/as/web-large/DP276881.jpg,True,unknown,named_attribution
49179,Landscapes,Asian Art,https://images.metmuseum.org/CRDImages/as/original/DP162807.jpg,https://images.metmuseum.org/CRDImages/as/web-large/DP162807.jpg,True,unknown,named_attribution
53660,Ten Verses on Oxherding,Asian Art,https://images.metmuseum.org/CRDImages/as/original/2015_300_10_Burke_website.jpg,https://images.metmuseum.org/CRDImages/as/web-large/2015_300_10_Burke_website.jpg,False,,unknown_or_unattributed
39901,Night-Shining White,Asian Art,https://images.metmuseum.org/CRDImages/as/original/DP153705.jpg,https://images.metmuseum.org/CRDImages/as/web-large/DP153705.jpg,True,unknown,named_attribution
701293,Poems from the Pavilion of True Meaning,Asian Art,https://images.metmuseum.org/CRDImages/as/original/DP-13240-001.jpg,https://images.metmuseum.org/CRDImages/as/web-large/DP-13240-001.jpg,True,unknown,named_attribution
53002,"Shino Tea Bowl with Bridge and Shrine, Known as “Bridge of the Gods” (Shinkyō)",Asian Art,https://images.metmuseum.org/CRDImages/as/original/LC-2015_300_271_001.jpg,https://images.metmuseum.org/CRDImages/as/web-large/LC-2015_300_271_001.jpg,False,,unknown_or_unattributed
39931,Landscapes,Asian Art,https://images.metmuseum.org/CRDImages/as/original/DP160517.jpg,https://images.metmuseum.org/CRDImages/as/web-large/DP160517.jpg,True,unknown,named_attribution
857949,“Magic Fountain” ewer,Asian Art,https://images.metmuseum.org/CRDImages/as/original/DP-28519-001.jpg,https://images.metmuseum.org/CRDImages/as/web-large/DP-28519-001.jpg,False,,unknown_or_unattributed
45258,Bamboo in the Four Seasons,Asian Art,https://images.metmuseum.org/CRDImages/as/original/DT1607.jpg,https://images.metmuseum.org/CRDImages/as/web-large/DT1607.jpg,True,unknown,named_attribution
53222,Musk Cat,Asian Art,https://images.metmuseum.org/CRDImages/as/original/DP361166.jpg,https://images.metmuseum.org/CRDImages/as/web-large/DP361166.jpg,True,male,named_attribution
44918,Rough Waves,Asian Art,https://images.metmuseum.org/CRDImages/as/original/DT1615.jpg,https://images.metmuseum.org/CRDImages/as/web-large/DT1615.jpg,True,unknown,named_attribution
73159,Portrait of Li Xiangjun,Asian Art,https://images.metmuseum.org/CRDImages/as/original/DP146997.jpg,https://images.metmuseum.org/CRDImages/as/web-large/DP146997.jpg,True,unknown,named_attribution
38006,Portrait of the Indian Monk Atisha,Asian Art,https://images.metmuseum.org/CRDImages/as/original/DP-42256-001.jpg,https://images.metmuseum.org/CRDImages/as/web-large/DP-42256-001.jpg,False,,unknown_or_unattributed
816189,"”Abiding nowhere, the awakened mind arises”",Asian Art,https://images.metmuseum.org/CRDImages/as/original/DP-17101-002.jpg,https://images.metmuseum.org/CRDImages/as/web-large/DP-17101-002.jpg,True,unknown,named_attribution
53408,White Plum Blossoms and Moon,Asian Art,https://images.metmuseum.org/CRDImages/as/original/DP-12232-273.jpg,https://images.metmuseum.org/CRDImages/as/web-large/DP-12232-273.jpg,True,unknown,named_attribution
53439,Women on a Bridge Tossing Fans into a River,Asian Art,https://images.metmuseum.org/CRDImages/as/original/DP704960.jpg,https://images.metmuseum.org/CRDImages/as/web-large/DP704960.jpg,False,,unknown_or_unattributed
53449,Six Jewel Rivers from Various Provinces,Asian Art,https://images.metmuseum.org/CRDImages/as/original/DP-13180-023.jpg,https://images.metmuseum.org/CRDImages/as/web-large/DP-13180-023.jpg,True,unknown,named_attribution
53429,Cherry Blossom Viewing at Itsukushima and Yoshino,Asian Art,https://images.metmuseum.org/CRDImages/as/original/DP362588.jpg,https://images.metmuseum.org/CRDImages/as/web-large/DP362588.jpg,False,,unknown_or_unattributed
53241,Willows and Bridge,Asian Art,https://images.metmuseum.org/CRDImages/as/original/DP362575.jpg,https://images.metmuseum.org/CRDImages/as/web-large/DP362575.jpg,False,,unknown_or_unattributed
36131,Landscapes with poems,Asian Art,https://images.metmuseum.org/CRDImages/as/original/1981_4_1a.jpg,https://images.metmuseum.org/CRDImages/as/web-large/1981_4_1a.jpg,True,unknown,named_attribution
76084,The Bodhisattva Jizō,Asian Art,https://images.metmuseum.org/CRDImages/as/original/DP-14364-001.jpg,https://images.metmuseum.org/CRDImages/as/web-large/DP-14364-001.jpg,True,unknown,named_attribution
53162,Tobatsu Bishamonten,Asian Art,https://images.metmuseum.org/CRDImages/as/original/DP-27915-006.jpg,https://images.metmuseum.org/CRDImages/as/web-large/DP-27915-006.jpg,False,,unknown_or_unattributed
39668,"Old Trees, Level Distance",Asian Art,https://images.metmuseum.org/CRDImages/as/original/DP167812_CRD.jpg,https://images.metmuseum.org/CRDImages/as/web-large/DP167812_CRD.jpg,True,unknown,named_attribution
53187,Kasuga Deer Mandala (Kasuga shika mandara zu),Asian Art,https://images.metmuseum.org/CRDImages/as/original/DP361152.jpg,https://images.metmuseum.org/CRDImages/as/web-large/DP361152.jpg,False,,unknown_or_unattributed
57206,Flower Baskets and Farmer's Hat,Asian Art,https://images.metmuseum.org/CRDImages/as/original/DP205543.jpg,https://images.metmuseum.org/CRDImages/as/web-large/DP205543.jpg,True,unknown,named_attribution
37904,Krishna Steals the Gopis’ Clothing: Page from a Dispersed Bhagavata Purana Manuscript,Asian Art,https://images.metmuseum.org/CRDImages/as/original/1984_476_recto.jpg,https://images.metmuseum.org/CRDImages/as/web-large/1984_476_recto.jpg,False,,unknown_or_unattributed
54791,Amida Manifesting in the Dharma-body of Expedient Means,Asian Art,https://images.metmuseum.org/CRDImages/as/original/18_146_1_O4_sf.JPG,https://images.metmuseum.org/CRDImages/as/web-large/18_146_1_O4_sf.JPG,False,,unknown_or_unattributed
40080,Fragrant Snow at Broken Bridge,Asian Art,https://images.metmuseum.org/CRDImages/as/original/DP258037.jpg,https://images.metmuseum.org/CRDImages/as/web-large/DP258037.jpg,True,unknown,named_attribution
53458,Lingering Rain over Half the Village,Asian Art,https://images.metmuseum.org/CRDImages/as/original/DP-12232-210.jpg,https://images.metmuseum.org/CRDImages/as/web-large/DP-12232-210.jpg,True,unknown,named_attribution
53167,Flying Apsaras (Hiten),Asian Art,https://images.metmuseum.org/CRDImages/as/original/2015_300_251a_Burke_website.jpg,https://images.metmuseum.org/CRDImages/as/web-large/2015_300_251a_Burke_website.jpg,False,,unknown_or_unattributed
888663,Handscroll of Ten Homoerotic (Nanshoku) Scenes,Asian Art,https://images.metmuseum.org/CRDImages/as/original/DP-24890-002.jpg,https://images.metmuseum.org/CRDImages/as/web-large/DP-24890-002.jpg,True,unknown,named_attribution
36436,Landscapes,Asian Art,https://images.metmuseum.org/CRDImages/as/original/DP162771.jpg,https://images.metmuseum.org/CRDImages/as/web-large/DP162771.jpg,True,unknown,named_attribution
44634,Drunken Asaina,Asian Art,https://images.metmuseum.org/CRDImages/as/original/DP-24853-002.jpg,https://images.metmuseum.org/CRDImages/as/web-large/DP-24853-002.jpg,True,unknown,named_attribution
49467,Cat and Butterfly,Asian Art,https://images.metmuseum.org/CRDImages/as/original/DP-30286-002.jpg,https://images.metmuseum.org/CRDImages/as/web-large/DP-30286-002.jpg,True,unknown,named_attribution
53427,Six Jewel Rivers,Asian Art,https://images.metmuseum.org/CRDImages/as/original/DT372445.jpg,https://images.metmuseum.org/CRDImages/as/web-large/DT372445.jpg,True,unknown,named_attribution
752005,"Welcoming Descent of Amida, the Buddha of Infinite Light, and His Holy Retinue",Asian Art,https://images.metmuseum.org/CRDImages/as/original/DP-16218-019.jpg,https://images.metmuseum.org/CRDImages/as/web-large/DP-16218-019.jpg,True,unknown,named_attribution
59025,Pavilion amongst Wintry Trees after Ni Zan,Asian Art,https://images.metmuseum.org/CRDImages/as/original/2000_665_1.jpg,https://images.metmuseum.org/CRDImages/as/web-large/2000_665_1.jpg,True,unknown,named_attribution
860963,Mending clothes by daylight,Asian Art,https://images.metmuseum.org/CRDImages/as/original/DP-24412-002.jpg,https://images.metmuseum.org/CRDImages/as/web-large/DP-24412-002.jpg,True,unknown,named_attribution
41193,Crows in Old Trees,Asian Art,https://images.metmuseum.org/CRDImages/as/original/DP154100.jpg,https://images.metmuseum.org/CRDImages/as/web-large/DP154100.jpg,True,unknown,named_attribution
663886,Portrait of Yinyuan Longqi (Ingen Ryūki),Asian Art,https://images.metmuseum.org/CRDImages/as/original/DP355576.jpg,https://images.metmuseum.org/CRDImages/as/web-large/DP355576.jpg,True,unknown,named_attribution
49156,"The Kangxi Emperor's Southern Inspection Tour, Scroll Three: Ji'nan to Mount Tai",Asian Art,https://images.metmuseum.org/CRDImages/as/original/DP105303_CRD.jpg,https://images.metmuseum.org/CRDImages/as/web-large/DP105303_CRD.jpg,True,unknown,named_attribution
57363,Page of a Pilgrim’s Visiting Album,Asian Art,https://images.metmuseum.org/CRDImages/as/original/14_140_3_sf.jpg,https://images.metmuseum.org/CRDImages/as/web-large/14_140_3_sf.jpg,False,,unknown_or_unattributed
49177,Outing to Zhang Gong's Grotto,Asian Art,https://images.metmuseum.org/CRDImages/as/original/DP204906_CRD.jpg,https://images.metmuseum.org/CRDImages/as/web-large/DP204906_CRD.jpg,True,unknown,named_attribution
65555,Landscapes,Asian Art,https://images.metmuseum.org/CRDImages/as/original/DP164311.jpg,https://images.metmuseum.org/CRDImages/as/web-large/DP164311.jpg,True,unknown,named_attribution
49456,Herbaceous Peony,Asian Art,https://images.metmuseum.org/CRDImages/as/original/DP161405.jpg,https://images.metmuseum.org/CRDImages/as/web-large/DP161405.jpg,True,unknown,named_attribution
49187,Wangchuan Villa,Asian Art,https://images.metmuseum.org/CRDImages/as/original/DP214271_CRD.jpg,https://images.metmuseum.org/CRDImages/as/web-large/DP214271_CRD.jpg,True,unknown,named_attribution
705076,Drawings and Poems by Various Artists,Asian Art,https://images.metmuseum.org/CRDImages/as/original/DP-27349-002.jpg,https://images.metmuseum.org/CRDImages/as/web-large/DP-27349-002.jpg,True,unknown,named_attribution
49173,Returning Home,Asian Art,https://images.metmuseum.org/CRDImages/as/original/DP143725_CRD.jpg,https://images.metmuseum.org/CRDImages/as/web-large/DP143725_CRD.jpg,True,unknown,named_attribution
688517,Chōmeiji Temple Pilgrimage Mandala,Asian Art,https://images.metmuseum.org/CRDImages/as/original/DP-12438-003.jpg,https://images.metmuseum.org/CRDImages/as/web-large/DP-12438-003.jpg,False,,unknown_or_unattributed
49241,Ink bamboo,Asian Art,https://images.metmuseum.org/CRDImages/as/original/DP-36017-002.jpg,https://images.metmuseum.org/CRDImages/as/web-large/DP-36017-002.jpg,True,unknown,named_attribution
57344,White Poppies on Gold Ground,Asian Art,https://images.metmuseum.org/CRDImages/as/original/DP-27193-001.jpg,https://images.metmuseum.org/CRDImages/as/web-large/DP-27193-001.jpg,True,unknown,named_attribution
57805,"Random Sketches by Hokusai, Volume 12",Asian Art,https://images.metmuseum.org/CRDImages/as/original/JIB_112_Preface 1_sf.JPG,https://images.metmuseum.org/CRDImages/as/web-large/JIB_112_Preface 1_sf.JPG,True,unknown,named_attribution
41057,Woman Admiring Plum Blossoms at Night,Asian Art,https://images.metmuseum.org/CRDImages/as/original/DP114890.jpg,https://images.metmuseum.org/CRDImages/as/web-large/DP114890.jpg,True,unknown,named_attribution
57569,Picture Book of Crawling Creatures (The Insect Book) (Ehon mushi erami) 画本虫撰,Asian Art,https://images.metmuseum.org/CRDImages/as/original/JIB44a_005_crd.jpg,https://images.metmuseum.org/CRDImages/as/web-large/JIB44a_005_crd.jpg,True,unknown,named_attribution
57573,Statuette of Buddha Sitting on Engraved Throne,Asian Art,https://images.metmuseum.org/CRDImages/as/original/17_118_49_36907.jpg,https://images.metmuseum.org/CRDImages/as/web-large/17_118_49_36907.jpg,False,,unknown_or_unattributed
459028,Portrait of Alvise Contarini(?); (verso) A Tethered Roebuck,Robert Lehman Collection,https://images.metmuseum.org/CRDImages/rl/original/DP221485.jpg,https://images.metmuseum.org/CRDImages/rl/web-large/DP221485.jpg,True,unknown,named_attribution
459254,Self-portrait,Robert Lehman Collection,https://images.metmuseum.org/CRDImages/rl/original/DT3622.jpg,https://images.metmuseum.org/CRDImages/rl/web-large/DT3622.jpg,True,male,named_attribution
459249,"Tabernacle House Altar with the Adoration of the Shepherds, the Adoration of the Magi, and the Annunciation.",Robert Lehman Collection,https://images.metmuseum.org/CRDImages/rl/original/SLP1558-1.jpg,https://images.metmuseum.org/CRDImages/rl/web-large/SLP1558-1.jpg,True,male,named_attribution
459027,"Portrait of a Woman, Possibly a Nun of San Secondo; (verso) Scene in Grisaille",Robert Lehman Collection,https://images.metmuseum.org/CRDImages/rl/original/DP221483.jpg,https://images.metmuseum.org/CRDImages/rl/web-large/DP221483.jpg,True,unknown,named_attribution
459080,Erasmus of Rotterdam,Robert Lehman Collection,https://images.metmuseum.org/CRDImages/rl/original/DP164857.jpg,https://images.metmuseum.org/CRDImages/rl/web-large/DP164857.jpg,True,male,named_attribution
458967,Saint Anthony the Abbot in the Wilderness,Robert Lehman Collection,https://images.metmuseum.org/CRDImages/rl/original/DP319194.jpg,https://images.metmuseum.org/CRDImages/rl/web-large/DP319194.jpg,True,unknown,named_attribution
459061,"Christ Carrying the Cross, with the Crucifixion; The Resurrection, with the Pilgrims of Emmaus",Robert Lehman Collection,https://images.metmuseum.org/CRDImages/rl/original/DT1472.jpg,https://images.metmuseum.org/CRDImages/rl/web-large/DT1472.jpg,True,male,named_attribution
458979,Madonna and Child,Robert Lehman Collection,https://images.metmuseum.org/CRDImages/rl/original/DT3028.jpg,https://images.metmuseum.org/CRDImages/rl/web-large/DT3028.jpg,True,unknown,named_attribution
459055,The Annunciation,Robert Lehman Collection,https://images.metmuseum.org/CRDImages/rl/original/DP-40424-001.jpg,https://images.metmuseum.org/CRDImages/rl/web-large/DP-40424-001.jpg,True,male,named_attribution
458971,The Creation of the World and the Expulsion from Paradise,Robert Lehman Collection,https://images.metmuseum.org/CRDImages/rl/original/DP-40104-001.jpg,https://images.metmuseum.org/CRDImages/rl/web-large/DP-40104-001.jpg,True,male,named_attribution
459062,Archangel Gabriel; The Virgin Annunciate,Robert Lehman Collection,https://images.metmuseum.org/CRDImages/rl/original/DT3083.jpg,https://images.metmuseum.org/CRDImages/rl/web-large/DT3083.jpg,True,male,named_attribution
459008,The Crucified Christ between the Virgin and Saint John the Evangelist,Robert Lehman Collection,https://images.metmuseum.org/CRDImages/rl/original/DT3047.jpg,https://images.metmuseum.org/CRDImages/rl/web-large/DT3047.jpg,True,male,named_attribution
458972,Madonna and Child with Saints Jerome and Agnes,Robert Lehman Collection,https://images.metmuseum.org/CRDImages/rl/original/DT3023.jpg,https://images.metmuseum.org/CRDImages/rl/web-large/DT3023.jpg,True,male,named_attribution
458998,The Assumption of the Virgin,Robert Lehman Collection,https://images.metmuseum.org/CRDImages/rl/original/DP-13487-001.jpg,https://images.metmuseum.org/CRDImages/rl/web-large/DP-13487-001.jpg,True,male,named_attribution
458964,Madonna and Child Enthroned with Two Donors,Robert Lehman Collection,https://images.metmuseum.org/CRDImages/rl/original/DP-32063-001.jpg,https://images.metmuseum.org/CRDImages/rl/web-large/DP-32063-001.jpg,True,unknown,named_attribution
459133,The Adoration of the Magi,Robert Lehman Collection,https://images.metmuseum.org/CRDImages/rl/original/DP-25504-001.jpg,https://images.metmuseum.org/CRDImages/rl/web-large/DP-25504-001.jpg,True,unknown,named_attribution
459253,Holy Face,Robert Lehman Collection,https://images.metmuseum.org/CRDImages/rl/original/DT3621.jpg,https://images.metmuseum.org/CRDImages/rl/web-large/DT3621.jpg,True,male,named_attribution
458978,Coronation of the Virgin,Robert Lehman Collection,https://images.metmuseum.org/CRDImages/rl/original/DT708.jpg,https://images.metmuseum.org/CRDImages/rl/web-large/DT708.jpg,True,male,named_attribution
459065,Virgin and Child,Robert Lehman Collection,https://images.metmuseum.org/CRDImages/rl/original/DT3087.jpg,https://images.metmuseum.org/CRDImages/rl/web-large/DT3087.jpg,True,unknown,named_attribution
459136,Madonna and Child,Robert Lehman Collection,https://images.metmuseum.org/CRDImages/rl/original/DP-29454-001.jpg,https://images.metmuseum.org/CRDImages/rl/web-large/DP-29454-001.jpg,True,female,named_attribution
459016,The Annunciation,Robert Lehman Collection,https://images.metmuseum.org/CRDImages/rl/original/DP267397.jpg,https://images.metmuseum.org/CRDImages/rl/web-large/DP267397.jpg,True,unknown,named_attribution
458953,Saint Ansanus,Robert Lehman Collection,https://images.metmuseum.org/CRDImages/rl/original/DP-29455-001.jpg,https://images.metmuseum.org/CRDImages/rl/web-large/DP-29455-001.jpg,True,female,named_attribution
458970,Saint Ambrose,Robert Lehman Collection,https://images.metmuseum.org/CRDImages/rl/original/DT3022.jpg,https://images.metmuseum.org/CRDImages/rl/web-large/DT3022.jpg,True,male,named_attribution
459079,Mary of Burgundy,Robert Lehman Collection,https://images.metmuseum.org/CRDImages/rl/original/DP164856.jpg,https://images.metmuseum.org/CRDImages/rl/web-large/DP164856.jpg,True,unknown,named_attribution
459053,Virgin and Child,Robert Lehman Collection,https://images.metmuseum.org/CRDImages/rl/original/DT3076.jpg,https://images.metmuseum.org/CRDImages/rl/web-large/DT3076.jpg,True,male,named_attribution
459007,The Nativity,Robert Lehman Collection,https://images.metmuseum.org/CRDImages/rl/original/DT709.jpg,https://images.metmuseum.org/CRDImages/rl/web-large/DT709.jpg,True,male,named_attribution
459071,Portrait of a Woman,Robert Lehman Collection,https://images.metmuseum.org/CRDImages/rl/original/SLP0129.jpg,https://images.metmuseum.org/CRDImages/rl/web-large/SLP0129.jpg,True,unknown,named_attribution
459073,Virgin and Child with a Dragonfly,Robert Lehman Collection,https://images.metmuseum.org/CRDImages/rl/original/DT3093.jpg,https://images.metmuseum.org/CRDImages/rl/web-large/DT3093.jpg,True,unknown,named_attribution
458963,"Madonna and Child Enthroned with Saint John the Evangelist, Saint Peter, Saint Agnes, Saint Catherine of Alexandria, Saint Lucy, an Unidentified Female Saint, Saint Paul, and Saint John the Baptist, with Eve and the Serpent; the Annunciation",Robert Lehman Collection,https://images.metmuseum.org/CRDImages/rl/original/DT3014.jpg,https://images.metmuseum.org/CRDImages/rl/web-large/DT3014.jpg,True,male,named_attribution
459057,Saint Christopher and the Infant Christ,Robert Lehman Collection,https://images.metmuseum.org/CRDImages/rl/original/DP-26610-001.jpg,https://images.metmuseum.org/CRDImages/rl/web-large/DP-26610-001.jpg,True,unknown,named_attribution
459058,The Adoration of the Christ Child,Robert Lehman Collection,https://images.metmuseum.org/CRDImages/rl/original/DT1463.jpg,https://images.metmuseum.org/CRDImages/rl/web-large/DT1463.jpg,True,unknown,named_attribution
459078,Nymph of the Spring,Robert Lehman Collection,https://images.metmuseum.org/CRDImages/rl/original/DP159773.jpg,https://images.metmuseum.org/CRDImages/rl/web-large/DP159773.jpg,True,male,named_attribution
459257,Saint Michael,Robert Lehman Collection,https://images.metmuseum.org/CRDImages/rl/original/DP366034.jpg,https://images.metmuseum.org/CRDImages/rl/web-large/DP366034.jpg,True,male,named_attribution
459134,Madonna and Child,Robert Lehman Collection,https://images.metmuseum.org/CRDImages/rl/original/LC-1975_1_010_001.jpg,https://images.metmuseum.org/CRDImages/rl/web-large/LC-1975_1_010_001.jpg,True,unknown,named_attribution
458981,Madonna and Child Enthroned with Two Cherubim,Robert Lehman Collection,https://images.metmuseum.org/CRDImages/rl/original/DT3030.jpg,https://images.metmuseum.org/CRDImages/rl/web-large/DT3030.jpg,True,unknown,named_attribution
459005,The Crucifixion,Robert Lehman Collection,https://images.metmuseum.org/CRDImages/rl/original/DT3046.jpg,https://images.metmuseum.org/CRDImages/rl/web-large/DT3046.jpg,True,female,named_attribution
459059,The Holy Family,Robert Lehman Collection,https://images.metmuseum.org/CRDImages/rl/original/DT3079.jpg,https://images.metmuseum.org/CRDImages/rl/web-large/DT3079.jpg,True,unknown,named_attribution
458954,Saint Mary Magdalen,Robert Lehman Collection,https://images.metmuseum.org/CRDImages/rl/original/DP-14829-001.jpg,https://images.metmuseum.org/CRDImages/rl/web-large/DP-14829-001.jpg,True,unknown,named_attribution
459186,Study for the Equestrian Monument to Francesco Sforza,Robert Lehman Collection,https://images.metmuseum.org/CRDImages/rl/original/DP324215.jpg,https://images.metmuseum.org/CRDImages/rl/web-large/DP324215.jpg,True,male,named_attribution
458958,Head of the Virgin,Robert Lehman Collection,https://images.metmuseum.org/CRDImages/rl/original/DP293275.jpg,https://images.metmuseum.org/CRDImages/rl/web-large/DP293275.jpg,True,male,named_attribution
458969,The Virgin Annunciate,Robert Lehman Collection,https://images.metmuseum.org/CRDImages/rl/original/DP267396.jpg,https://images.metmuseum.org/CRDImages/rl/web-large/DP267396.jpg,True,female,named_attribution
459064,Adoration of the Magi,Robert Lehman Collection,https://images.metmuseum.org/CRDImages/rl/original/DT3085.jpg,https://images.metmuseum.org/CRDImages/rl/web-large/DT3085.jpg,True,unknown,named_attribution
459582,The Holy Virgins Greeted by Christ as They Enter the Gates of Paradise,Robert Lehman Collection,https://images.metmuseum.org/CRDImages/rl/original/DT3614.jpg,https://images.metmuseum.org/CRDImages/rl/web-large/DT3614.jpg,True,male,named_attribution
459001,Madonna Adoring the Child,Robert Lehman Collection,https://images.metmuseum.org/CRDImages/rl/original/DP318246.jpg,https://images.metmuseum.org/CRDImages/rl/web-large/DP318246.jpg,True,unknown,named_attribution
459227,Emperor Vespasian Cured by Veronica's Veil,Robert Lehman Collection,https://images.metmuseum.org/CRDImages/rl/original/DP-14326-001.jpg,https://images.metmuseum.org/CRDImages/rl/web-large/DP-14326-001.jpg,False,,unknown_or_unattributed
720984,Model for a medal of Francesco Redi; a Ship at Sea,Robert Lehman Collection,https://images.metmuseum.org/CRDImages/rl/original/SLP1320b.jpg,https://images.metmuseum.org/CRDImages/rl/web-large/SLP1320b.jpg,True,male,named_attribution
917782,"[Merchants' Carnival Portrait: Hiram Jennings Fancy Groceries, Moberly, Missouri]",Photographs,https://images.metmuseum.org/CRDImages/ph/original/DP-43423-235.jpg,https://images.metmuseum.org/CRDImages/ph/web-large/DP-43423-235.jpg,True,unknown,named_attribution
623038,"Figure 20: Profound suffering, with resignation",Photographs,https://images.metmuseum.org/CRDImages/ph/original/DP304445.jpg,https://images.metmuseum.org/CRDImages/ph/web-large/DP304445.jpg,True,unknown,named_attribution
474336,Portable Icon with the Virgin Eleousa,Medieval Art,https://images.metmuseum.org/CRDImages/md/original/DP-38912-001.jpg,https://images.metmuseum.org/CRDImages/md/web-large/DP-38912-001.jpg,False,,unknown_or_unattributed
464179,Triptych with the Coronation of the Virgin,Medieval Art,https://images.metmuseum.org/CRDImages/md/original/DP-33219-001.jpg,https://images.metmuseum.org/CRDImages/md/web-large/DP-33219-001.jpg,False,,unknown_or_unattributed
472562,The Fieschi Morgan Staurotheke,Medieval Art,https://images.metmuseum.org/CRDImages/md/original/DT119.jpg,https://images.metmuseum.org/CRDImages/md/web-large/DT119.jpg,False,,unknown_or_unattributed
463785,Enthroned Virgin and Child,Medieval Art,https://images.metmuseum.org/CRDImages/md/original/sf16-32-183s1.jpg,https://images.metmuseum.org/CRDImages/md/web-large/sf16-32-183s1.jpg,False,,unknown_or_unattributed
478665,Four Gospels in Armenian,Medieval Art,https://images.metmuseum.org/CRDImages/md/original/DP228809.jpg,https://images.metmuseum.org/CRDImages/md/web-large/DP228809.jpg,False,,unknown_or_unattributed
477499,Jaharis Byzantine Lectionary,Medieval Art,https://images.metmuseum.org/CRDImages/md/original/DP160636.jpg,https://images.metmuseum.org/CRDImages/md/web-large/DP160636.jpg,False,,unknown_or_unattributed
464447,Prayer Bead with the Crucifixion and Jesus before Pilate,Medieval Art,https://images.metmuseum.org/CRDImages/md/original/DP371971.jpg,https://images.metmuseum.org/CRDImages/md/web-large/DP371971.jpg,False,,unknown_or_unattributed
464251,Diptych with Scenes from the Lives of Jesus and Mary,Medieval Art,https://images.metmuseum.org/CRDImages/md/original/sf17-190-251s1.jpg,https://images.metmuseum.org/CRDImages/md/web-large/sf17-190-251s1.jpg,False,,unknown_or_unattributed
469960,Fragment of a Floor Mosaic with a Personification of Ktisis,Medieval Art,https://images.metmuseum.org/CRDImages/md/original/DP-37759-001.jpg,https://images.metmuseum.org/CRDImages/md/web-large/DP-37759-001.jpg,False,,unknown_or_unattributed
464294,Virgin and Child,Medieval Art,https://images.metmuseum.org/CRDImages/md/original/DP-34069-001.jpg,https://images.metmuseum.org/CRDImages/md/web-large/DP-34069-001.jpg,False,,unknown_or_unattributed
464483,Chasse with the Crucifixion and Christ in Majesty,Medieval Art,https://images.metmuseum.org/CRDImages/md/original/DT128.jpg,https://images.metmuseum.org/CRDImages/md/web-large/DT128.jpg,False,,unknown_or_unattributed
463795,Virgin and Child in Majesty,Medieval Art,https://images.metmuseum.org/CRDImages/md/original/DP212268.jpg,https://images.metmuseum.org/CRDImages/md/web-large/DP212268.jpg,False,,unknown_or_unattributed
701436,Plaques with Scenes from the Story of Joshua,Medieval Art,https://images.metmuseum.org/CRDImages/md/original/DT157.jpg,https://images.metmuseum.org/CRDImages/md/web-large/DT157.jpg,False,,unknown_or_unattributed
464148,Virgin and Child,Medieval Art,https://images.metmuseum.org/CRDImages/md/original/sf17-190-191abs1.jpg,https://images.metmuseum.org/CRDImages/md/web-large/sf17-190-191abs1.jpg,False,,unknown_or_unattributed
464018,Plaque with Scenes from the Story of Joshua,Medieval Art,https://images.metmuseum.org/CRDImages/md/original/LC_17_190_137a-cs_1.jpg,https://images.metmuseum.org/CRDImages/md/web-large/LC_17_190_137a-cs_1.jpg,False,,unknown_or_unattributed
464453,"Altarpiece with the Lives of Jesus, Saint John the Baptist, and Saint John the Evangelist",Medieval Art,https://images.metmuseum.org/CRDImages/md/original/sf17-190-489s01a.jpg,https://images.metmuseum.org/CRDImages/md/web-large/sf17-190-489s01a.jpg,True,male,named_attribution
464273,Diptych with the Adoration of the Magi and the Vera Icon (True Image),Medieval Art,https://images.metmuseum.org/CRDImages/md/original/DP-33217-001.jpg,https://images.metmuseum.org/CRDImages/md/web-large/DP-33217-001.jpg,False,,unknown_or_unattributed
464278,Triptych,Medieval Art,https://images.metmuseum.org/CRDImages/md/original/DP142954.jpg,https://images.metmuseum.org/CRDImages/md/web-large/DP142954.jpg,False,,unknown_or_unattributed
467367,Virgin and Child,Medieval Art,https://images.metmuseum.org/CRDImages/md/original/DP324357.jpg,https://images.metmuseum.org/CRDImages/md/web-large/DP324357.jpg,False,,unknown_or_unattributed
468372,"The Three Magi, from an Adoration Group",Medieval Art,https://images.metmuseum.org/CRDImages/md/original/DP330356.jpg,https://images.metmuseum.org/CRDImages/md/web-large/DP330356.jpg,True,male,named_attribution
464161,Folding Devotional Shrine with Scenes from Christ's Passion,Medieval Art,https://images.metmuseum.org/CRDImages/md/original/DP-29452-001.jpg,https://images.metmuseum.org/CRDImages/md/web-large/DP-29452-001.jpg,False,,unknown_or_unattributed
464295,Enthroned Virgin and Child,Medieval Art,https://images.metmuseum.org/CRDImages/md/original/LC_17_190_296_s05.jpg,https://images.metmuseum.org/CRDImages/md/web-large/LC_17_190_296_s05.jpg,False,,unknown_or_unattributed
464169,Diptych with Scenes from the Passion,Medieval Art,https://images.metmuseum.org/CRDImages/md/original/DP268299.jpg,https://images.metmuseum.org/CRDImages/md/web-large/DP268299.jpg,False,,unknown_or_unattributed
464137,Virgin and Child,Medieval Art,https://images.metmuseum.org/CRDImages/md/original/DP-38911-001.jpg,https://images.metmuseum.org/CRDImages/md/web-large/DP-38911-001.jpg,False,,unknown_or_unattributed
468339,Diptych with Scenes from the Passion of Jesus,Medieval Art,https://images.metmuseum.org/CRDImages/md/original/sf50-195s1.jpg,https://images.metmuseum.org/CRDImages/md/web-large/sf50-195s1.jpg,False,,unknown_or_unattributed
464118,Crozier Head with Double Enthroned Christ,Medieval Art,https://images.metmuseum.org/CRDImages/md/original/sf17-190-171s6.jpg,https://images.metmuseum.org/CRDImages/md/web-large/sf17-190-171s6.jpg,False,,unknown_or_unattributed
479089,Mirror Case with scenes of paired lovers,Medieval Art,https://images.metmuseum.org/CRDImages/md/original/DP-28311_001.jpg,https://images.metmuseum.org/CRDImages/md/web-large/DP-28311_001.jpg,False,,unknown_or_unattributed
464272,Diptych with Scenes from the Passion,Medieval Art,https://images.metmuseum.org/CRDImages/md/original/sf17-190-273s3.jpg,https://images.metmuseum.org/CRDImages/md/web-large/sf17-190-273s3.jpg,False,,unknown_or_unattributed
468350,Case (étui) with an amorous inscription,Medieval Art,https://images.metmuseum.org/CRDImages/md/original/DP154235.jpg,https://images.metmuseum.org/CRDImages/md/web-large/DP154235.jpg,False,,unknown_or_unattributed
464441,Half of a Prayer Bead with the Lamentation,Medieval Art,https://images.metmuseum.org/CRDImages/md/original/DP371012.jpg,https://images.metmuseum.org/CRDImages/md/web-large/DP371012.jpg,False,,unknown_or_unattributed
464132,Right Leaf of a Diptych,Medieval Art,https://images.metmuseum.org/CRDImages/md/original/sf17-190-176s1.jpg,https://images.metmuseum.org/CRDImages/md/web-large/sf17-190-176s1.jpg,False,,unknown_or_unattributed
464440,Half of a Prayer Bead with the Prayer of the Rosary,Medieval Art,https://images.metmuseum.org/CRDImages/md/original/DP371010.jpg,https://images.metmuseum.org/CRDImages/md/web-large/DP371010.jpg,False,,unknown_or_unattributed
464292,Diptych with the Glorification of the Virgin and the Crucifixion,Medieval Art,https://images.metmuseum.org/CRDImages/md/original/sf17-190-293s1.jpg,https://images.metmuseum.org/CRDImages/md/web-large/sf17-190-293s1.jpg,False,,unknown_or_unattributed
464155,Diptych with the Glorification of the Virgin and the Crucifixion,Medieval Art,https://images.metmuseum.org/CRDImages/md/original/LC_17_190_198_s01.jpg,https://images.metmuseum.org/CRDImages/md/web-large/LC_17_190_198_s01.jpg,False,,unknown_or_unattributed
464136,"Box with scenes from the Romance, ""The Chatelaine of Vergy""",Medieval Art,https://images.metmuseum.org/CRDImages/md/original/sf17-190-180s7.jpg,https://images.metmuseum.org/CRDImages/md/web-large/sf17-190-180s7.jpg,False,,unknown_or_unattributed
467475,Leaf from a Diptych with the Adoration of the Magi,Medieval Art,https://images.metmuseum.org/CRDImages/md/original/sf32-100-205s1.jpg,https://images.metmuseum.org/CRDImages/md/web-large/sf32-100-205s1.jpg,False,,unknown_or_unattributed
464253,Folding Shrine with Virgin and Child,Medieval Art,https://images.metmuseum.org/CRDImages/md/original/sf17-190-253s1.jpg,https://images.metmuseum.org/CRDImages/md/web-large/sf17-190-253s1.jpg,False,,unknown_or_unattributed
468254,Manuscript Illumination with Adoration of the Magi,Medieval Art,https://images.metmuseum.org/CRDImages/md/original/DT11895.jpg,https://images.metmuseum.org/CRDImages/md/web-large/DT11895.jpg,True,unknown,named_attribution
468624,Stole with the Martyrdom of St. Catherine,Medieval Art,https://images.metmuseum.org/CRDImages/md/original/DT201074.jpg,https://images.metmuseum.org/CRDImages/md/web-large/DT201074.jpg,False,,unknown_or_unattributed
464016,Panel from an Ivory Casket with Scenes of the Story of Joshua,Medieval Art,https://images.metmuseum.org/CRDImages/md/original/LC_17_190_135a-ds_1.jpg,https://images.metmuseum.org/CRDImages/md/web-large/LC_17_190_135a-ds_1.jpg,False,,unknown_or_unattributed
467421,Leaf from a Manuscript of Valerius Maximus,Medieval Art,https://images.metmuseum.org/CRDImages/md/original/DT5143.jpg,https://images.metmuseum.org/CRDImages/md/web-large/DT5143.jpg,True,unknown,named_attribution
467694,Folding Shrine with Virgin and Child,Medieval Art,https://images.metmuseum.org/CRDImages/md/original/sf41-100-122s2.jpg,https://images.metmuseum.org/CRDImages/md/web-large/sf41-100-122s2.jpg,False,,unknown_or_unattributed
464157,"Diptych with the Entry into Jerusalem, Crucifixion, Entombment, and Resurrection",Medieval Art,https://images.metmuseum.org/CRDImages/md/original/sf17-190-200s1c.jpg,https://images.metmuseum.org/CRDImages/md/web-large/sf17-190-200s1c.jpg,False,,unknown_or_unattributed
464017,Casket Plaque,Medieval Art,https://images.metmuseum.org/CRDImages/md/original/LC_17_190_136a-cs_1.jpg,https://images.metmuseum.org/CRDImages/md/web-large/LC_17_190_136a-cs_1.jpg,False,,unknown_or_unattributed
464087,Circular Box (Pyxis) with Scenes from the Infancy of Jesus,Medieval Art,https://images.metmuseum.org/CRDImages/md/original/sf17-190-168s1.jpg,https://images.metmuseum.org/CRDImages/md/web-large/sf17-190-168s1.jpg,False,,unknown_or_unattributed
468640,Plate with Wife Beating Husband,Medieval Art,https://images.metmuseum.org/CRDImages/md/original/DP123979.jpg,https://images.metmuseum.org/CRDImages/md/web-large/DP123979.jpg,False,,unknown_or_unattributed
464268,Diptych with the Passion of Jesus,Medieval Art,https://images.metmuseum.org/CRDImages/md/original/sf17-190-269s1.jpg,https://images.metmuseum.org/CRDImages/md/web-large/sf17-190-269s1.jpg,False,,unknown_or_unattributed
464264,Leaf from a Diptych,Medieval Art,https://images.metmuseum.org/CRDImages/md/original/sf17-190-265s1.jpg,https://images.metmuseum.org/CRDImages/md/web-large/sf17-190-265s1.jpg,False,,unknown_or_unattributed
464133,"Box with Scenes from the Romance, “The Chatelaine de Vergy”",Medieval Art,https://images.metmuseum.org/CRDImages/md/original/sf17-190-177abs5.jpg,https://images.metmuseum.org/CRDImages/md/web-large/sf17-190-177abs5.jpg,False,,unknown_or_unattributed
467731,Box with Standing Saints,Medieval Art,https://images.metmuseum.org/CRDImages/md/original/sf41-100-158s5.jpg,https://images.metmuseum.org/CRDImages/md/web-large/sf41-100-158s5.jpg,False,,unknown_or_unattributed
467643,Leaf of a Writing Tablet,Medieval Art,https://images.metmuseum.org/CRDImages/md/original/DP318278.jpg,https://images.metmuseum.org/CRDImages/md/web-large/DP318278.jpg,False,,unknown_or_unattributed
467685,Cameo with the Archangel Michael,Medieval Art,https://images.metmuseum.org/CRDImages/md/original/DP157960.jpg,https://images.metmuseum.org/CRDImages/md/web-large/DP157960.jpg,False,,unknown_or_unattributed
466085,"Capital with Angels Holding the Veil of Saint Veronica, with a Column",Medieval Art,https://images.metmuseum.org/CRDImages/md/original/MED47.jpg,https://images.metmuseum.org/CRDImages/md/web-large/MED47.jpg,False,,unknown_or_unattributed
464125,Box with Romance Scenes,Medieval Art,https://images.metmuseum.org/CRDImages/md/original/DT229473.jpg,https://images.metmuseum.org/CRDImages/md/web-large/DT229473.jpg,False,,unknown_or_unattributed
464243,Fragments of a Crucifixion,Medieval Art,https://images.metmuseum.org/CRDImages/md/original/sf17-190-243s1.jpg,https://images.metmuseum.org/CRDImages/md/web-large/sf17-190-243s1.jpg,False,,unknown_or_unattributed
470298,Sword and Scabbard,Medieval Art,https://images.metmuseum.org/CRDImages/md/original/DT107.jpg,https://images.metmuseum.org/CRDImages/md/web-large/DT107.jpg,False,,unknown_or_unattributed
464699,Book Cover with Crucifixion Panel,Medieval Art,https://images.metmuseum.org/CRDImages/md/original/DP-33218-001.jpg,https://images.metmuseum.org/CRDImages/md/web-large/DP-33218-001.jpg,False,,unknown_or_unattributed
464289,Folding Shrine with Virgin and Child,Medieval Art,https://images.metmuseum.org/CRDImages/md/original/sf17-190-290s2.jpg,https://images.metmuseum.org/CRDImages/md/web-large/sf17-190-290s2.jpg,False,,unknown_or_unattributed
468062,Textile Fragment with Double-Headed Eagles,Medieval Art,https://images.metmuseum.org/CRDImages/md/original/DP-20643-001.jpg,https://images.metmuseum.org/CRDImages/md/web-large/DP-20643-001.jpg,False,,unknown_or_unattributed
477779,Limestone Head of Joseph,Medieval Art,https://images.metmuseum.org/CRDImages/md/original/DP151464.jpg,https://images.metmuseum.org/CRDImages/md/web-large/DP151464.jpg,False,,unknown_or_unattributed
466073,Right Wing of a Diptych with Crucifixion,Medieval Art,https://images.metmuseum.org/CRDImages/md/original/sf1981-476s1.jpg,https://images.metmuseum.org/CRDImages/md/web-large/sf1981-476s1.jpg,False,,unknown_or_unattributed
464130,Folding Shrine with the Virgin and Child,Medieval Art,https://images.metmuseum.org/CRDImages/md/original/sf17-190-174s1.jpg,https://images.metmuseum.org/CRDImages/md/web-large/sf17-190-174s1.jpg,False,,unknown_or_unattributed
464046,Box with Courting Couples,Medieval Art,https://images.metmuseum.org/CRDImages/md/original/sf17-190-163s6.jpg,https://images.metmuseum.org/CRDImages/md/web-large/sf17-190-163s6.jpg,False,,unknown_or_unattributed
464174,Virgin and Child,Medieval Art,https://images.metmuseum.org/CRDImages/md/original/sf17-190-210s1a.jpg,https://images.metmuseum.org/CRDImages/md/web-large/sf17-190-210s1a.jpg,False,,unknown_or_unattributed
464247,Mirror Case,Medieval Art,https://images.metmuseum.org/CRDImages/md/original/sf17-190-247s1.jpg,https://images.metmuseum.org/CRDImages/md/web-large/sf17-190-247s1.jpg,False,,unknown_or_unattributed
466251,Processional Cross,Medieval Art,https://images.metmuseum.org/CRDImages/md/original/DT121.jpg,https://images.metmuseum.org/CRDImages/md/web-large/DT121.jpg,False,,unknown_or_unattributed
474207,The Crucifixion,Medieval Art,https://images.metmuseum.org/CRDImages/md/original/DP145382.jpg,https://images.metmuseum.org/CRDImages/md/web-large/DP145382.jpg,False,,unknown_or_unattributed
466060,Steelyard Weight with a Bust of a Byzantine Empress and a Hook,Medieval Art,https://images.metmuseum.org/CRDImages/md/original/98T_cat67r4.jpg,https://images.metmuseum.org/CRDImages/md/web-large/98T_cat67r4.jpg,False,,unknown_or_unattributed
464256,Top Panel of a Box,Medieval Art,https://images.metmuseum.org/CRDImages/md/original/DP-15003-001.jpg,https://images.metmuseum.org/CRDImages/md/web-large/DP-15003-001.jpg,False,,unknown_or_unattributed
464352,Chalice,Medieval Art,https://images.metmuseum.org/CRDImages/md/original/sf17-190-372s2.jpg,https://images.metmuseum.org/CRDImages/md/web-large/sf17-190-372s2.jpg,False,,unknown_or_unattributed
473485,Gold Bracteate,Medieval Art,https://images.metmuseum.org/CRDImages/md/original/2001.583.jpg,https://images.metmuseum.org/CRDImages/md/web-large/2001.583.jpg,False,,unknown_or_unattributed
503046,Grand Pianoforte,Musical Instruments,https://images.metmuseum.org/CRDImages/mi/original/DP225545.jpg,https://images.metmuseum.org/CRDImages/mi/web-large/DP225545.jpg,True,unknown,named_attribution
501478,‘Gaillard’ Musette,Musical Instruments,https://images.metmuseum.org/CRDImages/mi/original/DP-29489-001.jpg,https://images.metmuseum.org/CRDImages/mi/web-large/DP-29489-001.jpg,False,,unknown_or_unattributed
501475,‘Gaillard’ Musette,Musical Instruments,https://images.metmuseum.org/CRDImages/mi/original/89.4.864 full.jpg,https://images.metmuseum.org/CRDImages/mi/web-large/89.4.864 full.jpg,True,unknown,named_attribution
503455,‘Gaillard’ Musette,Musical Instruments,https://images.metmuseum.org/CRDImages/mi/original/1994.296 full.jpg,https://images.metmuseum.org/CRDImages/mi/web-large/1994.296 full.jpg,True,unknown,named_attribution
624385,Viola,Musical Instruments,https://images.metmuseum.org/CRDImages/mi/original/DP318305.jpg,https://images.metmuseum.org/CRDImages/mi/web-large/DP318305.jpg,True,male,named_attribution
501476,‘Gaillard’ Musette,Musical Instruments,https://images.metmuseum.org/CRDImages/mi/original/DP-29490-001.jpg,https://images.metmuseum.org/CRDImages/mi/web-large/DP-29490-001.jpg,True,unknown,named_attribution
501054,Kaval,Musical Instruments,https://images.metmuseum.org/CRDImages/mi/original/midp89.4.436.jpg,https://images.metmuseum.org/CRDImages/mi/web-large/midp89.4.436.jpg,False,,unknown_or_unattributed
503651,Pipa (琵琶 ),Musical Instruments,https://images.metmuseum.org/CRDImages/mi/original/DP319739.jpg,https://images.metmuseum.org/CRDImages/mi/web-large/DP319739.jpg,False,,unknown_or_unattributed
505742,Harp Guitar,Musical Instruments,https://images.metmuseum.org/CRDImages/mi/original/DP159192.jpg,https://images.metmuseum.org/CRDImages/mi/web-large/DP159192.jpg,True,male,named_attribution
